{
  "shoulder_hip_ratio": 1.578721868758745,
  "waist_position": 0.541608452796936,
  "torso_ratio": 1.19538859014577,
  "shoulder_prominence": 0.17143939808011055,
  "hip_prominence": 0.08221081271767616
}