{
  "shoulder_hip_ratio": 1.7926384336431183,
  "waist_position": 0.5133760571479797,
  "torso_ratio": 1.2342482161710835,
  "shoulder_prominence": 0.31601278483867645,
  "hip_prominence": 0.17021723091602325
}