{
  "shoulder_hip_ratio": 1.7811232060055364,
  "waist_position": 0.5080264210700989,
  "torso_ratio": 1.2288271444132386,
  "shoulder_prominence": 0.08358748164027929,
  "hip_prominence": 0.053121160715818405
}