{
  "shoulder_hip_ratio": 1.9285670208370795,
  "waist_position": 0.4780454784631729,
  "torso_ratio": 1.1434335184650228,
  "shoulder_prominence": 0.06942114233970642,
  "hip_prominence": 0.011918699834495783
}