{
  "shoulder_hip_ratio": 1.5947894806163798,
  "waist_position": 0.528059720993042,
  "torso_ratio": 1.2262134156748543,
  "shoulder_prominence": 0.04433460533618927,
  "hip_prominence": 0.004890004638582468
}