{
  "shoulder_hip_ratio": 1.6741717384192596,
  "waist_position": 0.4710860848426819,
  "torso_ratio": 1.1763704785903035,
  "shoulder_prominence": 0.029787978157401085,
  "hip_prominence": 0.009298759512603283
}