{
  "shoulder_hip_ratio": 1.6757558082589736,
  "waist_position": 0.43438176810741425,
  "torso_ratio": 1.1162694127722574,
  "shoulder_prominence": 0.1358962421072647,
  "hip_prominence": 0.1064673587679863
}