{
  "shoulder_hip_ratio": 1.6822589120261247,
  "waist_position": 0.536452054977417,
  "torso_ratio": 1.1759984797003165,
  "shoulder_prominence": 0.02633266244083643,
  "hip_prominence": 0.004464807454496622
}