{
  "shoulder_hip_ratio": 1.8586898911471932,
  "waist_position": 0.47911298274993896,
  "torso_ratio": 1.220689729167369,
  "shoulder_prominence": 0.08271768689155579,
  "hip_prominence": 0.019108179956674576
}