{
  "shoulder_hip_ratio": 1.8112207660425408,
  "waist_position": 0.47232165932655334,
  "torso_ratio": 1.231167598586444,
  "shoulder_prominence": 0.05956333875656128,
  "hip_prominence": 0.012803235556930304
}