{
  "shoulder_hip_ratio": 1.5587623772032915,
  "waist_position": 0.47963814437389374,
  "torso_ratio": 1.2801584440262186,
  "shoulder_prominence": 0.11938518285751343,
  "hip_prominence": 0.023617632687091827
}