{
  "shoulder_hip_ratio": 1.635529814182953,
  "waist_position": 0.4789729714393616,
  "torso_ratio": 1.3179474818296484,
  "shoulder_prominence": 0.00920049473643303,
  "hip_prominence": 0.024724870920181274
}