{
  "shoulder_hip_ratio": 1.6412098814815215,
  "waist_position": 0.4868852496147156,
  "torso_ratio": 1.3658180391307517,
  "shoulder_prominence": 0.09540192782878876,
  "hip_prominence": 0.0835455060005188
}