{
  "shoulder_hip_ratio": 1.5685301963586717,
  "waist_position": 0.5080767422914505,
  "torso_ratio": 1.3308310290224166,
  "shoulder_prominence": 0.023078925907611847,
  "hip_prominence": 0.0034312770003452897
}