{
  "shoulder_hip_ratio": 2.153452396838061,
  "waist_position": 0.521418958902359,
  "torso_ratio": 1.2652904432991352,
  "shoulder_prominence": 0.23102566599845886,
  "hip_prominence": 0.16947650164365768
}