{
  "shoulder_hip_ratio": 1.9048697061867776,
  "waist_position": 0.49878302216529846,
  "torso_ratio": 1.167187670523973,
  "shoulder_prominence": 0.08579407073557377,
  "hip_prominence": 0.04315073974430561
}