{
  "shoulder_hip_ratio": 1.7298199734961004,
  "waist_position": 0.47988274693489075,
  "torso_ratio": 1.3229646608309578,
  "shoulder_prominence": 0.0887309331446886,
  "hip_prominence": 0.023803435266017914
}