{
  "shoulder_hip_ratio": 1.5995523785189953,
  "waist_position": 0.44244441390037537,
  "torso_ratio": 1.4118184307812331,
  "shoulder_prominence": 0.2862996757030487,
  "hip_prominence": 0.21524017304182053
}