{
  "shoulder_hip_ratio": 1.9301736317275509,
  "waist_position": 0.5001246929168701,
  "torso_ratio": 1.226780446439916,
  "shoulder_prominence": 0.0477166473865509,
  "hip_prominence": 0.005016169510781765
}