{
  "shoulder_hip_ratio": 1.750890633077181,
  "waist_position": 0.5002735257148743,
  "torso_ratio": 1.1485353871862645,
  "shoulder_prominence": 0.02188589796423912,
  "hip_prominence": 0.016889645718038082
}