{
  "shoulder_hip_ratio": 1.7999824538031897,
  "waist_position": 0.4840739071369171,
  "torso_ratio": 1.203280934031642,
  "shoulder_prominence": 0.014381280168890953,
  "hip_prominence": 0.015923162922263145
}