{
  "shoulder_hip_ratio": 1.800322396727374,
  "waist_position": 0.48963603377342224,
  "torso_ratio": 1.0924489559740342,
  "shoulder_prominence": 0.12758044991642237,
  "hip_prominence": 0.09433076530694962
}