{
  "shoulder_hip_ratio": 1.9071218506417904,
  "waist_position": 0.45150749385356903,
  "torso_ratio": 1.6284970348882464,
  "shoulder_prominence": 0.33734846115112305,
  "hip_prominence": 0.22291427850723267
}