{
  "shoulder_hip_ratio": 1.857544659796101,
  "waist_position": 0.4658961147069931,
  "torso_ratio": 1.26322494031559,
  "shoulder_prominence": 0.1413700431585312,
  "hip_prominence": 0.05333314277231693
}