{
  "shoulder_hip_ratio": 1.8634937471696809,
  "waist_position": 0.47947171330451965,
  "torso_ratio": 1.0969961426203245,
  "shoulder_prominence": 0.03471991419792175,
  "hip_prominence": 0.019914019852876663
}