{
  "shoulder_hip_ratio": 1.734289406920782,
  "waist_position": 0.5117653906345367,
  "torso_ratio": 1.1777487663958952,
  "shoulder_prominence": 0.09473490715026855,
  "hip_prominence": 0.08216041699051857
}