{
  "shoulder_hip_ratio": 1.5341482346054238,
  "waist_position": 0.4860730320215225,
  "torso_ratio": 1.2116084574155013,
  "shoulder_prominence": 0.06223255395889282,
  "hip_prominence": 0.05534290708601475
}