{
  "shoulder_hip_ratio": 1.9397722182638397,
  "waist_position": 0.45153573155403137,
  "torso_ratio": 1.1207603022696064,
  "shoulder_prominence": 0.15618859976530075,
  "hip_prominence": 0.1453419253230095
}