{
  "shoulder_hip_ratio": 1.6802306237579494,
  "waist_position": 0.47108858823776245,
  "torso_ratio": 1.202317542114755,
  "shoulder_prominence": 0.025011271238327026,
  "hip_prominence": 0.023064482025802135
}