{
  "shoulder_hip_ratio": 1.4448714586416325,
  "waist_position": 0.48365847766399384,
  "torso_ratio": 2.4957904043053816,
  "shoulder_prominence": 0.60673388838768,
  "hip_prominence": 0.34312522411346436
}