{
  "shoulder_hip_ratio": 1.6972974656229893,
  "waist_position": 0.5042683482170105,
  "torso_ratio": 1.289564060003347,
  "shoulder_prominence": 0.10932912118732929,
  "hip_prominence": 0.09891475364565849
}