{
  "shoulder_hip_ratio": 1.8309963193832954,
  "waist_position": 0.5024044811725616,
  "torso_ratio": 1.1092148965232733,
  "shoulder_prominence": 0.0006619882769882679,
  "hip_prominence": 0.021475479006767273
}