{
  "shoulder_hip_ratio": 1.6595137846397383,
  "waist_position": 0.5135296881198883,
  "torso_ratio": 1.146904282320874,
  "shoulder_prominence": 0.044086240231990814,
  "hip_prominence": 0.0483010895550251
}