{
  "shoulder_hip_ratio": 1.7830216660872178,
  "waist_position": 0.49916164577007294,
  "torso_ratio": 1.162219218317301,
  "shoulder_prominence": 0.01691928133368492,
  "hip_prominence": 0.01792333833873272
}