{
  "shoulder_hip_ratio": 1.8240122649709036,
  "waist_position": 0.49393969774246216,
  "torso_ratio": 1.1357114061096112,
  "shoulder_prominence": 0.08902472257614136,
  "hip_prominence": 0.04961322620511055
}