{
  "shoulder_hip_ratio": 1.8823695929975692,
  "waist_position": 0.4671042114496231,
  "torso_ratio": 1.9341564340843174,
  "shoulder_prominence": 0.44031737744808197,
  "hip_prominence": 0.25827406346797943
}