{
  "shoulder_hip_ratio": 1.7828807670785214,
  "waist_position": 0.51018887758255,
  "torso_ratio": 1.3128785840680763,
  "shoulder_prominence": 0.04843324050307274,
  "hip_prominence": 0.015924315433949232
}