{
  "shoulder_hip_ratio": 1.76371505328305,
  "waist_position": 0.497769370675087,
  "torso_ratio": 1.2995965605136819,
  "shoulder_prominence": 0.1929628662765026,
  "hip_prominence": 0.10017106682062149
}