{
  "shoulder_hip_ratio": 1.6700476917496614,
  "waist_position": 0.4958140701055527,
  "torso_ratio": 1.098148147699012,
  "shoulder_prominence": 0.018988624215126038,
  "hip_prominence": 0.006144617218524218
}