{
  "shoulder_hip_ratio": 1.872234072505361,
  "waist_position": 0.5472499430179596,
  "torso_ratio": 1.3151639774443482,
  "shoulder_prominence": 0.40698152408003807,
  "hip_prominence": 0.25286170840263367
}