{
  "shoulder_hip_ratio": 1.6562612086164705,
  "waist_position": 0.46449990570545197,
  "torso_ratio": 1.1842205349685522,
  "shoulder_prominence": 0.011090109124779701,
  "hip_prominence": 0.018348975107073784
}