{
  "shoulder_hip_ratio": 1.8461417957808912,
  "waist_position": 0.5072420835494995,
  "torso_ratio": 1.2280704298559797,
  "shoulder_prominence": 0.041323323850519955,
  "hip_prominence": 0.05512610450387001
}