{
  "shoulder_hip_ratio": 1.6748185823158646,
  "waist_position": 0.5315607786178589,
  "torso_ratio": 1.158852041020293,
  "shoulder_prominence": 0.05269820988178253,
  "hip_prominence": 0.048694316297769547
}