{
  "shoulder_hip_ratio": 1.7439135587285488,
  "waist_position": 0.4892164468765259,
  "torso_ratio": 1.1572578815509684,
  "shoulder_prominence": 0.12767410278320312,
  "hip_prominence": 0.05732802301645279
}