{
  "shoulder_hip_ratio": 1.6627196143360972,
  "waist_position": 0.5311184823513031,
  "torso_ratio": 1.1767156040698419,
  "shoulder_prominence": 0.007506750524044037,
  "hip_prominence": 0.020302755758166313
}