{
  "shoulder_hip_ratio": 1.6763502940285069,
  "waist_position": 0.47522756457328796,
  "torso_ratio": 1.1758778188648629,
  "shoulder_prominence": 0.08093030750751495,
  "hip_prominence": 0.034351468086242676
}