{
  "shoulder_hip_ratio": 1.7757761459197265,
  "waist_position": 0.47819337248802185,
  "torso_ratio": 1.276072775507319,
  "shoulder_prominence": 0.04021826945245266,
  "hip_prominence": 0.05875335447490215
}