{
  "shoulder_hip_ratio": 1.777697081659829,
  "waist_position": 0.501150369644165,
  "torso_ratio": 1.2263073994404712,
  "shoulder_prominence": 0.009375050663948059,
  "hip_prominence": 0.01058916375041008
}