{
  "shoulder_hip_ratio": 1.630145457393005,
  "waist_position": 0.4682120978832245,
  "torso_ratio": 1.2925390234796625,
  "shoulder_prominence": 0.17975149443373084,
  "hip_prominence": 0.07511954009532928
}