{
  "shoulder_hip_ratio": 1.7889928172529108,
  "waist_position": 0.462531253695488,
  "torso_ratio": 1.189502165791732,
  "shoulder_prominence": 0.0028076115995645523,
  "hip_prominence": 0.014893183019012213
}