{
  "shoulder_hip_ratio": 1.7964712359591666,
  "waist_position": 0.49473077058792114,
  "torso_ratio": 1.1617503952789485,
  "shoulder_prominence": 0.12492075562477112,
  "hip_prominence": 0.0564904510974884
}