{
  "shoulder_hip_ratio": 1.719081875380223,
  "waist_position": 0.5113039910793304,
  "torso_ratio": 1.150902325767777,
  "shoulder_prominence": 0.005349650979042053,
  "hip_prominence": 0.024079560302197933
}