{
  "shoulder_hip_ratio": 1.8284317718438858,
  "waist_position": 0.513155460357666,
  "torso_ratio": 1.1739401950282569,
  "shoulder_prominence": 0.07260285317897797,
  "hip_prominence": 0.021958977915346622
}