{
  "shoulder_hip_ratio": 1.7468735651305216,
  "waist_position": 0.5253848433494568,
  "torso_ratio": 1.0682624963186271,
  "shoulder_prominence": 0.05851752310991287,
  "hip_prominence": 0.04315381124615669
}