{
  "shoulder_hip_ratio": 1.775023821781952,
  "waist_position": 0.49639618396759033,
  "torso_ratio": 1.1338888961782414,
  "shoulder_prominence": 0.06911267153918743,
  "hip_prominence": 0.012066666968166828
}