{
  "shoulder_hip_ratio": 1.6738239323189412,
  "waist_position": 0.49255651235580444,
  "torso_ratio": 1.2473716989461847,
  "shoulder_prominence": 0.005326405167579651,
  "hip_prominence": 0.01511368528008461
}