{
  "shoulder_hip_ratio": 1.2808476033004161,
  "waist_position": 0.4748365879058838,
  "torso_ratio": 2.5215566090266646,
  "shoulder_prominence": 0.5973063409328461,
  "hip_prominence": 0.3362526297569275
}