{
  "shoulder_hip_ratio": 1.7982403858505238,
  "waist_position": 0.4788644015789032,
  "torso_ratio": 1.047633411133514,
  "shoulder_prominence": 0.0754227563738823,
  "hip_prominence": 0.01128597604110837
}