{
  "shoulder_hip_ratio": 1.6845829449107028,
  "waist_position": 0.5324868857860565,
  "torso_ratio": 1.2444316620343812,
  "shoulder_prominence": 0.03670282103121281,
  "hip_prominence": 0.014559163246303797
}