{
  "shoulder_hip_ratio": 1.843833553071002,
  "waist_position": 0.48586201667785645,
  "torso_ratio": 1.170453205564585,
  "shoulder_prominence": 0.03201557695865631,
  "hip_prominence": 0.03399250470101833
}