{
  "shoulder_hip_ratio": 1.696167817889991,
  "waist_position": 0.49442310631275177,
  "torso_ratio": 1.105406434919853,
  "shoulder_prominence": 0.12261304259300232,
  "hip_prominence": 0.06909114494919777
}