{
  "shoulder_hip_ratio": 1.8186392179340463,
  "waist_position": 0.513789176940918,
  "torso_ratio": 1.2047563401118233,
  "shoulder_prominence": 0.07071977108716965,
  "hip_prominence": 0.04489588178694248
}