{
  "shoulder_hip_ratio": 1.7949764999965498,
  "waist_position": 0.5156618058681488,
  "torso_ratio": 1.1795790986668102,
  "shoulder_prominence": 0.05808757245540619,
  "hip_prominence": 0.013396148569881916
}