{
  "shoulder_hip_ratio": 1.8593715677550795,
  "waist_position": 0.5035055577754974,
  "torso_ratio": 1.1545026538390133,
  "shoulder_prominence": 0.00168612040579319,
  "hip_prominence": 0.005763072520494461
}