{
  "shoulder_hip_ratio": 1.9544084378563713,
  "waist_position": 0.496450275182724,
  "torso_ratio": 1.3076068633011324,
  "shoulder_prominence": 0.0985729917883873,
  "hip_prominence": 0.09482313320040703
}