{
  "shoulder_hip_ratio": 1.7107868836810685,
  "waist_position": 0.4970167726278305,
  "torso_ratio": 1.165385868049758,
  "shoulder_prominence": 0.02683970332145691,
  "hip_prominence": 0.029346324503421783
}