{
  "shoulder_hip_ratio": 1.7935408647447715,
  "waist_position": 0.4848620444536209,
  "torso_ratio": 1.3548309140677928,
  "shoulder_prominence": 0.20493043214082718,
  "hip_prominence": 0.13135268539190292
}