{
  "shoulder_hip_ratio": 1.7669115607779797,
  "waist_position": 0.48985280096530914,
  "torso_ratio": 1.1618322894393147,
  "shoulder_prominence": 0.140736386179924,
  "hip_prominence": 0.06740562245249748
}