{
  "shoulder_hip_ratio": 1.5870949508024512,
  "waist_position": 0.494177907705307,
  "torso_ratio": 1.3592993105346922,
  "shoulder_prominence": 0.19895376916974783,
  "hip_prominence": 0.11792634055018425
}