{
  "shoulder_hip_ratio": 1.8004855884507027,
  "waist_position": 0.5134938061237335,
  "torso_ratio": 1.2018391033257316,
  "shoulder_prominence": 0.0147484689950943,
  "hip_prominence": 0.046753788366913795
}