{
  "shoulder_hip_ratio": 1.6695612335770216,
  "waist_position": 0.4766845703125,
  "torso_ratio": 1.18323461276111,
  "shoulder_prominence": 0.04724939167499542,
  "hip_prominence": 0.0276069026440382
}