{
  "shoulder_hip_ratio": 1.8081517923164092,
  "waist_position": 0.47111593186855316,
  "torso_ratio": 1.3198497282401185,
  "shoulder_prominence": 0.1531349674332887,
  "hip_prominence": 0.13445553183555603
}