{
  "shoulder_hip_ratio": 1.6580609549137708,
  "waist_position": 0.4966554790735245,
  "torso_ratio": 1.1965225491205995,
  "shoulder_prominence": 0.037113700062036514,
  "hip_prominence": 0.0257588941603899
}