{
  "shoulder_hip_ratio": 1.695631851783442,
  "waist_position": 0.4989236891269684,
  "torso_ratio": 1.1998513520676304,
  "shoulder_prominence": 0.04576706700026989,
  "hip_prominence": 0.016910343430936337
}