{
  "shoulder_hip_ratio": 1.5157337161758804,
  "waist_position": 0.47229476273059845,
  "torso_ratio": 1.5423404653474906,
  "shoulder_prominence": 0.1601820383220911,
  "hip_prominence": 0.08405859395861626
}