{
  "shoulder_hip_ratio": 1.5975154195671102,
  "waist_position": 0.46938806772232056,
  "torso_ratio": 1.2091047764049454,
  "shoulder_prominence": 0.009798232465982437,
  "hip_prominence": 0.02701690886169672
}