{
  "shoulder_hip_ratio": 1.6707666045403768,
  "waist_position": 0.5087011754512787,
  "torso_ratio": 1.0848162511029034,
  "shoulder_prominence": 0.03836188092827797,
  "hip_prominence": 0.0006619022751692683
}