{
  "shoulder_hip_ratio": 1.7586614837431487,
  "waist_position": 0.5178633332252502,
  "torso_ratio": 1.3369041912319457,
  "shoulder_prominence": 0.043574984185397625,
  "hip_prominence": 0.0014267490769270808
}