{
  "shoulder_hip_ratio": 1.7224128940737928,
  "waist_position": 0.5019284188747406,
  "torso_ratio": 1.1867532073983222,
  "shoulder_prominence": 0.03221876174211502,
  "hip_prominence": 0.007443547248840332
}