{
  "shoulder_hip_ratio": 1.5613341906943252,
  "waist_position": 0.5134462416172028,
  "torso_ratio": 1.2236069392171809,
  "shoulder_prominence": 0.16925422847270966,
  "hip_prominence": 0.09401771426200867
}