{
  "shoulder_hip_ratio": 1.64054051686589,
  "waist_position": 0.5069358646869659,
  "torso_ratio": 1.2700891477652008,
  "shoulder_prominence": 0.07068457454442978,
  "hip_prominence": 0.01578290294855833
}