{
  "shoulder_hip_ratio": 1.8361485010367757,
  "waist_position": 0.48972679674625397,
  "torso_ratio": 1.1828158981895287,
  "shoulder_prominence": 0.017864584922790527,
  "hip_prominence": 0.009988177102059126
}