{
  "shoulder_hip_ratio": 1.743366876746387,
  "waist_position": 0.4995298385620117,
  "torso_ratio": 1.1517721388248285,
  "shoulder_prominence": 0.027708429843187332,
  "hip_prominence": 0.016657723113894463
}