{
  "shoulder_hip_ratio": 1.7489282407612674,
  "waist_position": 0.48265302181243896,
  "torso_ratio": 1.1983031820112202,
  "shoulder_prominence": 0.0204208439681679,
  "hip_prominence": 0.004931804956868291
}