{
  "shoulder_hip_ratio": 1.2730143874685538,
  "waist_position": 0.45629292726516724,
  "torso_ratio": 2.9272681085624566,
  "shoulder_prominence": 0.6067553907632828,
  "hip_prominence": 0.41111429035663605
}