{
  "shoulder_hip_ratio": 1.7302669485728523,
  "waist_position": 0.4762266129255295,
  "torso_ratio": 1.295911647252508,
  "shoulder_prominence": 0.11155771277844906,
  "hip_prominence": 0.03912543132901192
}