{
  "shoulder_hip_ratio": 1.6017351075761181,
  "waist_position": 0.485222190618515,
  "torso_ratio": 1.229304264461069,
  "shoulder_prominence": 0.1970800943672657,
  "hip_prominence": 0.12351417541503906
}