{
  "shoulder_hip_ratio": 1.7703640806144065,
  "waist_position": 0.48476049304008484,
  "torso_ratio": 1.1972308230354736,
  "shoulder_prominence": 0.0251377671957016,
  "hip_prominence": 0.01369360089302063
}