{
  "shoulder_hip_ratio": 1.622521128761492,
  "waist_position": 0.5159027576446533,
  "torso_ratio": 1.215698328997779,
  "shoulder_prominence": 0.005277454853057861,
  "hip_prominence": 0.008657578844577074
}