{
  "shoulder_hip_ratio": 1.9685605965115416,
  "waist_position": 0.460973396897316,
  "torso_ratio": 1.1733644595011088,
  "shoulder_prominence": 0.2381926029920578,
  "hip_prominence": 0.2036493644118309
}