{
  "shoulder_hip_ratio": 1.9274610270487023,
  "waist_position": 0.5232433378696442,
  "torso_ratio": 1.0843467859870337,
  "shoulder_prominence": 0.009138554334640503,
  "hip_prominence": 0.015624255407601595
}