{
  "shoulder_hip_ratio": 1.6224708050294416,
  "waist_position": 0.4860837906599045,
  "torso_ratio": 1.2999304535525622,
  "shoulder_prominence": 0.11565706506371498,
  "hip_prominence": 0.050029585137963295
}