{
  "shoulder_hip_ratio": 1.762815137736105,
  "waist_position": 0.49574288725852966,
  "torso_ratio": 1.3822069195405728,
  "shoulder_prominence": 0.14761777967214584,
  "hip_prominence": 0.07137399539351463
}