{
  "shoulder_hip_ratio": 1.590629498759997,
  "waist_position": 0.4605589509010315,
  "torso_ratio": 1.309673740642568,
  "shoulder_prominence": 0.007636621594429016,
  "hip_prominence": 0.019408730790019035
}