{
  "shoulder_hip_ratio": 1.6999395997954003,
  "waist_position": 0.4846454858779907,
  "torso_ratio": 1.2582269474734555,
  "shoulder_prominence": 0.15724072605371475,
  "hip_prominence": 0.09336180984973907
}