{
  "shoulder_hip_ratio": 1.9728473682374026,
  "waist_position": 0.507667139172554,
  "torso_ratio": 1.2324976581733171,
  "shoulder_prominence": 0.035423049703240395,
  "hip_prominence": 0.016100971028208733
}