{
  "shoulder_hip_ratio": 1.9736024193357118,
  "waist_position": 0.4338320791721344,
  "torso_ratio": 1.4889190961063679,
  "shoulder_prominence": 0.3707709088921547,
  "hip_prominence": 0.25548626482486725
}