{
  "shoulder_hip_ratio": 1.926824577569722,
  "waist_position": 0.47802257537841797,
  "torso_ratio": 1.1439901416878382,
  "shoulder_prominence": 0.027851659804582596,
  "hip_prominence": 0.013132472988218069
}