{
  "shoulder_hip_ratio": 1.6060742774134953,
  "waist_position": 0.5088224411010742,
  "torso_ratio": 1.4008529317675504,
  "shoulder_prominence": 0.020151385106146336,
  "hip_prominence": 0.030544722452759743
}