{
  "shoulder_hip_ratio": 1.763900608125259,
  "waist_position": 0.5029586553573608,
  "torso_ratio": 1.262965197327756,
  "shoulder_prominence": 0.14352861791849136,
  "hip_prominence": 0.1252562180161476
}