{
  "shoulder_hip_ratio": 1.6633296985564388,
  "waist_position": 0.47884365916252136,
  "torso_ratio": 1.1967761828025116,
  "shoulder_prominence": 0.09128460846841335,
  "hip_prominence": 0.048913707956671715
}