{
  "shoulder_hip_ratio": 1.6974070955758325,
  "waist_position": 0.48546966910362244,
  "torso_ratio": 1.3820200305332668,
  "shoulder_prominence": 0.09271468222141266,
  "hip_prominence": 0.07638660818338394
}