{
  "shoulder_hip_ratio": 1.6554150779253733,
  "waist_position": 0.5093496739864349,
  "torso_ratio": 1.2544741973860989,
  "shoulder_prominence": 0.13475722447037697,
  "hip_prominence": 0.07993107289075851
}