{
  "shoulder_hip_ratio": 1.6740526339664545,
  "waist_position": 0.4862991124391556,
  "torso_ratio": 1.2197123106281595,
  "shoulder_prominence": 0.029038526117801666,
  "hip_prominence": 0.007919251685962081
}