{
  "shoulder_hip_ratio": 1.7552023322737842,
  "waist_position": 0.5193898677825928,
  "torso_ratio": 1.2768164745553992,
  "shoulder_prominence": 0.1616165116429329,
  "hip_prominence": 0.07592103630304337
}