{
  "shoulder_hip_ratio": 1.5664888485496862,
  "waist_position": 0.4675602912902832,
  "torso_ratio": 1.2438364527728738,
  "shoulder_prominence": 0.0242542065680027,
  "hip_prominence": 0.04627049341797829
}