{
  "shoulder_hip_ratio": 1.6724774240525175,
  "waist_position": 0.488750696182251,
  "torso_ratio": 1.2341778142617448,
  "shoulder_prominence": 0.00978788360953331,
  "hip_prominence": 0.029110845178365707
}