{
  "shoulder_hip_ratio": 1.644656130004319,
  "waist_position": 0.4698624163866043,
  "torso_ratio": 1.2698356743102517,
  "shoulder_prominence": 0.011447735130786896,
  "hip_prominence": 0.014113794546574354
}