{
  "shoulder_hip_ratio": 1.914119508113099,
  "waist_position": 0.5117672681808472,
  "torso_ratio": 1.250551630882095,
  "shoulder_prominence": 0.17752765025943518,
  "hip_prominence": 0.12376733124256134
}