{
  "shoulder_hip_ratio": 1.5674761893015445,
  "waist_position": 0.4684910178184509,
  "torso_ratio": 1.1796691778565551,
  "shoulder_prominence": 0.02888062596321106,
  "hip_prominence": 0.0463606771081686
}