{
  "shoulder_hip_ratio": 1.7150568692428563,
  "waist_position": 0.49608732759952545,
  "torso_ratio": 1.2318219496076481,
  "shoulder_prominence": 0.002237267792224884,
  "hip_prominence": 0.01894098613411188
}