{
  "shoulder_hip_ratio": 1.7587323477435584,
  "waist_position": 0.49985191226005554,
  "torso_ratio": 1.1405555002306633,
  "shoulder_prominence": 0.038062602281570435,
  "hip_prominence": 0.03297487646341324
}