{
  "shoulder_hip_ratio": 1.505026207312454,
  "waist_position": 0.5007767826318741,
  "torso_ratio": 1.29026917046988,
  "shoulder_prominence": 0.02785414643585682,
  "hip_prominence": 0.07383261993527412
}