{
  "shoulder_hip_ratio": 1.7482318844074134,
  "waist_position": 0.5241571366786957,
  "torso_ratio": 1.1928427110264543,
  "shoulder_prominence": 0.07363132014870644,
  "hip_prominence": 0.032058609649538994
}