{
  "shoulder_hip_ratio": 1.6399075994897108,
  "waist_position": 0.46390530467033386,
  "torso_ratio": 1.284536142480812,
  "shoulder_prominence": 0.005164489150047302,
  "hip_prominence": 0.022106693126261234
}