{
  "shoulder_hip_ratio": 1.6256528089790758,
  "waist_position": 0.4989052265882492,
  "torso_ratio": 1.222253032862719,
  "shoulder_prominence": 0.0423455685377121,
  "hip_prominence": 0.0463894996792078
}