{
  "shoulder_hip_ratio": 1.532036541910046,
  "waist_position": 0.47528399527072906,
  "torso_ratio": 1.2144871514385909,
  "shoulder_prominence": 0.04522985965013504,
  "hip_prominence": 0.03233295865356922
}