{
  "shoulder_hip_ratio": 1.851379059789048,
  "waist_position": 0.4728699177503586,
  "torso_ratio": 1.1670053170284236,
  "shoulder_prominence": 0.11821956187486649,
  "hip_prominence": 0.11168873310089111
}