{
  "shoulder_hip_ratio": 1.760066134856052,
  "waist_position": 0.4919951409101486,
  "torso_ratio": 1.1985224274529567,
  "shoulder_prominence": 0.01407553255558014,
  "hip_prominence": 0.005133689381182194
}