{
  "shoulder_hip_ratio": 1.7049854053222175,
  "waist_position": 0.4852744936943054,
  "torso_ratio": 1.0582877671736513,
  "shoulder_prominence": 0.0981389582157135,
  "hip_prominence": 0.04508177377283573
}