{
  "shoulder_hip_ratio": 1.6721715069563916,
  "waist_position": 0.47178225219249725,
  "torso_ratio": 1.4696604375738664,
  "shoulder_prominence": 0.27544669061899185,
  "hip_prominence": 0.13838548958301544
}