{
  "shoulder_hip_ratio": 1.693796807974184,
  "waist_position": 0.49972672760486603,
  "torso_ratio": 1.1578139747481617,
  "shoulder_prominence": 0.03592398762702942,
  "hip_prominence": 0.006754809524863958
}