{
  "shoulder_hip_ratio": 2.1682939349422155,
  "waist_position": 0.5018535852432251,
  "torso_ratio": 1.2180816441916023,
  "shoulder_prominence": 0.09629994910210371,
  "hip_prominence": 0.03430602140724659
}