{
  "shoulder_hip_ratio": 2.0862456105113303,
  "waist_position": 0.4322192221879959,
  "torso_ratio": 1.62979900379215,
  "shoulder_prominence": 0.3588174879550934,
  "hip_prominence": 0.28249531984329224
}