{
  "shoulder_hip_ratio": 1.801532627740868,
  "waist_position": 0.49886202812194824,
  "torso_ratio": 1.2080009866129695,
  "shoulder_prominence": 0.012715689837932587,
  "hip_prominence": 0.014328424353152514
}