{
  "shoulder_hip_ratio": 1.559828527934725,
  "waist_position": 0.47720572352409363,
  "torso_ratio": 1.1218092468800132,
  "shoulder_prominence": 0.016637088265269995,
  "hip_prominence": 0.03300787881016731
}