{
  "shoulder_hip_ratio": 1.945409138279352,
  "waist_position": 0.4565177857875824,
  "torso_ratio": 1.1048210012677235,
  "shoulder_prominence": 0.16240257769823074,
  "hip_prominence": 0.15726388245821
}