{
  "shoulder_hip_ratio": 1.7928585820021323,
  "waist_position": 0.507396787405014,
  "torso_ratio": 1.210226746884468,
  "shoulder_prominence": 0.033735066652297974,
  "hip_prominence": 0.004781467607244849
}