{
  "shoulder_hip_ratio": 1.9894576117960372,
  "waist_position": 0.49771416187286377,
  "torso_ratio": 1.1015231058054624,
  "shoulder_prominence": 0.03285425156354904,
  "hip_prominence": 0.005222580395638943
}