{
  "shoulder_hip_ratio": 1.7280135903907698,
  "waist_position": 0.4835423231124878,
  "torso_ratio": 1.2916594038806484,
  "shoulder_prominence": 0.022783517837524414,
  "hip_prominence": 0.005282192723825574
}