{
  "shoulder_hip_ratio": 1.7619767234002752,
  "waist_position": 0.49387817084789276,
  "torso_ratio": 1.365943522456042,
  "shoulder_prominence": 0.15448379516601562,
  "hip_prominence": 0.09733753278851509
}