{
  "shoulder_hip_ratio": 1.4150080131703295,
  "waist_position": 0.47958825528621674,
  "torso_ratio": 2.6108986144182103,
  "shoulder_prominence": 0.5927580147981644,
  "hip_prominence": 0.31066665053367615
}