{
  "shoulder_hip_ratio": 1.6418686123131339,
  "waist_position": 0.4880111962556839,
  "torso_ratio": 1.3059522593558655,
  "shoulder_prominence": 0.19079545885324478,
  "hip_prominence": 0.08328280597925186
}