{
  "shoulder_hip_ratio": 1.7391065100131933,
  "waist_position": 0.4753795862197876,
  "torso_ratio": 1.2210893274971237,
  "shoulder_prominence": 0.057041801512241364,
  "hip_prominence": 0.00488165975548327
}