{
  "shoulder_hip_ratio": 1.7891582995314572,
  "waist_position": 0.49961574375629425,
  "torso_ratio": 1.1627342108446712,
  "shoulder_prominence": 0.039366476237773895,
  "hip_prominence": 0.01385136041790247
}