{
  "shoulder_hip_ratio": 1.8127123871995758,
  "waist_position": 0.50963494181633,
  "torso_ratio": 1.2654508061757057,
  "shoulder_prominence": 0.07994742691516876,
  "hip_prominence": 0.056856317445635796
}