{
  "shoulder_hip_ratio": 1.6542229265152921,
  "waist_position": 0.9077517092227936,
  "torso_ratio": 3.2967524732616957,
  "shoulder_prominence": 0.029166074469685555,
  "hip_prominence": 0.025354311801493168
}