{
  "shoulder_hip_ratio": 1.8032974229709886,
  "waist_position": 0.4965510368347168,
  "torso_ratio": 1.0910575691483533,
  "shoulder_prominence": 0.07053088396787643,
  "hip_prominence": 0.06482918187975883
}