{
  "shoulder_hip_ratio": 1.8229791400684177,
  "waist_position": 0.47813868522644043,
  "torso_ratio": 1.1285374639299208,
  "shoulder_prominence": 0.09192436933517456,
  "hip_prominence": 0.024827231653034687
}