{
  "shoulder_hip_ratio": 1.8380756559737743,
  "waist_position": 0.4934176057577133,
  "torso_ratio": 1.183164584773352,
  "shoulder_prominence": 0.16719768941402435,
  "hip_prominence": 0.0976618342101574
}