{
  "shoulder_hip_ratio": 1.830525462855915,
  "waist_position": 0.5250124931335449,
  "torso_ratio": 1.9952758037277243,
  "shoulder_prominence": 0.41522033512592316,
  "hip_prominence": 0.24547333270311356
}