{
  "shoulder_hip_ratio": 1.7596414219681502,
  "waist_position": 0.5292501449584961,
  "torso_ratio": 1.1142805268680938,
  "shoulder_prominence": 0.0281791090965271,
  "hip_prominence": 0.011331064160913229
}