{
  "shoulder_hip_ratio": 1.945881130025084,
  "waist_position": 0.5025535821914673,
  "torso_ratio": 1.2704508637152074,
  "shoulder_prominence": 0.0689629316329956,
  "hip_prominence": 0.043689798563718796
}