{
  "shoulder_hip_ratio": 1.8052987580546627,
  "waist_position": 0.518634706735611,
  "torso_ratio": 1.1692022553053656,
  "shoulder_prominence": 0.06344030797481537,
  "hip_prominence": 0.020221452228724957
}