{
  "shoulder_hip_ratio": 1.7410245009691099,
  "waist_position": 0.4889627695083618,
  "torso_ratio": 1.1332926949166764,
  "shoulder_prominence": 0.016108812298625708,
  "hip_prominence": 0.010229895822703838
}