{
  "shoulder_hip_ratio": 1.6933661412000471,
  "waist_position": 0.5123346745967865,
  "torso_ratio": 1.1516219566321455,
  "shoulder_prominence": 0.003215225413441658,
  "hip_prominence": 0.006614845711737871
}