{
  "shoulder_hip_ratio": 1.733884948607165,
  "waist_position": 0.4812433272600174,
  "torso_ratio": 1.228395871693373,
  "shoulder_prominence": 0.009714346379041672,
  "hip_prominence": 0.012561092153191566
}