{
  "shoulder_hip_ratio": 1.7657012089882538,
  "waist_position": 0.49233271181583405,
  "torso_ratio": 1.3032082563022989,
  "shoulder_prominence": 0.03271552175283432,
  "hip_prominence": 0.0468509029597044
}