{
  "shoulder_hip_ratio": 1.614857563121923,
  "waist_position": 0.46447937190532684,
  "torso_ratio": 1.1684682753604734,
  "shoulder_prominence": 0.016524605453014374,
  "hip_prominence": 0.009995449800044298
}