{
  "shoulder_hip_ratio": 1.8288480129091247,
  "waist_position": 0.4739576280117035,
  "torso_ratio": 1.13391475556388,
  "shoulder_prominence": 0.07524887472391129,
  "hip_prominence": 0.017632948234677315
}