{
  "shoulder_hip_ratio": 2.023918962108561,
  "waist_position": 0.4678507149219513,
  "torso_ratio": 1.2113249886655906,
  "shoulder_prominence": 0.17369548231363297,
  "hip_prominence": 0.08293887227773666
}