{
  "shoulder_hip_ratio": 1.6112560564381446,
  "waist_position": 0.5152047574520111,
  "torso_ratio": 1.3255498351924875,
  "shoulder_prominence": 0.0011442750692367554,
  "hip_prominence": 0.020916258916258812
}