{
  "shoulder_hip_ratio": 1.8052990064881815,
  "waist_position": 0.4901635944843292,
  "torso_ratio": 1.204315563849423,
  "shoulder_prominence": 0.032687149941921234,
  "hip_prominence": 0.004507047822698951
}