{
  "shoulder_hip_ratio": 1.747845991855706,
  "waist_position": 0.4759180545806885,
  "torso_ratio": 1.413135257404126,
  "shoulder_prominence": 0.3088938295841217,
  "hip_prominence": 0.21564996987581253
}