{
  "shoulder_hip_ratio": 1.8411404939796299,
  "waist_position": 0.5025628507137299,
  "torso_ratio": 1.1342483266353929,
  "shoulder_prominence": 0.13533983379602432,
  "hip_prominence": 0.11730863153934479
}