{
  "shoulder_hip_ratio": 1.6623126515198015,
  "waist_position": 0.48927462100982666,
  "torso_ratio": 1.0829742963874383,
  "shoulder_prominence": 0.02320333570241928,
  "hip_prominence": 0.045439187437295914
}