{
  "shoulder_hip_ratio": 1.6607787045827733,
  "waist_position": 0.470319464802742,
  "torso_ratio": 1.1422152551421352,
  "shoulder_prominence": 0.1531514935195446,
  "hip_prominence": 0.05848468653857708
}