{
  "shoulder_hip_ratio": 1.8389648929561082,
  "waist_position": 0.5255625545978546,
  "torso_ratio": 1.1055214963661648,
  "shoulder_prominence": 0.03788405004888773,
  "hip_prominence": 0.012402855791151524
}