{
  "shoulder_hip_ratio": 1.6135145319510766,
  "waist_position": 0.4629938006401062,
  "torso_ratio": 1.1930353257894042,
  "shoulder_prominence": 0.03289829567074776,
  "hip_prominence": 0.036217136308550835
}