{
  "shoulder_hip_ratio": 1.6386915365085248,
  "waist_position": 0.5225628614425659,
  "torso_ratio": 1.2686843409854303,
  "shoulder_prominence": 0.0800966052338481,
  "hip_prominence": 0.04499314725399017
}