{
  "shoulder_hip_ratio": 1.7903168973827963,
  "waist_position": 0.5220662355422974,
  "torso_ratio": 1.2752932489006117,
  "shoulder_prominence": 0.12246106192469597,
  "hip_prominence": 0.05339258909225464
}