{
  "shoulder_hip_ratio": 1.6824039214278739,
  "waist_position": 0.5179243087768555,
  "torso_ratio": 1.333684587089896,
  "shoulder_prominence": 0.1478484496474266,
  "hip_prominence": 0.05653880164027214
}