{
  "shoulder_hip_ratio": 1.730969726105901,
  "waist_position": 0.49490807950496674,
  "torso_ratio": 1.44074960887804,
  "shoulder_prominence": 0.2097442951053381,
  "hip_prominence": 0.17951983958482742
}