{
  "shoulder_hip_ratio": 1.2774555921670954,
  "waist_position": 0.44429604709148407,
  "torso_ratio": 2.3039599873987138,
  "shoulder_prominence": 0.5520613938570023,
  "hip_prominence": 0.36839403212070465
}