{
  "shoulder_hip_ratio": 1.951053850340215,
  "waist_position": 0.45286546647548676,
  "torso_ratio": 1.0018862303573823,
  "shoulder_prominence": 0.051928289234638214,
  "hip_prominence": 0.025501851923763752
}