{
  "shoulder_hip_ratio": 1.8503491334446631,
  "waist_position": 0.49858853220939636,
  "torso_ratio": 1.2488015263518717,
  "shoulder_prominence": 0.013224916532635689,
  "hip_prominence": 0.013026130851358175
}