{
  "shoulder_hip_ratio": 1.6612995005686249,
  "waist_position": 0.5293991565704346,
  "torso_ratio": 1.1899028526196436,
  "shoulder_prominence": 0.012454651296138763,
  "hip_prominence": 0.026992585510015488
}