{
  "shoulder_hip_ratio": 1.9666827413484074,
  "waist_position": 0.522470697760582,
  "torso_ratio": 1.3085579964502916,
  "shoulder_prominence": 0.2358965463936329,
  "hip_prominence": 0.14833807200193405
}