{
  "shoulder_hip_ratio": 1.8229678832675968,
  "waist_position": 0.46111302077770233,
  "torso_ratio": 1.0147609372205544,
  "shoulder_prominence": 0.13885659724473953,
  "hip_prominence": 0.09247289597988129
}