{
  "shoulder_hip_ratio": 1.5783003272663225,
  "waist_position": 0.5009035021066666,
  "torso_ratio": 1.110724049692409,
  "shoulder_prominence": 0.025328025221824646,
  "hip_prominence": 0.04436556622385979
}