{
  "shoulder_hip_ratio": 1.9591047353992814,
  "waist_position": 0.4253291040658951,
  "torso_ratio": 1.4210293587740872,
  "shoulder_prominence": 0.3671628311276436,
  "hip_prominence": 0.254002645611763
}