{
  "shoulder_hip_ratio": 1.7855807277446638,
  "waist_position": 0.5161207020282745,
  "torso_ratio": 1.157788646733486,
  "shoulder_prominence": 0.018801331520080566,
  "hip_prominence": 0.05157102830708027
}