{
  "shoulder_hip_ratio": 1.92782713076739,
  "waist_position": 0.4781281650066376,
  "torso_ratio": 1.3022876861021184,
  "shoulder_prominence": 0.31839410215616226,
  "hip_prominence": 0.24073292315006256
}