{
  "shoulder_hip_ratio": 1.6337556996419735,
  "waist_position": 0.48976147174835205,
  "torso_ratio": 1.264331962398646,
  "shoulder_prominence": 0.03763571381568909,
  "hip_prominence": 0.03995199128985405
}