{
  "shoulder_hip_ratio": 1.8140264035987514,
  "waist_position": 0.5081401467323303,
  "torso_ratio": 1.1544259449081464,
  "shoulder_prominence": 0.03455880098044872,
  "hip_prominence": 0.03399508073925972
}