{
  "shoulder_hip_ratio": 1.5638426682002224,
  "waist_position": 0.502529963850975,
  "torso_ratio": 1.1923146883616238,
  "shoulder_prominence": 0.01092730276286602,
  "hip_prominence": 0.008217716356739402
}