{
  "shoulder_hip_ratio": 1.6840602562904845,
  "waist_position": 0.47081558406352997,
  "torso_ratio": 1.5601002692733976,
  "shoulder_prominence": 0.06277162954211235,
  "hip_prominence": 0.06090009585022926
}