{
  "shoulder_hip_ratio": 1.8371937930725946,
  "waist_position": 0.48577429354190826,
  "torso_ratio": 1.2367177721754372,
  "shoulder_prominence": 0.021830551326274872,
  "hip_prominence": 0.0391874834895134
}