{
  "shoulder_hip_ratio": 1.5704779667856812,
  "waist_position": 0.4863385856151581,
  "torso_ratio": 1.2687056749763639,
  "shoulder_prominence": 0.10092518106102943,
  "hip_prominence": 0.044633544981479645
}