{
  "shoulder_hip_ratio": 1.68023359474092,
  "waist_position": 0.4947202652692795,
  "torso_ratio": 1.3982176460679845,
  "shoulder_prominence": 0.19397858902812004,
  "hip_prominence": 0.10117069631814957
}