{
  "shoulder_hip_ratio": 1.7538158816517209,
  "waist_position": 0.5040698945522308,
  "torso_ratio": 1.1350367504073915,
  "shoulder_prominence": 0.08540842309594154,
  "hip_prominence": 0.057674020528793335
}