{
  "shoulder_hip_ratio": 1.5113568618509288,
  "waist_position": 0.5090042650699615,
  "torso_ratio": 1.2271865756689102,
  "shoulder_prominence": 0.10477001219987869,
  "hip_prominence": 0.005057711852714419
}