{
  "shoulder_hip_ratio": 1.7845285477708832,
  "waist_position": 0.5032249391078949,
  "torso_ratio": 1.1872608898968497,
  "shoulder_prominence": 0.06499576568603516,
  "hip_prominence": 0.037264373153448105
}