{
  "shoulder_hip_ratio": 1.8161244236286769,
  "waist_position": 0.5014388263225555,
  "torso_ratio": 1.0930949713593645,
  "shoulder_prominence": 0.014641135931015015,
  "hip_prominence": 0.004196123918518424
}