{
  "shoulder_hip_ratio": 1.6026549854378844,
  "waist_position": 0.4886629283428192,
  "torso_ratio": 1.3732508645978785,
  "shoulder_prominence": 0.07617373764514923,
  "hip_prominence": 0.07210617139935493
}