{
  "shoulder_hip_ratio": 1.6446625514124327,
  "waist_position": 0.5237198173999786,
  "torso_ratio": 1.2345727318469963,
  "shoulder_prominence": 0.08150684367865324,
  "hip_prominence": 0.025128723122179508
}