{
  "shoulder_hip_ratio": 1.613728108881562,
  "waist_position": 0.5322772562503815,
  "torso_ratio": 1.3190372620905209,
  "shoulder_prominence": 0.18076302483677864,
  "hip_prominence": 0.06975124403834343
}