{
  "shoulder_hip_ratio": 1.7783281291928235,
  "waist_position": 0.5001413226127625,
  "torso_ratio": 1.0933110977422864,
  "shoulder_prominence": 0.050298139452934265,
  "hip_prominence": 0.023238289169967175
}