{
  "shoulder_hip_ratio": 1.908942106767583,
  "waist_position": 0.5035626888275146,
  "torso_ratio": 1.2206927643570555,
  "shoulder_prominence": 0.053967006504535675,
  "hip_prominence": 0.03170986007899046
}