{
  "shoulder_hip_ratio": 1.5360277951968202,
  "waist_position": 0.4818156808614731,
  "torso_ratio": 1.321569744039076,
  "shoulder_prominence": 0.00424329936504364,
  "hip_prominence": 0.03585982136428356
}