{
  "shoulder_hip_ratio": 1.6706517599224844,
  "waist_position": 0.5331236124038696,
  "torso_ratio": 1.283289222680281,
  "shoulder_prominence": 0.05168665945529938,
  "hip_prominence": 0.04755272530019283
}