{
  "shoulder_hip_ratio": 1.6155012537438946,
  "waist_position": 0.521874874830246,
  "torso_ratio": 1.912577385531109,
  "shoulder_prominence": 0.6232301145792007,
  "hip_prominence": 0.4047820419073105
}