{
  "shoulder_hip_ratio": 1.6363972880440554,
  "waist_position": 0.5212233364582062,
  "torso_ratio": 1.45106643968009,
  "shoulder_prominence": 0.243328757584095,
  "hip_prominence": 0.13755691051483154
}