{
  "shoulder_hip_ratio": 1.6759682607867739,
  "waist_position": 0.48797526955604553,
  "torso_ratio": 1.368862391125844,
  "shoulder_prominence": 0.06487397674936801,
  "hip_prominence": 0.04886608570814133
}