{
  "shoulder_hip_ratio": 1.845389405242474,
  "waist_position": 0.5006634742021561,
  "torso_ratio": 1.2810821490945057,
  "shoulder_prominence": 0.017962823621928692,
  "hip_prominence": 0.011061895173043013
}