{
  "shoulder_hip_ratio": 1.5398158983579457,
  "waist_position": 0.5104700028896332,
  "torso_ratio": 1.2495382255691891,
  "shoulder_prominence": 0.17129264026880264,
  "hip_prominence": 0.0980970524251461
}