{
  "shoulder_hip_ratio": 1.6790856866491688,
  "waist_position": 0.48254552483558655,
  "torso_ratio": 1.2622540569990108,
  "shoulder_prominence": 0.008828617632389069,
  "hip_prominence": 0.018130495212972164
}