{
  "shoulder_hip_ratio": 1.71220570881223,
  "waist_position": 0.4690282344818115,
  "torso_ratio": 1.1518689472722423,
  "shoulder_prominence": 0.0007187128067016602,
  "hip_prominence": 0.03796538524329662
}