{
  "shoulder_hip_ratio": 1.7364665967793238,
  "waist_position": 0.4962553232908249,
  "torso_ratio": 1.0860019501957203,
  "shoulder_prominence": 0.031028836965560913,
  "hip_prominence": 0.009842721279710531
}