{
  "shoulder_hip_ratio": 1.6238951642735577,
  "waist_position": 0.43866434693336487,
  "torso_ratio": 1.2737589842967918,
  "shoulder_prominence": 0.09581346809864044,
  "hip_prominence": 0.049669891595840454
}