{
  "shoulder_hip_ratio": 1.5494612022811287,
  "waist_position": 0.5019416213035583,
  "torso_ratio": 1.2235994562485302,
  "shoulder_prominence": 0.03607317805290222,
  "hip_prominence": 0.04340989142656326
}