{
  "shoulder_hip_ratio": 1.6250904361743126,
  "waist_position": 0.48691001534461975,
  "torso_ratio": 1.3330070933145792,
  "shoulder_prominence": 0.07783366739749908,
  "hip_prominence": 0.04882008209824562
}