{
  "shoulder_hip_ratio": 1.672630556323308,
  "waist_position": 0.49022629857063293,
  "torso_ratio": 1.180109680183797,
  "shoulder_prominence": 0.18519143760204315,
  "hip_prominence": 0.09885843843221664
}