{
  "shoulder_hip_ratio": 1.8068867753003026,
  "waist_position": 0.4876778572797775,
  "torso_ratio": 1.165398982730618,
  "shoulder_prominence": 0.002711467444896698,
  "hip_prominence": 0.024837886914610863
}