{
  "shoulder_hip_ratio": 1.7925977567271134,
  "waist_position": 0.5069363117218018,
  "torso_ratio": 1.1679710805921872,
  "shoulder_prominence": 0.022038590162992477,
  "hip_prominence": 0.019859829917550087
}