{
  "shoulder_hip_ratio": 1.8270752241517791,
  "waist_position": 0.47332407534122467,
  "torso_ratio": 1.18311859028907,
  "shoulder_prominence": 0.05299554765224457,
  "hip_prominence": 0.01222156872972846
}