{
  "shoulder_hip_ratio": 1.7999669685469224,
  "waist_position": 0.47919856011867523,
  "torso_ratio": 1.2825993028281528,
  "shoulder_prominence": 0.07454851176589727,
  "hip_prominence": 0.061013488098978996
}