{
  "shoulder_hip_ratio": 1.7143492173181774,
  "waist_position": 0.49225009977817535,
  "torso_ratio": 1.2211435687100602,
  "shoulder_prominence": 0.06661495566368103,
  "hip_prominence": 0.0016415726277045906
}