{
  "shoulder_hip_ratio": 1.9531113481691447,
  "waist_position": 0.5275890529155731,
  "torso_ratio": 1.1586746431639698,
  "shoulder_prominence": 0.03029213845729828,
  "hip_prominence": 0.009875190444290638
}