{
  "shoulder_hip_ratio": 2.059784640875669,
  "waist_position": 0.4508562833070755,
  "torso_ratio": 1.2255708853981846,
  "shoulder_prominence": 0.31826041638851166,
  "hip_prominence": 0.25150467455387115
}