{
  "shoulder_hip_ratio": 1.710878268475504,
  "waist_position": 0.5086470246315002,
  "torso_ratio": 1.4117484704855063,
  "shoulder_prominence": 0.16208014823496342,
  "hip_prominence": 0.10015926882624626
}