{
  "shoulder_hip_ratio": 1.7932493157344251,
  "waist_position": 0.4826257824897766,
  "torso_ratio": 1.1845158593675658,
  "shoulder_prominence": 0.017036691308021545,
  "hip_prominence": 0.0064719251822680235
}