{
  "shoulder_hip_ratio": 1.6936721706229638,
  "waist_position": 0.4930534213781357,
  "torso_ratio": 1.1812419976719348,
  "shoulder_prominence": 0.020990729331970215,
  "hip_prominence": 0.003016956034116447
}