{
  "shoulder_hip_ratio": 1.7602570889726141,
  "waist_position": 0.5103919208049774,
  "torso_ratio": 1.169549444363653,
  "shoulder_prominence": 0.007380065508186817,
  "hip_prominence": 0.03536034934222698
}