{
  "shoulder_hip_ratio": 1.7221798894531521,
  "waist_position": 0.5003646463155746,
  "torso_ratio": 1.165966447181867,
  "shoulder_prominence": 0.026890762150287628,
  "hip_prominence": 0.019865207374095917
}