{
  "shoulder_hip_ratio": 1.6805273006074732,
  "waist_position": 0.484833225607872,
  "torso_ratio": 1.3441510758786228,
  "shoulder_prominence": 0.0817791223526001,
  "hip_prominence": 0.06077824719250202
}