{
  "shoulder_hip_ratio": 1.5996082618109504,
  "waist_position": 0.4926084131002426,
  "torso_ratio": 1.2745985755705929,
  "shoulder_prominence": 0.007769271731376648,
  "hip_prominence": 0.0023772864369675517
}