{
  "shoulder_hip_ratio": 1.7024543782777206,
  "waist_position": 0.531925618648529,
  "torso_ratio": 1.119810605992932,
  "shoulder_prominence": 0.030937090516090393,
  "hip_prominence": 0.018187914974987507
}