{
  "shoulder_hip_ratio": 1.7304261139516643,
  "waist_position": 0.5170386433601379,
  "torso_ratio": 1.3933025210052687,
  "shoulder_prominence": 0.2599802017211914,
  "hip_prominence": 0.13903456181287766
}