{
  "shoulder_hip_ratio": 1.7282201462660345,
  "waist_position": 0.49730904400348663,
  "torso_ratio": 1.2264180837294787,
  "shoulder_prominence": 0.013073309324681759,
  "hip_prominence": 0.005278233205899596
}