{
  "shoulder_hip_ratio": 1.6455160329429859,
  "waist_position": 0.4859217554330826,
  "torso_ratio": 1.2977849139986932,
  "shoulder_prominence": 0.06950686126947403,
  "hip_prominence": 0.030143102630972862
}