{
  "shoulder_hip_ratio": 1.68499662813685,
  "waist_position": 0.5094146877527237,
  "torso_ratio": 1.1766546530243809,
  "shoulder_prominence": 0.005931464489549398,
  "hip_prominence": 0.01791608240455389
}