{
  "shoulder_hip_ratio": 1.72026915542443,
  "waist_position": 0.4913780689239502,
  "torso_ratio": 1.0872914776182512,
  "shoulder_prominence": 0.0904046893119812,
  "hip_prominence": 0.0416719950735569
}