{
  "shoulder_hip_ratio": 1.77449483730527,
  "waist_position": 0.4911542683839798,
  "torso_ratio": 1.1934547685675598,
  "shoulder_prominence": 0.002026274800300598,
  "hip_prominence": 0.013446769677102566
}