{
  "shoulder_hip_ratio": 1.6142349237588955,
  "waist_position": 0.4916708171367645,
  "torso_ratio": 1.2073721356879648,
  "shoulder_prominence": 0.16907039657235146,
  "hip_prominence": 0.1220172643661499
}