{
  "shoulder_hip_ratio": 1.5651662351026563,
  "waist_position": 0.4685927927494049,
  "torso_ratio": 2.3469270806539684,
  "shoulder_prominence": 0.5498749315738678,
  "hip_prominence": 0.33646081387996674
}