{
  "shoulder_hip_ratio": 1.7117826758574193,
  "waist_position": 0.5330418199300766,
  "torso_ratio": 1.137284023768449,
  "shoulder_prominence": 0.10976216569542885,
  "hip_prominence": 0.036684904247522354
}