{
  "shoulder_hip_ratio": 1.7924609308775483,
  "waist_position": 0.4708777219057083,
  "torso_ratio": 1.4414238672443176,
  "shoulder_prominence": 0.470846027135849,
  "hip_prominence": 0.36430710554122925
}