{
  "shoulder_hip_ratio": 1.6992583781328736,
  "waist_position": 0.5087081342935562,
  "torso_ratio": 1.2196795112530263,
  "shoulder_prominence": 0.01011499622836709,
  "hip_prominence": 0.0009994757419917732
}