{
  "shoulder_hip_ratio": 1.5851943114837013,
  "waist_position": 0.47860167920589447,
  "torso_ratio": 1.2473835561908317,
  "shoulder_prominence": 0.1425265073776245,
  "hip_prominence": 0.024247659370303154
}