{
  "shoulder_hip_ratio": 1.8836001202881425,
  "waist_position": 0.4969656318426132,
  "torso_ratio": 1.1235682243149376,
  "shoulder_prominence": 0.031039781868457794,
  "hip_prominence": 0.026774095371365547
}