{
  "shoulder_hip_ratio": 1.7615774173793344,
  "waist_position": 0.49784430861473083,
  "torso_ratio": 1.1350637309881806,
  "shoulder_prominence": 0.04398133605718613,
  "hip_prominence": 0.03293907828629017
}