{
  "shoulder_hip_ratio": 1.700250518962749,
  "waist_position": 0.5016759634017944,
  "torso_ratio": 1.1433888837925907,
  "shoulder_prominence": 0.04239885415881872,
  "hip_prominence": 0.011819717939943075
}