{
  "shoulder_hip_ratio": 1.660203011096784,
  "waist_position": 0.4811975359916687,
  "torso_ratio": 1.419251337903531,
  "shoulder_prominence": 0.14016293361783028,
  "hip_prominence": 0.11674465611577034
}