{
  "shoulder_hip_ratio": 1.7395085657332656,
  "waist_position": 0.5021049976348877,
  "torso_ratio": 1.216832391882832,
  "shoulder_prominence": 0.09285406768321991,
  "hip_prominence": 0.025686079636216164
}