{
  "shoulder_hip_ratio": 1.6660457670493554,
  "waist_position": 0.5096864849328995,
  "torso_ratio": 1.2059577141352276,
  "shoulder_prominence": 0.0493981814943254,
  "hip_prominence": 0.007182109169661999
}