{
  "shoulder_hip_ratio": 1.7105473767148076,
  "waist_position": 0.5176535844802856,
  "torso_ratio": 1.1945933596328715,
  "shoulder_prominence": 0.15412979573011398,
  "hip_prominence": 0.07131332159042358
}