{
  "shoulder_hip_ratio": 1.6979514451634359,
  "waist_position": 0.49583427608013153,
  "torso_ratio": 1.1606906315403922,
  "shoulder_prominence": 0.030841447412967682,
  "hip_prominence": 0.00038436280010500923
}