{
  "shoulder_hip_ratio": 1.7078340727280195,
  "waist_position": 0.4908285439014435,
  "torso_ratio": 1.154519300392563,
  "shoulder_prominence": 0.013506390620023012,
  "hip_prominence": 0.044914839789271355
}