{
  "shoulder_hip_ratio": 1.8591699436978064,
  "waist_position": 0.4871263951063156,
  "torso_ratio": 1.1113314766023112,
  "shoulder_prominence": 0.01381903886795044,
  "hip_prominence": 0.01145317405462265
}