{
  "shoulder_hip_ratio": 1.7352508942954343,
  "waist_position": 0.503246545791626,
  "torso_ratio": 1.171741428586894,
  "shoulder_prominence": 0.020258089527487755,
  "hip_prominence": 0.04274655506014824
}