{
  "shoulder_hip_ratio": 1.7953993716555463,
  "waist_position": 0.5109005868434906,
  "torso_ratio": 1.16725828676139,
  "shoulder_prominence": 0.032999493181705475,
  "hip_prominence": 0.020958726294338703
}