{
  "shoulder_hip_ratio": 1.5940442655189158,
  "waist_position": 0.48348718881607056,
  "torso_ratio": 1.2079834020697156,
  "shoulder_prominence": 0.035625286400318146,
  "hip_prominence": 0.03821256197988987
}