{
  "shoulder_hip_ratio": 1.7391516090429262,
  "waist_position": 0.4964173138141632,
  "torso_ratio": 1.1649599487878821,
  "shoulder_prominence": 0.13039334304630756,
  "hip_prominence": 0.015439424198120832
}