{
  "shoulder_hip_ratio": 1.9317704649695313,
  "waist_position": 0.47963421046733856,
  "torso_ratio": 1.1267279742874499,
  "shoulder_prominence": 0.0011205971240997314,
  "hip_prominence": 0.04503353871405125
}