{
  "shoulder_hip_ratio": 1.6711833987116251,
  "waist_position": 0.42802736163139343,
  "torso_ratio": 1.0798620017764273,
  "shoulder_prominence": 0.17917265743017197,
  "hip_prominence": 0.12479923665523529
}