{
  "shoulder_hip_ratio": 1.5926823919589694,
  "waist_position": 0.4891851246356964,
  "torso_ratio": 1.3168703027570554,
  "shoulder_prominence": 0.14006901904940605,
  "hip_prominence": 0.08028536662459373
}