{
  "shoulder_hip_ratio": 1.7716133102225744,
  "waist_position": 0.46852415800094604,
  "torso_ratio": 1.098077134108271,
  "shoulder_prominence": 0.05303986370563507,
  "hip_prominence": 0.02346493862569332
}