{
  "shoulder_hip_ratio": 1.7737702143916187,
  "waist_position": 0.4777992367744446,
  "torso_ratio": 1.2149736063899677,
  "shoulder_prominence": 0.03680459409952164,
  "hip_prominence": 0.014092513360083103
}