{
  "shoulder_hip_ratio": 1.6657328644934506,
  "waist_position": 0.5232811570167542,
  "torso_ratio": 1.2971724652346754,
  "shoulder_prominence": 0.006028018891811371,
  "hip_prominence": 0.0019193662446923554
}