{
  "shoulder_hip_ratio": 1.9769763577014083,
  "waist_position": 0.5462772846221924,
  "torso_ratio": 1.2238936409449905,
  "shoulder_prominence": 0.05746295303106308,
  "hip_prominence": 0.014029453508555889
}