{
  "shoulder_hip_ratio": 1.65228381253995,
  "waist_position": 0.5356218218803406,
  "torso_ratio": 1.2400010802996868,
  "shoulder_prominence": 0.04844161868095398,
  "hip_prominence": 0.045820752158761024
}