{
  "shoulder_hip_ratio": 1.6320945134277476,
  "waist_position": 0.5074803531169891,
  "torso_ratio": 1.3451422020990504,
  "shoulder_prominence": 0.031462162733078,
  "hip_prominence": 0.019338419660925865
}