{
  "shoulder_hip_ratio": 1.8246346519406804,
  "waist_position": 0.4904803931713104,
  "torso_ratio": 1.1771986183882563,
  "shoulder_prominence": 0.09229210764169693,
  "hip_prominence": 0.05806397460401058
}