{
  "shoulder_hip_ratio": 1.7333726178478417,
  "waist_position": 0.4722467064857483,
  "torso_ratio": 1.2551324019580552,
  "shoulder_prominence": 0.09735829845885746,
  "hip_prominence": 0.028671972453594208
}