{
  "shoulder_hip_ratio": 1.798642113949382,
  "waist_position": 0.5457087755203247,
  "torso_ratio": 1.0681196902017365,
  "shoulder_prominence": 0.08811297453939915,
  "hip_prominence": 0.03677368350327015
}