{
  "shoulder_hip_ratio": 1.8885274212777894,
  "waist_position": 0.4811100661754608,
  "torso_ratio": 1.1425376251750428,
  "shoulder_prominence": 0.012634456157684326,
  "hip_prominence": 0.0302116172388196
}