{
  "shoulder_hip_ratio": 1.8206654992872218,
  "waist_position": 0.5038582980632782,
  "torso_ratio": 1.0378890747202372,
  "shoulder_prominence": 0.06562912464141846,
  "hip_prominence": 0.024105587042868137
}