{
  "shoulder_hip_ratio": 1.6401494997246262,
  "waist_position": 0.49995405972003937,
  "torso_ratio": 1.2968216928238738,
  "shoulder_prominence": 0.01903776079416275,
  "hip_prominence": 0.004609528463333845
}