{
  "shoulder_hip_ratio": 1.756621940141149,
  "waist_position": 0.4766610264778137,
  "torso_ratio": 1.116658185091299,
  "shoulder_prominence": 0.06360206007957458,
  "hip_prominence": 0.025907904841005802
}