{
  "shoulder_hip_ratio": 1.7727576081944727,
  "waist_position": 0.5169401168823242,
  "torso_ratio": 1.222033935832057,
  "shoulder_prominence": 0.07634707540273666,
  "hip_prominence": 0.05711241438984871
}