{
  "shoulder_hip_ratio": 1.7368177051050906,
  "waist_position": 0.47461457550525665,
  "torso_ratio": 1.1542713022056532,
  "shoulder_prominence": 0.025506258010864258,
  "hip_prominence": 0.01944829523563385
}