{
  "shoulder_hip_ratio": 1.6382404452820187,
  "waist_position": 0.5113611072301865,
  "torso_ratio": 1.2553925101073,
  "shoulder_prominence": 0.11688600480556488,
  "hip_prominence": 0.029142054729163647
}