{
  "shoulder_hip_ratio": 1.734528104196396,
  "waist_position": 0.5042533278465271,
  "torso_ratio": 1.153857846200176,
  "shoulder_prominence": 0.13341597840189934,
  "hip_prominence": 0.08960378915071487
}