{
  "shoulder_hip_ratio": 1.9483347807862117,
  "waist_position": 0.4712428003549576,
  "torso_ratio": 1.085141264488124,
  "shoulder_prominence": 0.024452291429042816,
  "hip_prominence": 0.00646192254498601
}