{
  "shoulder_hip_ratio": 1.6275748081806596,
  "waist_position": 0.5111429840326309,
  "torso_ratio": 1.3556650157516466,
  "shoulder_prominence": 0.006507445126771927,
  "hip_prominence": 0.036166962236166
}