{
  "shoulder_hip_ratio": 1.8814522915472116,
  "waist_position": 0.4929352104663849,
  "torso_ratio": 1.12651019369283,
  "shoulder_prominence": 0.08124992251396179,
  "hip_prominence": 0.05879625119268894
}