{
  "shoulder_hip_ratio": 1.872814970607329,
  "waist_position": 0.5861314535140991,
  "torso_ratio": 1.266167225269965,
  "shoulder_prominence": 0.2675592191517353,
  "hip_prominence": 0.17642315477132797
}