{
  "shoulder_hip_ratio": 1.6025824378692877,
  "waist_position": 0.4909237027168274,
  "torso_ratio": 1.3292216252438025,
  "shoulder_prominence": 0.08040403574705124,
  "hip_prominence": 0.08425648137927055
}