{
  "shoulder_hip_ratio": 1.7037277900975847,
  "waist_position": 0.5072038471698761,
  "torso_ratio": 1.1631688899400463,
  "shoulder_prominence": 0.07996225357055664,
  "hip_prominence": 0.021607816219329834
}