{
  "shoulder_hip_ratio": 1.6875386601497249,
  "waist_position": 0.5025873333215714,
  "torso_ratio": 1.2799596564173685,
  "shoulder_prominence": 0.026475585997104645,
  "hip_prominence": 0.013846308458596468
}