{
  "shoulder_hip_ratio": 1.6469761887765102,
  "waist_position": 0.5305299758911133,
  "torso_ratio": 1.1690641205924834,
  "shoulder_prominence": 0.05861629173159599,
  "hip_prominence": 0.052467938512563705
}