{
  "shoulder_hip_ratio": 1.7586620556844859,
  "waist_position": 0.4935750216245651,
  "torso_ratio": 1.2827719975424896,
  "shoulder_prominence": 0.10722017288208008,
  "hip_prominence": 0.08729199692606926
}