{
  "shoulder_hip_ratio": 1.6028501081920479,
  "waist_position": 0.48331019282341003,
  "torso_ratio": 1.3059874424441948,
  "shoulder_prominence": 0.024155177175998688,
  "hip_prominence": 0.045003026723861694
}