{
  "shoulder_hip_ratio": 1.694631256616882,
  "waist_position": 0.49710114300251007,
  "torso_ratio": 1.3327216254831593,
  "shoulder_prominence": 0.051447668578475714,
  "hip_prominence": 0.031984880566596985
}