{
  "shoulder_hip_ratio": 1.6982813199320352,
  "waist_position": 0.5001196265220642,
  "torso_ratio": 1.2198153308222868,
  "shoulder_prominence": 0.02540520578622818,
  "hip_prominence": 0.012901733629405499
}