{
  "shoulder_hip_ratio": 1.5574522848873007,
  "waist_position": 0.5124737620353699,
  "torso_ratio": 1.37063237686728,
  "shoulder_prominence": 0.027674876153469086,
  "hip_prominence": 0.029035214334726334
}