{
  "shoulder_hip_ratio": 1.7993511734945475,
  "waist_position": 0.5329054594039917,
  "torso_ratio": 1.322111394315088,
  "shoulder_prominence": 0.21024047583341599,
  "hip_prominence": 0.16197265684604645
}