{
  "shoulder_hip_ratio": 1.7972906582094856,
  "waist_position": 0.5058711469173431,
  "torso_ratio": 1.1509240289026343,
  "shoulder_prominence": 0.10710057616233826,
  "hip_prominence": 0.04495522938668728
}