{
  "shoulder_hip_ratio": 1.6688511686766772,
  "waist_position": 0.5261278748512268,
  "torso_ratio": 1.2020670257138346,
  "shoulder_prominence": 0.023673593997955322,
  "hip_prominence": 0.01740214880555868
}