{
  "shoulder_hip_ratio": 1.7751514820091694,
  "waist_position": 0.5223524868488312,
  "torso_ratio": 1.3750756368568184,
  "shoulder_prominence": 0.221919234842062,
  "hip_prominence": 0.16862524300813675
}