{
  "shoulder_hip_ratio": 1.8236111025077029,
  "waist_position": 0.4993820935487747,
  "torso_ratio": 1.083912569029454,
  "shoulder_prominence": 0.014728233218193054,
  "hip_prominence": 0.006324034882709384
}