{
  "shoulder_hip_ratio": 1.6640296551421954,
  "waist_position": 0.49011173844337463,
  "torso_ratio": 1.248126400836593,
  "shoulder_prominence": 0.15747805312275887,
  "hip_prominence": 0.053921518847346306
}