{
  "shoulder_hip_ratio": 1.6225319562743983,
  "waist_position": 0.542429655790329,
  "torso_ratio": 1.148246507414717,
  "shoulder_prominence": 0.07386128604412079,
  "hip_prominence": 0.013093221001327038
}