{
  "shoulder_hip_ratio": 1.6268868721474479,
  "waist_position": 0.45038411021232605,
  "torso_ratio": 1.6958903821353162,
  "shoulder_prominence": 0.456904835999012,
  "hip_prominence": 0.3025340139865875
}