{
  "shoulder_hip_ratio": 1.7461444513260986,
  "waist_position": 0.501714825630188,
  "torso_ratio": 1.2438793085034174,
  "shoulder_prominence": 0.16840286180377007,
  "hip_prominence": 0.10199452564120293
}