{
  "shoulder_hip_ratio": 1.893791468612749,
  "waist_position": 0.4763197749853134,
  "torso_ratio": 1.3287650217987492,
  "shoulder_prominence": 0.19103502109646797,
  "hip_prominence": 0.1191650778055191
}