{
  "shoulder_hip_ratio": 1.820539748304099,
  "waist_position": 0.5066266357898712,
  "torso_ratio": 1.3094161846862513,
  "shoulder_prominence": 0.06796842813491821,
  "hip_prominence": 0.03782930597662926
}