{
  "shoulder_hip_ratio": 2.422199416343729,
  "waist_position": 0.4603326916694641,
  "torso_ratio": 1.5040520418037344,
  "shoulder_prominence": 0.22137945890426636,
  "hip_prominence": 0.19760452210903168
}