{
  "shoulder_hip_ratio": 1.683449246633133,
  "waist_position": 0.48863446712493896,
  "torso_ratio": 1.2885213177479289,
  "shoulder_prominence": 0.05572223197668791,
  "hip_prominence": 0.036440409719944
}