{
  "shoulder_hip_ratio": 1.6576386284058422,
  "waist_position": 0.47632014751434326,
  "torso_ratio": 1.267837913240334,
  "shoulder_prominence": 0.07212899997830391,
  "hip_prominence": 0.03566130809485912
}