{
  "shoulder_hip_ratio": 1.5838199014501015,
  "waist_position": 0.5019661486148834,
  "torso_ratio": 1.1985735737430308,
  "shoulder_prominence": 0.030518359504640102,
  "hip_prominence": 0.03867645747959614
}