{
  "shoulder_hip_ratio": 1.8207038249600496,
  "waist_position": 0.5024324655532837,
  "torso_ratio": 1.1026750745230103,
  "shoulder_prominence": 0.014459088444709778,
  "hip_prominence": 0.0055059329606592655
}