{
  "shoulder_hip_ratio": 1.733481983070839,
  "waist_position": 0.5124198943376541,
  "torso_ratio": 1.287034470073142,
  "shoulder_prominence": 0.12115290015935898,
  "hip_prominence": 0.08301153033971786
}