{
  "shoulder_hip_ratio": 1.7450108901017047,
  "waist_position": 0.48692066967487335,
  "torso_ratio": 1.2319313866534367,
  "shoulder_prominence": 0.013144358992576599,
  "hip_prominence": 0.017572222277522087
}