{
  "shoulder_hip_ratio": 1.763223135395244,
  "waist_position": 0.5310307145118713,
  "torso_ratio": 1.3113584854966738,
  "shoulder_prominence": 0.05562599003314972,
  "hip_prominence": 0.023828445933759212
}