{
  "shoulder_hip_ratio": 1.843542021103001,
  "waist_position": 0.5251498222351074,
  "torso_ratio": 1.2239144872391519,
  "shoulder_prominence": 0.04879239201545715,
  "hip_prominence": 0.0016122744418680668
}