{
  "shoulder_hip_ratio": 1.6685695315658529,
  "waist_position": 0.46261730790138245,
  "torso_ratio": 1.133568915634638,
  "shoulder_prominence": 0.11536908894777298,
  "hip_prominence": 0.10143435746431351
}