{
  "shoulder_hip_ratio": 1.640716107505303,
  "waist_position": 0.5100554525852203,
  "torso_ratio": 1.1745434206174237,
  "shoulder_prominence": 0.10529322922229767,
  "hip_prominence": 0.05388467013835907
}