{
  "shoulder_hip_ratio": 1.8484273933812845,
  "waist_position": 0.5055214762687683,
  "torso_ratio": 1.0937543611798546,
  "shoulder_prominence": 0.06923740915954113,
  "hip_prominence": 0.07289440557360649
}