{
  "shoulder_hip_ratio": 2.123883071375067,
  "waist_position": 0.5531897842884064,
  "torso_ratio": 1.1291592099294419,
  "shoulder_prominence": 0.16703267395496368,
  "hip_prominence": 0.05610698647797108
}