{
  "shoulder_hip_ratio": 1.7352112184097017,
  "waist_position": 0.5041777491569519,
  "torso_ratio": 1.2222154465063126,
  "shoulder_prominence": 0.07635387033224106,
  "hip_prominence": 0.03536555729806423
}