{
  "shoulder_hip_ratio": 1.5547120707866924,
  "waist_position": 0.46489258110523224,
  "torso_ratio": 1.2498798697814553,
  "shoulder_prominence": 0.029155433177947998,
  "hip_prominence": 0.04865394905209541
}