{
  "shoulder_hip_ratio": 1.7825025691357512,
  "waist_position": 0.4986231327056885,
  "torso_ratio": 1.2441561571060977,
  "shoulder_prominence": 0.1345621459186077,
  "hip_prominence": 0.10369095206260681
}