{
  "shoulder_hip_ratio": 1.605713370094245,
  "waist_position": 0.470171183347702,
  "torso_ratio": 1.2024756263565681,
  "shoulder_prominence": 0.16769471764564514,
  "hip_prominence": 0.07972460985183716
}