{
  "shoulder_hip_ratio": 2.3473491569074145,
  "waist_position": 0.5248593688011169,
  "torso_ratio": 1.3891422719617614,
  "shoulder_prominence": 0.2689012512564659,
  "hip_prominence": 0.2194567248225212
}