{
  "shoulder_hip_ratio": 1.77674251798015,
  "waist_position": 0.5245152711868286,
  "torso_ratio": 1.4320035131355948,
  "shoulder_prominence": 0.1897156424820423,
  "hip_prominence": 0.1760478988289833
}