{
  "shoulder_hip_ratio": 1.897500381050104,
  "waist_position": 0.5104413032531738,
  "torso_ratio": 1.2468061181202597,
  "shoulder_prominence": 0.06638281792402267,
  "hip_prominence": 0.042373355478048325
}