{
  "shoulder_hip_ratio": 1.6913420248322641,
  "waist_position": 0.49127717316150665,
  "torso_ratio": 1.2600005013357058,
  "shoulder_prominence": 0.15209472551941872,
  "hip_prominence": 0.05267472006380558
}