{
  "shoulder_hip_ratio": 1.7276225869256359,
  "waist_position": 0.4906986504793167,
  "torso_ratio": 1.040782849723685,
  "shoulder_prominence": 0.00780603289604187,
  "hip_prominence": 0.0026405444368720055
}