{
  "shoulder_hip_ratio": 1.8208629498242523,
  "waist_position": 0.49471601843833923,
  "torso_ratio": 1.2249816988171096,
  "shoulder_prominence": 0.05527292937040329,
  "hip_prominence": 0.023633315227925777
}