{
  "shoulder_hip_ratio": 1.810295965106694,
  "waist_position": 0.5212717354297638,
  "torso_ratio": 1.1233178740480563,
  "shoulder_prominence": 0.03180655837059021,
  "hip_prominence": 0.014507807325571775
}