{
  "shoulder_hip_ratio": 1.4806947832559383,
  "waist_position": 0.4982868582010269,
  "torso_ratio": 1.378496097796707,
  "shoulder_prominence": 0.01412968896329403,
  "hip_prominence": 0.02679957076907158
}