{
  "shoulder_hip_ratio": 1.773565693960665,
  "waist_position": 0.4983765035867691,
  "torso_ratio": 1.1708664730744964,
  "shoulder_prominence": 0.16407788544893265,
  "hip_prominence": 0.05911003053188324
}