{
  "shoulder_hip_ratio": 1.694613109867488,
  "waist_position": 0.5117465853691101,
  "torso_ratio": 1.5267993497791181,
  "shoulder_prominence": 0.5040900185704231,
  "hip_prominence": 0.3100806474685669
}