{
  "shoulder_hip_ratio": 1.697581426592931,
  "waist_position": 0.47381557524204254,
  "torso_ratio": 1.4438995098974567,
  "shoulder_prominence": 0.3080526143312454,
  "hip_prominence": 0.2314707711338997
}