{
  "shoulder_hip_ratio": 1.9388224966557839,
  "waist_position": 0.4948498457670212,
  "torso_ratio": 1.2830687290331941,
  "shoulder_prominence": 0.014894142746925354,
  "hip_prominence": 0.050042254850268364
}