{
  "shoulder_hip_ratio": 1.7397235445786392,
  "waist_position": 0.4666878283023834,
  "torso_ratio": 1.300411799723974,
  "shoulder_prominence": 0.17118044197559357,
  "hip_prominence": 0.13924311846494675
}