{
  "shoulder_hip_ratio": 1.6819778232916798,
  "waist_position": 0.513770580291748,
  "torso_ratio": 1.1882830152794646,
  "shoulder_prominence": 0.12504493445158005,
  "hip_prominence": 0.07808007672429085
}