{
  "shoulder_hip_ratio": 1.7501923661286902,
  "waist_position": 0.5065786242485046,
  "torso_ratio": 1.213511601344911,
  "shoulder_prominence": 0.059607699513435364,
  "hip_prominence": 0.026336317881941795
}