{
  "shoulder_hip_ratio": 1.7444548642975861,
  "waist_position": 0.4937019944190979,
  "torso_ratio": 1.1761262011026306,
  "shoulder_prominence": 0.10072056762874126,
  "hip_prominence": 0.0014987411559559405
}