{
  "shoulder_hip_ratio": 1.6994280527779593,
  "waist_position": 0.4425739049911499,
  "torso_ratio": 1.3694638664027856,
  "shoulder_prominence": 0.16707098949700594,
  "hip_prominence": 0.09458579123020172
}