{
  "shoulder_hip_ratio": 1.6095691979873519,
  "waist_position": 0.5084325075149536,
  "torso_ratio": 1.2852899829326618,
  "shoulder_prominence": 0.0801183208823204,
  "hip_prominence": 0.03946206532418728
}