{
  "shoulder_hip_ratio": 1.7835527324873672,
  "waist_position": 0.4894871562719345,
  "torso_ratio": 1.2064025433400778,
  "shoulder_prominence": 0.10407893545925617,
  "hip_prominence": 0.07139723375439644
}