{
  "shoulder_hip_ratio": 1.6130007446424206,
  "waist_position": 0.46202409267425537,
  "torso_ratio": 1.3229754236908269,
  "shoulder_prominence": 0.01331116259098053,
  "hip_prominence": 0.02533937431871891
}