{
  "shoulder_hip_ratio": 1.8982524443484183,
  "waist_position": 0.4967228174209595,
  "torso_ratio": 1.3971013386745208,
  "shoulder_prominence": 0.2693673106841743,
  "hip_prominence": 0.2133043259382248
}