{
  "shoulder_hip_ratio": 1.8265886122349075,
  "waist_position": 0.48547953367233276,
  "torso_ratio": 1.2916504485667393,
  "shoulder_prominence": 0.10721787810325623,
  "hip_prominence": 0.043050723150372505
}