{
  "shoulder_hip_ratio": 1.9264474245114955,
  "waist_position": 0.5429791510105133,
  "torso_ratio": 1.2809947579227066,
  "shoulder_prominence": 0.3227218762040138,
  "hip_prominence": 0.19253897666931152
}