{
  "shoulder_hip_ratio": 1.703479541142779,
  "waist_position": 0.5070250332355499,
  "torso_ratio": 1.291442248753946,
  "shoulder_prominence": 0.06393646448850632,
  "hip_prominence": 0.012472867965698242
}