{
  "shoulder_hip_ratio": 1.6010940383216958,
  "waist_position": 0.4917394369840622,
  "torso_ratio": 1.2725018399795212,
  "shoulder_prominence": 0.09416842833161354,
  "hip_prominence": 0.05190009996294975
}