{
  "shoulder_hip_ratio": 1.6819958738813627,
  "waist_position": 0.5368545055389404,
  "torso_ratio": 1.1367369425987008,
  "shoulder_prominence": 0.0755390590056777,
  "hip_prominence": 0.06780734658241272
}