{
  "shoulder_hip_ratio": 1.798259256362196,
  "waist_position": 0.50199756026268,
  "torso_ratio": 1.345858806104974,
  "shoulder_prominence": 0.1230618841946125,
  "hip_prominence": 0.05095888115465641
}