{
  "shoulder_hip_ratio": 1.5993900671336623,
  "waist_position": 0.48092734813690186,
  "torso_ratio": 1.2058343098597455,
  "shoulder_prominence": 0.06932248175144196,
  "hip_prominence": 0.09554677084088326
}