{
  "shoulder_hip_ratio": 1.7067524645667262,
  "waist_position": 0.5183645188808441,
  "torso_ratio": 1.3194728291087094,
  "shoulder_prominence": 0.12155307084321976,
  "hip_prominence": 0.08554075285792351
}