{
  "shoulder_hip_ratio": 1.656161312462501,
  "waist_position": 0.4685724675655365,
  "torso_ratio": 1.2549283694695124,
  "shoulder_prominence": 0.007066056132316589,
  "hip_prominence": 0.03293913044035435
}