{
  "shoulder_hip_ratio": 1.6774798514815594,
  "waist_position": 0.5084299296140671,
  "torso_ratio": 1.2662275317480391,
  "shoulder_prominence": 0.09305213391780853,
  "hip_prominence": 0.03655064292252064
}