{
  "shoulder_hip_ratio": 1.7985505196236187,
  "waist_position": 0.4936504364013672,
  "torso_ratio": 1.080002246825213,
  "shoulder_prominence": 0.011956676840782166,
  "hip_prominence": 0.03182549774646759
}