{
  "shoulder_hip_ratio": 1.6289004008526757,
  "waist_position": 0.4862894266843796,
  "torso_ratio": 1.3070889431914663,
  "shoulder_prominence": 0.039652206003665924,
  "hip_prominence": 0.016175427474081516
}