{
  "shoulder_hip_ratio": 1.769072975954049,
  "waist_position": 0.5022493451833725,
  "torso_ratio": 1.2675754038807734,
  "shoulder_prominence": 0.04120214842259884,
  "hip_prominence": 0.055215807631611824
}