{
  "shoulder_hip_ratio": 1.782898056301088,
  "waist_position": 0.5105395913124084,
  "torso_ratio": 1.2780868915052879,
  "shoulder_prominence": 0.023340790532529354,
  "hip_prominence": 0.02794361114501953
}