{
  "shoulder_hip_ratio": 1.699699422158205,
  "waist_position": 0.5047312676906586,
  "torso_ratio": 1.276949385136024,
  "shoulder_prominence": 0.08636103197932243,
  "hip_prominence": 0.05116932839155197
}