{
  "shoulder_hip_ratio": 1.6257672625297725,
  "waist_position": 0.49159151315689087,
  "torso_ratio": 1.2460168533224691,
  "shoulder_prominence": 0.021106931380927563,
  "hip_prominence": 0.02085775975137949
}