{
  "shoulder_hip_ratio": 1.641160327030691,
  "waist_position": 0.49127084016799927,
  "torso_ratio": 1.3095004395107834,
  "shoulder_prominence": 0.05267381086014211,
  "hip_prominence": 0.02376092504709959
}