{
  "shoulder_hip_ratio": 1.717754748192602,
  "waist_position": 0.49816834926605225,
  "torso_ratio": 1.3749780570543737,
  "shoulder_prominence": 0.15605702251195908,
  "hip_prominence": 0.07697427645325661
}