{
  "shoulder_hip_ratio": 1.8882247465160524,
  "waist_position": 0.4805227369070053,
  "torso_ratio": 1.382326051469875,
  "shoulder_prominence": 0.19562293961644173,
  "hip_prominence": 0.12036628276109695
}