{
  "shoulder_hip_ratio": 1.9355523275652669,
  "waist_position": 0.5165293216705322,
  "torso_ratio": 1.1501984269381356,
  "shoulder_prominence": 0.09865714237093925,
  "hip_prominence": 0.029352878220379353
}