{
  "shoulder_hip_ratio": 1.9059459851040952,
  "waist_position": 0.5081785023212433,
  "torso_ratio": 1.200077074892392,
  "shoulder_prominence": 0.09460022300481796,
  "hip_prominence": 0.05003613606095314
}