{
  "shoulder_hip_ratio": 1.7986611967825232,
  "waist_position": 0.49661490321159363,
  "torso_ratio": 1.2202488329223866,
  "shoulder_prominence": 0.003285035490989685,
  "hip_prominence": 0.04834672063589096
}