{
  "shoulder_hip_ratio": 1.6207726680482832,
  "waist_position": 0.5235203206539154,
  "torso_ratio": 1.2684907321297443,
  "shoulder_prominence": 0.10897194780409336,
  "hip_prominence": 0.06504149734973907
}