{
  "shoulder_hip_ratio": 1.7714255455266208,
  "waist_position": 0.5051009654998779,
  "torso_ratio": 1.1874853956676152,
  "shoulder_prominence": 0.07259323075413704,
  "hip_prominence": 0.048116326332092285
}