{
  "shoulder_hip_ratio": 1.6892400958185576,
  "waist_position": 0.498989075422287,
  "torso_ratio": 1.1605127302494171,
  "shoulder_prominence": 0.02634208253584802,
  "hip_prominence": 0.005649262806400657
}