{
  "shoulder_hip_ratio": 1.8934627369200594,
  "waist_position": 0.48088568449020386,
  "torso_ratio": 1.1110375013924827,
  "shoulder_prominence": 0.1842021569609642,
  "hip_prominence": 0.15655849128961563
}