{
  "shoulder_hip_ratio": 1.7150492353522182,
  "waist_position": 0.4651336073875427,
  "torso_ratio": 1.200683951001526,
  "shoulder_prominence": 0.04205699637532234,
  "hip_prominence": 0.011722806841135025
}