{
  "shoulder_hip_ratio": 1.8497265514852097,
  "waist_position": 0.4563610553741455,
  "torso_ratio": 1.162652776390015,
  "shoulder_prominence": 0.044004932045936584,
  "hip_prominence": 0.03088152687996626
}