{
  "shoulder_hip_ratio": 1.7766493942561132,
  "waist_position": 0.4646506905555725,
  "torso_ratio": 1.1849310265528292,
  "shoulder_prominence": 0.015395835041999817,
  "hip_prominence": 0.006866223178803921
}