{
  "shoulder_hip_ratio": 1.7413945625535034,
  "waist_position": 0.5053980350494385,
  "torso_ratio": 1.3602503016642562,
  "shoulder_prominence": 0.08326197229325771,
  "hip_prominence": 0.08044755458831787
}