{
  "shoulder_hip_ratio": 1.8375256228880334,
  "waist_position": 0.5369395911693573,
  "torso_ratio": 1.242097147725234,
  "shoulder_prominence": 0.09221524000167847,
  "hip_prominence": 0.03367664851248264
}