{
  "shoulder_hip_ratio": 1.7410699025315541,
  "waist_position": 0.49352747201919556,
  "torso_ratio": 1.1958064418997405,
  "shoulder_prominence": 0.10820915549993515,
  "hip_prominence": 0.05254058912396431
}