{
  "shoulder_hip_ratio": 1.5589735327619172,
  "waist_position": 0.5020712018013,
  "torso_ratio": 1.214607505581052,
  "shoulder_prominence": 0.1564190313220024,
  "hip_prominence": 0.045330168679356575
}