{
  "shoulder_hip_ratio": 1.6740372673928616,
  "waist_position": 0.5323600769042969,
  "torso_ratio": 1.225507467968187,
  "shoulder_prominence": 0.029718386009335518,
  "hip_prominence": 0.007765813264995813
}