{
  "shoulder_hip_ratio": 1.9722112282573745,
  "waist_position": 0.5057891309261322,
  "torso_ratio": 1.331154570551602,
  "shoulder_prominence": 0.3141985237598419,
  "hip_prominence": 0.22351332753896713
}