{
  "shoulder_hip_ratio": 1.913448441393011,
  "waist_position": 0.4921269565820694,
  "torso_ratio": 1.228880833761212,
  "shoulder_prominence": 0.02933695912361145,
  "hip_prominence": 0.00942374300211668
}