{
  "shoulder_hip_ratio": 1.730406511849038,
  "waist_position": 0.4624427556991577,
  "torso_ratio": 1.2209433155953306,
  "shoulder_prominence": 0.01133708655834198,
  "hip_prominence": 0.010010259225964546
}