{
  "shoulder_hip_ratio": 1.5604640291214473,
  "waist_position": 0.5234127938747406,
  "torso_ratio": 1.2509297132384822,
  "shoulder_prominence": 0.07888932852074504,
  "hip_prominence": 0.03011931385844946
}