{
  "shoulder_hip_ratio": 2.0706391455416826,
  "waist_position": 0.5155834853649139,
  "torso_ratio": 1.9768583741073598,
  "shoulder_prominence": 0.505205973982811,
  "hip_prominence": 0.30083853006362915
}