{
  "shoulder_hip_ratio": 1.7389832664042242,
  "waist_position": 0.5002198815345764,
  "torso_ratio": 1.1054568588264648,
  "shoulder_prominence": 0.028232082724571228,
  "hip_prominence": 0.014159237500280142
}