{
  "shoulder_hip_ratio": 1.4977195250989035,
  "waist_position": 0.4931839406490326,
  "torso_ratio": 1.4375089262649425,
  "shoulder_prominence": 0.008254095911979675,
  "hip_prominence": 0.02087021991610527
}