{
  "shoulder_hip_ratio": 1.6809609199095525,
  "waist_position": 0.4754047095775604,
  "torso_ratio": 1.2617825809934486,
  "shoulder_prominence": 0.05639564245939255,
  "hip_prominence": 0.01994495838880539
}