{
  "shoulder_hip_ratio": 1.6052502710184091,
  "waist_position": 0.4897163361310959,
  "torso_ratio": 1.2703425912770734,
  "shoulder_prominence": 0.011630192399024963,
  "hip_prominence": 0.0011141647410113364
}