{
  "shoulder_hip_ratio": 1.9510004093904316,
  "waist_position": 0.5062313973903656,
  "torso_ratio": 1.2213407262540983,
  "shoulder_prominence": 0.0621139220893383,
  "hip_prominence": 0.048155348747968674
}