{
  "shoulder_hip_ratio": 1.676593355909685,
  "waist_position": 0.5154806971549988,
  "torso_ratio": 1.2585407419421923,
  "shoulder_prominence": 0.1219276450574398,
  "hip_prominence": 0.10308198258280754
}