{
  "shoulder_hip_ratio": 1.6893311262598982,
  "waist_position": 0.5035089403390884,
  "torso_ratio": 1.2226928989697254,
  "shoulder_prominence": 0.038887832313776016,
  "hip_prominence": 0.010095310863107443
}