{
  "shoulder_hip_ratio": 1.6552049157867452,
  "waist_position": 0.49893923103809357,
  "torso_ratio": 1.2094120738117897,
  "shoulder_prominence": 0.09461526572704315,
  "hip_prominence": 0.053002532571554184
}