{
  "shoulder_hip_ratio": 1.76913291964652,
  "waist_position": 0.5247320830821991,
  "torso_ratio": 1.376060730223935,
  "shoulder_prominence": 0.18146074563264847,
  "hip_prominence": 0.158390112221241
}