{
  "shoulder_hip_ratio": 1.8513046309728622,
  "waist_position": 0.5012196451425552,
  "torso_ratio": 1.2320439559587557,
  "shoulder_prominence": 0.02739769220352173,
  "hip_prominence": 0.0037212445167824626
}