{
  "shoulder_hip_ratio": 1.6353821591980886,
  "waist_position": 0.458022341132164,
  "torso_ratio": 1.1821378564882474,
  "shoulder_prominence": 0.0126236192882061,
  "hip_prominence": 0.025529205799102783
}