{
  "shoulder_hip_ratio": 1.6349815719760312,
  "waist_position": 0.46460017561912537,
  "torso_ratio": 1.2584782501544096,
  "shoulder_prominence": 0.05361100286245346,
  "hip_prominence": 0.042963990941643715
}