{
  "shoulder_hip_ratio": 1.7969296280392746,
  "waist_position": 0.505020409822464,
  "torso_ratio": 1.1836470706893307,
  "shoulder_prominence": 0.06828068196773529,
  "hip_prominence": 0.05155528709292412
}