{
  "shoulder_hip_ratio": 1.9932733851572253,
  "waist_position": 0.5075187236070633,
  "torso_ratio": 1.195842259993075,
  "shoulder_prominence": 0.15403846092522144,
  "hip_prominence": 0.09260492399334908
}