{
  "shoulder_hip_ratio": 1.592974803538552,
  "waist_position": 0.49522557854652405,
  "torso_ratio": 1.3259958439879422,
  "shoulder_prominence": 0.1562298946082592,
  "hip_prominence": 0.07936792075634003
}