{
  "shoulder_hip_ratio": 1.737112309233404,
  "waist_position": 0.4968288838863373,
  "torso_ratio": 1.2556899530026828,
  "shoulder_prominence": 0.01430530846118927,
  "hip_prominence": 0.025302069261670113
}