{
  "shoulder_hip_ratio": 1.747813226096698,
  "waist_position": 0.4920530617237091,
  "torso_ratio": 1.4281831926632849,
  "shoulder_prominence": 0.23740295320749283,
  "hip_prominence": 0.16356544941663742
}