{
  "shoulder_hip_ratio": 1.720360899598662,
  "waist_position": 0.46141065657138824,
  "torso_ratio": 1.1552219467326277,
  "shoulder_prominence": 0.11941835284233093,
  "hip_prominence": 0.11033323034644127
}