{
  "shoulder_hip_ratio": 1.7620231400427855,
  "waist_position": 0.4924502521753311,
  "torso_ratio": 1.2096490260395691,
  "shoulder_prominence": 0.22420964390039444,
  "hip_prominence": 0.1680651158094406
}