{
  "shoulder_hip_ratio": 1.6835844774022284,
  "waist_position": 0.4776764363050461,
  "torso_ratio": 1.2530579744227242,
  "shoulder_prominence": 0.15591147914528847,
  "hip_prominence": 0.07546565309166908
}