{
  "shoulder_hip_ratio": 1.648989942770358,
  "waist_position": 0.5026648938655853,
  "torso_ratio": 1.2886704547286962,
  "shoulder_prominence": 0.04560186713933945,
  "hip_prominence": 0.03266163915395737
}