{
  "shoulder_hip_ratio": 1.6318827978352826,
  "waist_position": 0.4818354696035385,
  "torso_ratio": 1.1826013169601743,
  "shoulder_prominence": 0.24488132447004318,
  "hip_prominence": 0.1701085865497589
}