{
  "shoulder_hip_ratio": 1.9169221142067565,
  "waist_position": 0.5185984969139099,
  "torso_ratio": 1.1343059593895493,
  "shoulder_prominence": 0.008906856179237366,
  "hip_prominence": 0.007614940637722611
}