{
  "shoulder_hip_ratio": 1.70164495487034,
  "waist_position": 0.48958975076675415,
  "torso_ratio": 1.1362249920897967,
  "shoulder_prominence": 0.03793869912624359,
  "hip_prominence": 0.004814210115000606
}