{
  "shoulder_hip_ratio": 1.830800928224107,
  "waist_position": 0.4930691421031952,
  "torso_ratio": 1.2078763949709177,
  "shoulder_prominence": 0.0689643332734704,
  "hip_prominence": 0.0211908845230937
}