{
  "shoulder_hip_ratio": 1.7965533753231575,
  "waist_position": 0.5183191299438477,
  "torso_ratio": 1.1277869234064384,
  "shoulder_prominence": 0.021817505359649658,
  "hip_prominence": 0.006791423074901104
}