{
  "shoulder_hip_ratio": 1.8796628554076396,
  "waist_position": 0.5417748093605042,
  "torso_ratio": 1.2009578189166135,
  "shoulder_prominence": 0.03372134454548359,
  "hip_prominence": 0.009073218330740929
}