{
  "shoulder_hip_ratio": 2.070586077947666,
  "waist_position": 0.4638602286577225,
  "torso_ratio": 1.1748354085974462,
  "shoulder_prominence": 0.22177233546972275,
  "hip_prominence": 0.18629687279462814
}