{
  "shoulder_hip_ratio": 1.5800115215986958,
  "waist_position": 0.5292769968509674,
  "torso_ratio": 1.3450992062726885,
  "shoulder_prominence": 0.0054223015904426575,
  "hip_prominence": 0.0013238078099675477
}