{
  "shoulder_hip_ratio": 1.7508872503254642,
  "waist_position": 0.5086660385131836,
  "torso_ratio": 1.1734373102241729,
  "shoulder_prominence": 0.0843767523765564,
  "hip_prominence": 0.07719159126281738
}