{
  "shoulder_hip_ratio": 1.6726368794939452,
  "waist_position": 0.4908994734287262,
  "torso_ratio": 1.1926924506115455,
  "shoulder_prominence": 0.002245977520942688,
  "hip_prominence": 0.023840414360165596
}