{
  "shoulder_hip_ratio": 1.8724492371762431,
  "waist_position": 0.490603044629097,
  "torso_ratio": 1.3182398767478651,
  "shoulder_prominence": 0.030128777027130127,
  "hip_prominence": 0.0369176771491766
}