{
  "shoulder_hip_ratio": 1.6480849003868452,
  "waist_position": 0.48059435188770294,
  "torso_ratio": 1.2404943760191354,
  "shoulder_prominence": 0.09604758024215698,
  "hip_prominence": 0.016609511338174343
}