{
  "shoulder_hip_ratio": 1.6668109581569395,
  "waist_position": 0.46843791007995605,
  "torso_ratio": 1.147653915234647,
  "shoulder_prominence": 0.05688239634037018,
  "hip_prominence": 0.029075874015688896
}