{
  "shoulder_hip_ratio": 1.691508770361748,
  "waist_position": 0.5288284122943878,
  "torso_ratio": 1.3169291483905774,
  "shoulder_prominence": 0.013228803873062134,
  "hip_prominence": 0.0008776722606853582
}