{
  "shoulder_hip_ratio": 1.6607746501364729,
  "waist_position": 0.4582936614751816,
  "torso_ratio": 1.1584687865537944,
  "shoulder_prominence": 0.021805882453918457,
  "hip_prominence": 0.03636639006435871
}