{
  "shoulder_hip_ratio": 1.7999265988878215,
  "waist_position": 0.4821838140487671,
  "torso_ratio": 1.1226266468360382,
  "shoulder_prominence": 0.006387479603290558,
  "hip_prominence": 0.01117504108697176
}