{
  "shoulder_hip_ratio": 1.8694318934490954,
  "waist_position": 0.5028342306613922,
  "torso_ratio": 1.2977010648681664,
  "shoulder_prominence": 0.08228549361228943,
  "hip_prominence": 0.04220438748598099
}