{
  "shoulder_hip_ratio": 1.5946722740718098,
  "waist_position": 0.5314962565898895,
  "torso_ratio": 1.6037096264698012,
  "shoulder_prominence": 0.31353759765625,
  "hip_prominence": 0.18212315440177917
}