{
  "shoulder_hip_ratio": 1.7676226167789173,
  "waist_position": 0.5274564623832703,
  "torso_ratio": 1.1010091929995485,
  "shoulder_prominence": 0.1386530101299286,
  "hip_prominence": 0.09493052214384079
}