{
  "shoulder_hip_ratio": 1.6932863443955783,
  "waist_position": 0.5086595416069031,
  "torso_ratio": 1.1439742463898586,
  "shoulder_prominence": 0.09076006710529327,
  "hip_prominence": 0.011996822897344828
}