{
  "shoulder_hip_ratio": 1.6082974297368566,
  "waist_position": 0.558582603931427,
  "torso_ratio": 1.244144636696362,
  "shoulder_prominence": 0.17246596235781908,
  "hip_prominence": 0.11303095892071724
}