{
  "shoulder_hip_ratio": 1.8010707596249018,
  "waist_position": 0.47074490785598755,
  "torso_ratio": 1.3051531378037546,
  "shoulder_prominence": 0.1647648587822914,
  "hip_prominence": 0.1389501392841339
}