{
  "shoulder_hip_ratio": 1.7239143162542112,
  "waist_position": 0.478913277387619,
  "torso_ratio": 1.1151177603301292,
  "shoulder_prominence": 0.021374276839196682,
  "hip_prominence": 0.010621793568134308
}