{
  "shoulder_hip_ratio": 1.7144920974227154,
  "waist_position": 0.45749425888061523,
  "torso_ratio": 1.1569202706489454,
  "shoulder_prominence": 0.0676753893494606,
  "hip_prominence": 0.07676050812005997
}