{
  "shoulder_hip_ratio": 1.6752765730017662,
  "waist_position": 0.5283095240592957,
  "torso_ratio": 1.24307027743569,
  "shoulder_prominence": 0.03409795090556145,
  "hip_prominence": 0.04609617963433266
}