{
  "shoulder_hip_ratio": 1.8604856931883513,
  "waist_position": 0.49690450727939606,
  "torso_ratio": 1.3109909037810168,
  "shoulder_prominence": 0.008372865617275238,
  "hip_prominence": 0.034199608489871025
}