{
  "shoulder_hip_ratio": 1.708661188582841,
  "waist_position": 0.4931817054748535,
  "torso_ratio": 1.2500664590445958,
  "shoulder_prominence": 0.035007745027542114,
  "hip_prominence": 0.0011059381940867752
}