{
  "shoulder_hip_ratio": 1.802732304751235,
  "waist_position": 0.5082253217697144,
  "torso_ratio": 1.2607904453737426,
  "shoulder_prominence": 0.04057885706424713,
  "hip_prominence": 0.0076733126770704985
}