{
  "shoulder_hip_ratio": 1.8208502888200646,
  "waist_position": 0.4822447746992111,
  "torso_ratio": 1.131852297380385,
  "shoulder_prominence": 0.04655539244413376,
  "hip_prominence": 0.019152714870870113
}