{
  "shoulder_hip_ratio": 1.8771609376461456,
  "waist_position": 0.49940916895866394,
  "torso_ratio": 1.2064185492671637,
  "shoulder_prominence": 0.03617168217897415,
  "hip_prominence": 0.013698054011911154
}