{
  "shoulder_hip_ratio": 1.7903727633890154,
  "waist_position": 0.503516674041748,
  "torso_ratio": 1.2853005221238343,
  "shoulder_prominence": 0.06755890510976315,
  "hip_prominence": 0.06780793890357018
}