{
  "shoulder_hip_ratio": 1.7587637503982634,
  "waist_position": 0.5050439238548279,
  "torso_ratio": 1.2793479456915828,
  "shoulder_prominence": 0.11396568641066551,
  "hip_prominence": 0.03938562422990799
}