{
  "shoulder_hip_ratio": 1.9379499006383563,
  "waist_position": 0.49858687818050385,
  "torso_ratio": 1.2171374068387664,
  "shoulder_prominence": 0.05469287931919098,
  "hip_prominence": 0.07517403364181519
}