{
  "shoulder_hip_ratio": 1.761247143933239,
  "waist_position": 0.4960165172815323,
  "torso_ratio": 1.157810152786861,
  "shoulder_prominence": 0.006344139575958252,
  "hip_prominence": 0.055324628949165344
}