{
  "shoulder_hip_ratio": 1.6170805251486091,
  "waist_position": 0.4874051809310913,
  "torso_ratio": 1.3201530034448676,
  "shoulder_prominence": 0.22407280188053846,
  "hip_prominence": 0.11755603179335594
}