{
  "shoulder_hip_ratio": 1.7438513693796835,
  "waist_position": 0.5009716749191284,
  "torso_ratio": 1.2622454008125832,
  "shoulder_prominence": 0.10283350944519043,
  "hip_prominence": 0.053706955164670944
}