{
  "shoulder_hip_ratio": 1.7589157519465,
  "waist_position": 0.5049431920051575,
  "torso_ratio": 1.2324977410184208,
  "shoulder_prominence": 0.006306719034910202,
  "hip_prominence": 0.0052568609826266766
}