{
  "shoulder_hip_ratio": 1.633313599258903,
  "waist_position": 0.4911229610443115,
  "torso_ratio": 1.525738125962029,
  "shoulder_prominence": 0.20742389559745789,
  "hip_prominence": 0.09979267045855522
}