{
  "shoulder_hip_ratio": 1.6538331129936987,
  "waist_position": 0.5633991360664368,
  "torso_ratio": 1.3492136170169917,
  "shoulder_prominence": 0.11967891314998269,
  "hip_prominence": 0.08214012533426285
}