{
  "shoulder_hip_ratio": 1.7146120920252788,
  "waist_position": 0.49345289170742035,
  "torso_ratio": 1.2404809336808125,
  "shoulder_prominence": 0.02544298768043518,
  "hip_prominence": 0.0014520458644255996
}