{
  "shoulder_hip_ratio": 1.9261321366384327,
  "waist_position": 0.47908905148506165,
  "torso_ratio": 1.1379215215877345,
  "shoulder_prominence": 0.05996188521385193,
  "hip_prominence": 0.007842130726203322
}