{
  "shoulder_hip_ratio": 2.1233812652497788,
  "waist_position": 0.49683278799057007,
  "torso_ratio": 1.3349313746076847,
  "shoulder_prominence": 0.10881011188030243,
  "hip_prominence": 0.028752796351909637
}