{
  "shoulder_hip_ratio": 1.6540938153183962,
  "waist_position": 0.462410032749176,
  "torso_ratio": 1.445161774838478,
  "shoulder_prominence": 0.09180900454521179,
  "hip_prominence": 0.048986390233039856
}