{
  "shoulder_hip_ratio": 1.754654471922307,
  "waist_position": 0.5056147575378418,
  "torso_ratio": 1.206556039348991,
  "shoulder_prominence": 0.09110566228628159,
  "hip_prominence": 0.04158402979373932
}