{
  "shoulder_hip_ratio": 1.8636183851794235,
  "waist_position": 0.46907393634319305,
  "torso_ratio": 1.5473417576352542,
  "shoulder_prominence": 0.23364657908678055,
  "hip_prominence": 0.14563869684934616
}