{
  "shoulder_hip_ratio": 1.552930278367231,
  "waist_position": 0.5053814351558685,
  "torso_ratio": 1.2375751857834312,
  "shoulder_prominence": 0.03437623381614685,
  "hip_prominence": 0.032141974195837975
}