{
  "shoulder_hip_ratio": 1.6973431961366852,
  "waist_position": 0.49852733314037323,
  "torso_ratio": 1.0669606030333187,
  "shoulder_prominence": 0.04547891765832901,
  "hip_prominence": 0.04601699486374855
}