{
  "shoulder_hip_ratio": 1.3972756357132592,
  "waist_position": 0.5535350441932678,
  "torso_ratio": 1.989280522607206,
  "shoulder_prominence": 0.5775934308767319,
  "hip_prominence": 0.38424284756183624
}