{
  "shoulder_hip_ratio": 1.646636647895511,
  "waist_position": 0.49256132543087006,
  "torso_ratio": 1.186133601405537,
  "shoulder_prominence": 0.028772950172424316,
  "hip_prominence": 0.004635695833712816
}