{
  "shoulder_hip_ratio": 1.7970108305376231,
  "waist_position": 0.5030577778816223,
  "torso_ratio": 1.1670968577471534,
  "shoulder_prominence": 0.06242235749959946,
  "hip_prominence": 0.03039736021310091
}