{
  "shoulder_hip_ratio": 1.6084414062541632,
  "waist_position": 0.5155559182167053,
  "torso_ratio": 1.2867820359315378,
  "shoulder_prominence": 0.00495823472738266,
  "hip_prominence": 0.03246814385056496
}