{
  "shoulder_hip_ratio": 1.8419599215342535,
  "waist_position": 0.5257521569728851,
  "torso_ratio": 1.2163070625974834,
  "shoulder_prominence": 0.41291444003582,
  "hip_prominence": 0.2225685864686966
}