{
  "shoulder_hip_ratio": 1.881652156670642,
  "waist_position": 0.5113185346126556,
  "torso_ratio": 1.3031427785013723,
  "shoulder_prominence": 0.020604096353054047,
  "hip_prominence": 0.023072474636137486
}