{
  "shoulder_hip_ratio": 2.377807143952494,
  "waist_position": 0.47846604883670807,
  "torso_ratio": 1.3711905804040083,
  "shoulder_prominence": 0.22955971211194992,
  "hip_prominence": 0.19432273507118225
}