{
  "shoulder_hip_ratio": 2.0209858172158137,
  "waist_position": 0.4849877655506134,
  "torso_ratio": 1.3672869880094225,
  "shoulder_prominence": 0.28547586500644684,
  "hip_prominence": 0.18347721546888351
}