{
  "shoulder_hip_ratio": 1.69015889272294,
  "waist_position": 0.5196219980716705,
  "torso_ratio": 1.1883570181462773,
  "shoulder_prominence": 0.026715196669101715,
  "hip_prominence": 0.004081732942722738
}