{
  "shoulder_hip_ratio": 1.5891763449676357,
  "waist_position": 0.48688387870788574,
  "torso_ratio": 1.3430692596156055,
  "shoulder_prominence": 0.22468879912048578,
  "hip_prominence": 0.11428159102797508
}