{
  "shoulder_hip_ratio": 1.7685891020957298,
  "waist_position": 0.5284339189529419,
  "torso_ratio": 1.2174554246952147,
  "shoulder_prominence": 0.05149178206920624,
  "hip_prominence": 0.028208651579916477
}