{
  "shoulder_hip_ratio": 1.8736995658137015,
  "waist_position": 0.5035489797592163,
  "torso_ratio": 1.1838555537680182,
  "shoulder_prominence": 0.1286981925368309,
  "hip_prominence": 0.08251865208148956
}