{
  "shoulder_hip_ratio": 1.7266374629869023,
  "waist_position": 0.5011320263147354,
  "torso_ratio": 1.13275772750866,
  "shoulder_prominence": 0.008382409811019897,
  "hip_prominence": 0.021587757393717766
}