{
  "shoulder_hip_ratio": 1.6456348444731441,
  "waist_position": 0.4675126075744629,
  "torso_ratio": 1.1829850680085978,
  "shoulder_prominence": 0.015174351632595062,
  "hip_prominence": 0.021976166404783726
}