{
  "shoulder_hip_ratio": 1.6401973786173838,
  "waist_position": 0.44924306869506836,
  "torso_ratio": 1.1157011369058314,
  "shoulder_prominence": 0.020258992910385132,
  "hip_prominence": 0.034757137298583984
}