{
  "shoulder_hip_ratio": 1.7379367006149142,
  "waist_position": 0.5098473429679871,
  "torso_ratio": 1.1691339379965355,
  "shoulder_prominence": 0.02826613560318947,
  "hip_prominence": 0.042312080040574074
}