{
  "shoulder_hip_ratio": 1.6866024844985779,
  "waist_position": 0.4754796475172043,
  "torso_ratio": 1.3491120853484107,
  "shoulder_prominence": 0.007175387814640999,
  "hip_prominence": 0.020186197012662888
}