{
  "shoulder_hip_ratio": 1.6442596878944864,
  "waist_position": 0.492410272359848,
  "torso_ratio": 1.2339379612283126,
  "shoulder_prominence": 0.14666863530874252,
  "hip_prominence": 0.06980788707733154
}