{
  "shoulder_hip_ratio": 1.689971230340368,
  "waist_position": 0.49363677203655243,
  "torso_ratio": 1.22934486370326,
  "shoulder_prominence": 0.014116302132606506,
  "hip_prominence": 0.004645525710657239
}