{
  "shoulder_hip_ratio": 1.7689146956896138,
  "waist_position": 0.4860139936208725,
  "torso_ratio": 1.129683652404844,
  "shoulder_prominence": 0.04018421471118927,
  "hip_prominence": 0.01086744200438261
}