{
  "shoulder_hip_ratio": 1.760408999198939,
  "waist_position": 0.5217773616313934,
  "torso_ratio": 1.1961675893266337,
  "shoulder_prominence": 0.039559945464134216,
  "hip_prominence": 0.00999640254303813
}