{
  "shoulder_hip_ratio": 1.7945282672418748,
  "waist_position": 0.4741898775100708,
  "torso_ratio": 1.250866785567277,
  "shoulder_prominence": 0.052138651022687554,
  "hip_prominence": 0.054010676220059395
}