{
  "shoulder_hip_ratio": 1.9422944173078638,
  "waist_position": 0.4808667004108429,
  "torso_ratio": 1.1379796032370142,
  "shoulder_prominence": 0.054693687707185745,
  "hip_prominence": 0.0816287249326706
}