{
  "shoulder_hip_ratio": 1.7769006766200408,
  "waist_position": 0.49349701404571533,
  "torso_ratio": 1.213668184044168,
  "shoulder_prominence": 0.021043583750724792,
  "hip_prominence": 0.020565212704241276
}