{
  "shoulder_hip_ratio": 1.9061948574238194,
  "waist_position": 0.5205533504486084,
  "torso_ratio": 1.1279221638723549,
  "shoulder_prominence": 0.02170998603105545,
  "hip_prominence": 0.006769479718059301
}