{
  "shoulder_hip_ratio": 1.5514863329057418,
  "waist_position": 0.48369716107845306,
  "torso_ratio": 1.4455963186756098,
  "shoulder_prominence": 0.08355333656072617,
  "hip_prominence": 0.05432566814124584
}