{
  "shoulder_hip_ratio": 1.7329379405563046,
  "waist_position": 0.4637755900621414,
  "torso_ratio": 1.2319194376491565,
  "shoulder_prominence": 0.033234892413020134,
  "hip_prominence": 0.03302036598324776
}