{
  "shoulder_hip_ratio": 1.7864328969710905,
  "waist_position": 0.4841415286064148,
  "torso_ratio": 1.2944157526457878,
  "shoulder_prominence": 0.0900169387459755,
  "hip_prominence": 0.03869347646832466
}