{
  "shoulder_hip_ratio": 1.71810826055995,
  "waist_position": 0.5227867960929871,
  "torso_ratio": 1.146749394662122,
  "shoulder_prominence": 0.06154502183198929,
  "hip_prominence": 0.029106352478265762
}