{
  "shoulder_hip_ratio": 1.58647732411623,
  "waist_position": 0.463699609041214,
  "torso_ratio": 1.1530356335779999,
  "shoulder_prominence": 0.030958563089370728,
  "hip_prominence": 0.008439661003649235
}