{
  "shoulder_hip_ratio": 1.6705696348013497,
  "waist_position": 0.5270781219005585,
  "torso_ratio": 1.293930645165927,
  "shoulder_prominence": 0.19332997873425484,
  "hip_prominence": 0.16473454236984253
}