{
  "shoulder_hip_ratio": 1.673862273488482,
  "waist_position": 0.44454425573349,
  "torso_ratio": 1.3991296797295156,
  "shoulder_prominence": 0.16462481766939163,
  "hip_prominence": 0.12096991389989853
}