{
  "shoulder_hip_ratio": 1.7418284773169648,
  "waist_position": 0.5047587454319,
  "torso_ratio": 1.0814624970687488,
  "shoulder_prominence": 0.03479316830635071,
  "hip_prominence": 0.014755926094949245
}