{
  "shoulder_hip_ratio": 1.5904262189003462,
  "waist_position": 0.5212501585483551,
  "torso_ratio": 1.7531873149109973,
  "shoulder_prominence": 0.5854784846305847,
  "hip_prominence": 0.38818006217479706
}