{
  "shoulder_hip_ratio": 1.6764469347616375,
  "waist_position": 0.49676959216594696,
  "torso_ratio": 1.162542546777692,
  "shoulder_prominence": 0.02382051944732666,
  "hip_prominence": 0.027829451486468315
}