{
  "shoulder_hip_ratio": 1.8700892046794186,
  "waist_position": 0.5237613022327423,
  "torso_ratio": 1.1855013380895183,
  "shoulder_prominence": 0.05385540425777435,
  "hip_prominence": 0.01968936063349247
}