{
  "shoulder_hip_ratio": 1.6624776003034987,
  "waist_position": 0.4511926472187042,
  "torso_ratio": 1.3197399179996727,
  "shoulder_prominence": 0.03743864595890045,
  "hip_prominence": 0.025180614553391933
}