{
  "shoulder_hip_ratio": 1.6067168924286126,
  "waist_position": 0.49583885073661804,
  "torso_ratio": 1.5048045052226071,
  "shoulder_prominence": 0.25319918245077133,
  "hip_prominence": 0.15226894617080688
}