{
  "shoulder_hip_ratio": 1.805742241544541,
  "waist_position": 0.4917091876268387,
  "torso_ratio": 1.2053861062969515,
  "shoulder_prominence": 0.08755289809778333,
  "hip_prominence": 0.09253950417041779
}