{
  "shoulder_hip_ratio": 1.5485568633006686,
  "waist_position": 0.516000896692276,
  "torso_ratio": 1.2395322091271486,
  "shoulder_prominence": 0.021162059158086777,
  "hip_prominence": 0.011914992239326239
}