{
  "shoulder_hip_ratio": 1.7383617806308718,
  "waist_position": 0.5071065723896027,
  "torso_ratio": 1.262834073481238,
  "shoulder_prominence": 0.04205378517508507,
  "hip_prominence": 0.06664622947573662
}