{
  "shoulder_hip_ratio": 1.508849500293923,
  "waist_position": 0.5097636580467224,
  "torso_ratio": 1.4180663405547604,
  "shoulder_prominence": 0.0048842113465070724,
  "hip_prominence": 0.03613177873194218
}