{
  "shoulder_hip_ratio": 1.6263397492157787,
  "waist_position": 0.4825309216976166,
  "torso_ratio": 1.3455757905108323,
  "shoulder_prominence": 0.06567471660673618,
  "hip_prominence": 0.033591464161872864
}