{
  "shoulder_hip_ratio": 1.826516975879919,
  "waist_position": 0.49727506935596466,
  "torso_ratio": 1.2544433411038185,
  "shoulder_prominence": 3.723776899278164e-05,
  "hip_prominence": 0.0029898303328081965
}