{
  "shoulder_hip_ratio": 1.82643597055663,
  "waist_position": 0.5081226527690887,
  "torso_ratio": 1.1318420230291502,
  "shoulder_prominence": 0.050855666399002075,
  "hip_prominence": 0.03848490118980408
}