{
  "shoulder_hip_ratio": 1.6871190255161623,
  "waist_position": 0.4988462030887604,
  "torso_ratio": 1.4302978721030037,
  "shoulder_prominence": 0.2578151822090149,
  "hip_prominence": 0.21034321933984756
}