{
  "shoulder_hip_ratio": 1.8229155576982168,
  "waist_position": 0.48676353693008423,
  "torso_ratio": 1.232376015770919,
  "shoulder_prominence": 0.02881643921136856,
  "hip_prominence": 0.019917447119951248
}