{
  "shoulder_hip_ratio": 1.7340516897802158,
  "waist_position": 0.504736989736557,
  "torso_ratio": 1.1648869631901484,
  "shoulder_prominence": 0.08561569452285767,
  "hip_prominence": 0.030404556542634964
}