{
  "shoulder_hip_ratio": 1.7719844059849554,
  "waist_position": 0.5335959494113922,
  "torso_ratio": 1.0538511239627257,
  "shoulder_prominence": 0.12783753871917725,
  "hip_prominence": 0.09336327016353607
}