{
  "shoulder_hip_ratio": 1.760915985926347,
  "waist_position": 0.5097126066684723,
  "torso_ratio": 1.0905435112879371,
  "shoulder_prominence": 0.02346499264240265,
  "hip_prominence": 0.010190040804445744
}