{
  "shoulder_hip_ratio": 1.8278608378907408,
  "waist_position": 0.42542074620723724,
  "torso_ratio": 1.1258510962695005,
  "shoulder_prominence": 0.11055734753608704,
  "hip_prominence": 0.024543875828385353
}