{
  "shoulder_hip_ratio": 1.8374320575725798,
  "waist_position": 0.5175845324993134,
  "torso_ratio": 1.2155866583754835,
  "shoulder_prominence": 0.12132097408175468,
  "hip_prominence": 0.07031722739338875
}