{
  "shoulder_hip_ratio": 1.7108320933287122,
  "waist_position": 0.5110648572444916,
  "torso_ratio": 1.1294218063652004,
  "shoulder_prominence": 0.11863985657691956,
  "hip_prominence": 0.1001059077680111
}