{
  "shoulder_hip_ratio": 1.8941884326473806,
  "waist_position": 0.5022965222597122,
  "torso_ratio": 1.1653336737229048,
  "shoulder_prominence": 0.14534331858158112,
  "hip_prominence": 0.08073174580931664
}