{
  "shoulder_hip_ratio": 1.6264852303745463,
  "waist_position": 0.469600647687912,
  "torso_ratio": 1.1754528470527748,
  "shoulder_prominence": 0.04776688292622566,
  "hip_prominence": 0.052769264206290245
}