{
  "shoulder_hip_ratio": 1.839351205041438,
  "waist_position": 0.4880511313676834,
  "torso_ratio": 1.2577584842403529,
  "shoulder_prominence": 0.08506081160157919,
  "hip_prominence": 0.0533894207328558
}