{
  "shoulder_hip_ratio": 1.739769470262473,
  "waist_position": 0.48342207074165344,
  "torso_ratio": 1.120456479809716,
  "shoulder_prominence": 0.05535689042881131,
  "hip_prominence": 0.012422785628587008
}