{
  "shoulder_hip_ratio": 1.8394652023493308,
  "waist_position": 0.4859210401773453,
  "torso_ratio": 1.162016905881359,
  "shoulder_prominence": 0.05353865027427673,
  "hip_prominence": 0.024265835992991924
}