{
  "shoulder_hip_ratio": 1.9683761683230605,
  "waist_position": 0.49826857447624207,
  "torso_ratio": 1.2587468320820911,
  "shoulder_prominence": 0.14474375173449516,
  "hip_prominence": 0.05223056487739086
}