{
  "shoulder_hip_ratio": 1.469899060728202,
  "waist_position": 0.5293580740690231,
  "torso_ratio": 1.615294217331154,
  "shoulder_prominence": 0.16214583907276392,
  "hip_prominence": 0.09640787169337273
}