{
  "shoulder_hip_ratio": 1.70297140256302,
  "waist_position": 0.5126523375511169,
  "torso_ratio": 1.1711284349079516,
  "shoulder_prominence": 0.05826905928552151,
  "hip_prominence": 0.038707925006747246
}