{
  "shoulder_hip_ratio": 1.7351062157635941,
  "waist_position": 0.45262838900089264,
  "torso_ratio": 1.2015266090054728,
  "shoulder_prominence": 0.07176274061203003,
  "hip_prominence": 0.0400615856051445
}