{
  "shoulder_hip_ratio": 1.643063799871906,
  "waist_position": 0.48992103338241577,
  "torso_ratio": 1.257917350728704,
  "shoulder_prominence": 0.012133111245930195,
  "hip_prominence": 0.050638141110539436
}