{
  "shoulder_hip_ratio": 1.6916776560872024,
  "waist_position": 0.5221545696258545,
  "torso_ratio": 1.136210186228816,
  "shoulder_prominence": 0.009321600198745728,
  "hip_prominence": 0.003612579661421478
}