{
  "shoulder_hip_ratio": 1.816013972051906,
  "waist_position": 0.4964602291584015,
  "torso_ratio": 1.117022576334141,
  "shoulder_prominence": 0.027175694704055786,
  "hip_prominence": 0.007887734565883875
}