{
  "shoulder_hip_ratio": 1.7986258619719548,
  "waist_position": 0.49999088048934937,
  "torso_ratio": 1.1150084461399428,
  "shoulder_prominence": 0.06506921909749508,
  "hip_prominence": 0.07294648885726929
}