{
  "shoulder_hip_ratio": 1.8241689917828685,
  "waist_position": 0.511456236243248,
  "torso_ratio": 1.3318423504971133,
  "shoulder_prominence": 0.03500369004905224,
  "hip_prominence": 0.043737662956118584
}