{
  "shoulder_hip_ratio": 1.879161744952476,
  "waist_position": 0.47520752251148224,
  "torso_ratio": 1.3276053230599247,
  "shoulder_prominence": 0.13933411240577698,
  "hip_prominence": 0.04552305489778519
}