{
  "shoulder_hip_ratio": 1.868415189120065,
  "waist_position": 0.5135826766490936,
  "torso_ratio": 1.2517787890864218,
  "shoulder_prominence": 0.2088940516114235,
  "hip_prominence": 0.14932481199502945
}