{
  "shoulder_hip_ratio": 1.703103177704796,
  "waist_position": 0.4906069040298462,
  "torso_ratio": 1.2620199512958243,
  "shoulder_prominence": 0.024523720145225525,
  "hip_prominence": 0.004911730065941811
}