{
  "shoulder_hip_ratio": 1.6613810573853398,
  "waist_position": 0.5057760775089264,
  "torso_ratio": 1.2356686422502443,
  "shoulder_prominence": 0.15762156806886196,
  "hip_prominence": 0.09630003198981285
}