{
  "shoulder_hip_ratio": 1.6890574170446242,
  "waist_position": 0.515819638967514,
  "torso_ratio": 1.3746765671466423,
  "shoulder_prominence": 0.3596193343400955,
  "hip_prominence": 0.21215077489614487
}