{
  "shoulder_hip_ratio": 1.8042202814600672,
  "waist_position": 0.4719464033842087,
  "torso_ratio": 1.2643489365109732,
  "shoulder_prominence": 0.01516231894493103,
  "hip_prominence": 0.018380969762802124
}