{
  "shoulder_hip_ratio": 1.5396504409929745,
  "waist_position": 0.48105719685554504,
  "torso_ratio": 1.2194594278073567,
  "shoulder_prominence": 0.18510849960148335,
  "hip_prominence": 0.07438458129763603
}