{
  "shoulder_hip_ratio": 1.7846289211933055,
  "waist_position": 0.49459749460220337,
  "torso_ratio": 1.2125244166547833,
  "shoulder_prominence": 0.06476523913443089,
  "hip_prominence": 0.016069631557911634
}