{
  "shoulder_hip_ratio": 1.6282473107134894,
  "waist_position": 0.4913196563720703,
  "torso_ratio": 1.2806740934814569,
  "shoulder_prominence": 0.08652990683913231,
  "hip_prominence": 0.06798266991972923
}