{
  "shoulder_hip_ratio": 1.785854414188527,
  "waist_position": 0.5138731002807617,
  "torso_ratio": 1.0732524077492278,
  "shoulder_prominence": 0.037048667669296265,
  "hip_prominence": 0.006416688673198223
}