{
  "shoulder_hip_ratio": 1.5842177103545863,
  "waist_position": 0.48048004508018494,
  "torso_ratio": 1.1295961416610996,
  "shoulder_prominence": 0.012780871242284775,
  "hip_prominence": 0.006274993764236569
}