{
  "shoulder_hip_ratio": 1.7215546050888844,
  "waist_position": 0.5253433883190155,
  "torso_ratio": 1.4539688250387175,
  "shoulder_prominence": 0.11473762802779675,
  "hip_prominence": 0.05672854743897915
}