{
  "shoulder_hip_ratio": 1.901131853567149,
  "waist_position": 0.5062724947929382,
  "torso_ratio": 1.1999877600673263,
  "shoulder_prominence": 0.03375491499900818,
  "hip_prominence": 0.0006214049294612778
}