{
  "shoulder_hip_ratio": 1.652117001320355,
  "waist_position": 0.4963434934616089,
  "torso_ratio": 1.22294790573525,
  "shoulder_prominence": 0.05312449345365167,
  "hip_prominence": 0.031434121541678905
}