{
  "shoulder_hip_ratio": 1.6640858275048498,
  "waist_position": 0.4278368502855301,
  "torso_ratio": 1.0788436715785255,
  "shoulder_prominence": 0.16426613926887512,
  "hip_prominence": 0.12081832438707352
}