{
  "shoulder_hip_ratio": 1.7225804250952261,
  "waist_position": 0.5048115849494934,
  "torso_ratio": 1.2925854025489962,
  "shoulder_prominence": 0.008681698702275753,
  "hip_prominence": 0.011734544299542904
}