{
  "shoulder_hip_ratio": 1.6527186000919358,
  "waist_position": 0.45904237031936646,
  "torso_ratio": 1.1606794796107114,
  "shoulder_prominence": 0.02923820842988789,
  "hip_prominence": 0.004301319480873644
}