{
  "shoulder_hip_ratio": 1.7610414021632692,
  "waist_position": 0.49344533681869507,
  "torso_ratio": 1.1669327571084882,
  "shoulder_prominence": 0.03459543362259865,
  "hip_prominence": 0.010615916457027197
}