{
  "shoulder_hip_ratio": 1.7430055524419064,
  "waist_position": 0.5445396304130554,
  "torso_ratio": 1.2033920008764292,
  "shoulder_prominence": 0.021749839186668396,
  "hip_prominence": 0.008077952777966857
}