{
  "shoulder_hip_ratio": 2.0213768383213235,
  "waist_position": 0.4984317719936371,
  "torso_ratio": 1.1944697369671935,
  "shoulder_prominence": 0.14711490273475647,
  "hip_prominence": 0.0512233953922987
}