{
  "shoulder_hip_ratio": 1.826211734279266,
  "waist_position": 0.5137723386287689,
  "torso_ratio": 1.2301004490510163,
  "shoulder_prominence": 0.040378806181252,
  "hip_prominence": 0.02173085045069456
}