{
  "shoulder_hip_ratio": 1.64804419959628,
  "waist_position": 0.5112903863191605,
  "torso_ratio": 1.2110355212345287,
  "shoulder_prominence": 0.02104341611266136,
  "hip_prominence": 0.00571612804196775
}