{
  "shoulder_hip_ratio": 1.6640616405252586,
  "waist_position": 0.49520985782146454,
  "torso_ratio": 1.1610892054294466,
  "shoulder_prominence": 0.04353432357311249,
  "hip_prominence": 0.03066547680646181
}