{
  "shoulder_hip_ratio": 1.6372235674006592,
  "waist_position": 0.5276811122894287,
  "torso_ratio": 1.2590429648632808,
  "shoulder_prominence": 0.04337230324745178,
  "hip_prominence": 0.01065752562135458
}