{
  "shoulder_hip_ratio": 1.7585905963540005,
  "waist_position": 0.5081997513771057,
  "torso_ratio": 1.1965051684579524,
  "shoulder_prominence": 0.12926050834357738,
  "hip_prominence": 0.07265480607748032
}