{
  "shoulder_hip_ratio": 1.6303307638520526,
  "waist_position": 0.48678670823574066,
  "torso_ratio": 1.1631293465662387,
  "shoulder_prominence": 0.025304004549980164,
  "hip_prominence": 0.022127260453999043
}