{
  "shoulder_hip_ratio": 1.746607837574778,
  "waist_position": 0.47762344777584076,
  "torso_ratio": 1.148091998871973,
  "shoulder_prominence": 0.0011963248252868652,
  "hip_prominence": 0.013195373583585024
}