{
  "shoulder_hip_ratio": 1.857600027388301,
  "waist_position": 0.5075199007987976,
  "torso_ratio": 1.173972006980447,
  "shoulder_prominence": 0.007666558027267456,
  "hip_prominence": 0.038621529936790466
}