{
  "shoulder_hip_ratio": 1.8718594485481026,
  "waist_position": 0.4818090498447418,
  "torso_ratio": 1.1825356903393056,
  "shoulder_prominence": 0.16371360421180725,
  "hip_prominence": 0.12951719760894775
}