{
  "shoulder_hip_ratio": 1.6267882333138743,
  "waist_position": 0.487085297703743,
  "torso_ratio": 1.2805621471194875,
  "shoulder_prominence": 0.09947631508111954,
  "hip_prominence": 0.10243639722466469
}