{
  "shoulder_hip_ratio": 1.7194510653389325,
  "waist_position": 0.4657141864299774,
  "torso_ratio": 1.215155628558127,
  "shoulder_prominence": 0.022058961912989616,
  "hip_prominence": 0.0019302761065773666
}