{
  "shoulder_hip_ratio": 1.753765140857941,
  "waist_position": 0.5295173823833466,
  "torso_ratio": 1.5158167108489375,
  "shoulder_prominence": 0.07840386778116226,
  "hip_prominence": 0.06565598025918007
}