{
  "shoulder_hip_ratio": 1.6656014535159744,
  "waist_position": 0.473034605383873,
  "torso_ratio": 1.242454051985995,
  "shoulder_prominence": 0.1023081373423338,
  "hip_prominence": 0.04703468456864357
}