{
  "shoulder_hip_ratio": 1.5459148367716642,
  "waist_position": 0.45666390657424927,
  "torso_ratio": 1.330980802870135,
  "shoulder_prominence": 0.0600577830336988,
  "hip_prominence": 0.016430526040494442
}