{
  "shoulder_hip_ratio": 1.7653674185032056,
  "waist_position": 0.5012114495038986,
  "torso_ratio": 1.1929921029588035,
  "shoulder_prominence": 0.18148672953248024,
  "hip_prominence": 0.09316132962703705
}