{
  "shoulder_hip_ratio": 1.6638138601669585,
  "waist_position": 0.49974288046360016,
  "torso_ratio": 1.1842955032429598,
  "shoulder_prominence": 0.023361478000879288,
  "hip_prominence": 0.007930719759315252
}