{
  "shoulder_hip_ratio": 1.6889070909554136,
  "waist_position": 0.521673321723938,
  "torso_ratio": 1.2376281177573045,
  "shoulder_prominence": 0.024166513234376907,
  "hip_prominence": 0.04190241917967796
}