{
  "shoulder_hip_ratio": 1.6484868815413292,
  "waist_position": 0.49737265706062317,
  "torso_ratio": 1.0899513475915033,
  "shoulder_prominence": 0.009499147534370422,
  "hip_prominence": 0.027607103809714317
}