{
  "shoulder_hip_ratio": 1.654824374367878,
  "waist_position": 0.5245510637760162,
  "torso_ratio": 1.2097133698259954,
  "shoulder_prominence": 0.034482259303331375,
  "hip_prominence": 0.0013976989721413702
}