{
  "shoulder_hip_ratio": 1.7253518303040292,
  "waist_position": 0.5013753473758698,
  "torso_ratio": 1.2865466592843133,
  "shoulder_prominence": 0.090559137519449,
  "hip_prominence": 0.074815284460783
}