{
  "shoulder_hip_ratio": 1.8714435759151138,
  "waist_position": 0.5154820382595062,
  "torso_ratio": 1.2589920961079117,
  "shoulder_prominence": 0.06816911697387695,
  "hip_prominence": 0.056707169860601425
}