{
  "shoulder_hip_ratio": 1.6281349421105096,
  "waist_position": 0.48977357149124146,
  "torso_ratio": 1.2385452296859927,
  "shoulder_prominence": 0.05330990068614483,
  "hip_prominence": 0.0038534613559022546
}