{
  "shoulder_hip_ratio": 1.7256124454666855,
  "waist_position": 0.4692433625459671,
  "torso_ratio": 1.1329934986387469,
  "shoulder_prominence": 0.037105344235897064,
  "hip_prominence": 0.00511078885756433
}