{
  "shoulder_hip_ratio": 1.6909387494855883,
  "waist_position": 0.533332109451294,
  "torso_ratio": 1.1650485097327414,
  "shoulder_prominence": 0.02737334370613098,
  "hip_prominence": 0.003553162212483585
}