{
  "shoulder_hip_ratio": 1.8202273341916415,
  "waist_position": 0.4899495542049408,
  "torso_ratio": 1.1774612982173176,
  "shoulder_prominence": 0.034603655338287354,
  "hip_prominence": 0.009961195290088654
}