{
  "shoulder_hip_ratio": 1.7407542692041982,
  "waist_position": 0.5326514691114426,
  "torso_ratio": 1.156578080392427,
  "shoulder_prominence": 0.06600889563560486,
  "hip_prominence": 0.02816251665353775
}