{
  "shoulder_hip_ratio": 1.7032627296400744,
  "waist_position": 0.46311090886592865,
  "torso_ratio": 1.2135160382026444,
  "shoulder_prominence": 0.0626259595155716,
  "hip_prominence": 0.05729048699140549
}