{
  "shoulder_hip_ratio": 1.8300385637618446,
  "waist_position": 0.5203969180583954,
  "torso_ratio": 1.246844767310346,
  "shoulder_prominence": 0.1550995483994484,
  "hip_prominence": 0.12071709707379341
}