{
  "shoulder_hip_ratio": 1.8086262404865043,
  "waist_position": 0.5269576907157898,
  "torso_ratio": 1.144344432079505,
  "shoulder_prominence": 0.00649762898683548,
  "hip_prominence": 0.0172043452039361
}