{
  "shoulder_hip_ratio": 1.6624699636136817,
  "waist_position": 0.4850180298089981,
  "torso_ratio": 1.2069219749120155,
  "shoulder_prominence": 0.008645325899124146,
  "hip_prominence": 0.008832174353301525
}