{
  "shoulder_hip_ratio": 1.6499049039844853,
  "waist_position": 0.47673892974853516,
  "torso_ratio": 1.2696736405333728,
  "shoulder_prominence": 0.01077086478471756,
  "hip_prominence": 0.006871548015624285
}