{
  "shoulder_hip_ratio": 1.806385974547011,
  "waist_position": 0.49071891605854034,
  "torso_ratio": 1.1470000099108224,
  "shoulder_prominence": 0.11852595582604408,
  "hip_prominence": 0.038849422708153725
}