{
  "shoulder_hip_ratio": 1.9298464090598493,
  "waist_position": 0.5075941681861877,
  "torso_ratio": 1.1505791761660655,
  "shoulder_prominence": 0.04414454102516174,
  "hip_prominence": 0.027921021915972233
}