{
  "shoulder_hip_ratio": 1.6936561452648398,
  "waist_position": 0.5029439330101013,
  "torso_ratio": 1.2176883517275274,
  "shoulder_prominence": 0.052806803956627846,
  "hip_prominence": 0.042239921167492867
}