{
  "shoulder_hip_ratio": 1.8010795002797835,
  "waist_position": 0.5128029584884644,
  "torso_ratio": 1.3352668397807577,
  "shoulder_prominence": 0.01746438443660736,
  "hip_prominence": 0.030518628656864166
}