{
  "shoulder_hip_ratio": 1.7199516732501166,
  "waist_position": 0.500132292509079,
  "torso_ratio": 1.2037290305410642,
  "shoulder_prominence": 0.06802120804786682,
  "hip_prominence": 0.043605415150523186
}