{
  "shoulder_hip_ratio": 1.665749924674879,
  "waist_position": 0.4856756925582886,
  "torso_ratio": 1.2745604222813838,
  "shoulder_prominence": 0.01438603550195694,
  "hip_prominence": 0.02037789672613144
}