{
  "shoulder_hip_ratio": 1.7293677241618766,
  "waist_position": 0.47562524676322937,
  "torso_ratio": 1.2887107034414174,
  "shoulder_prominence": 0.1146572194993496,
  "hip_prominence": 0.03293953835964203
}