{
  "shoulder_hip_ratio": 1.8209022370482963,
  "waist_position": 0.4975185990333557,
  "torso_ratio": 1.0634586325750102,
  "shoulder_prominence": 0.10508181434124708,
  "hip_prominence": 0.08788749948143959
}