{
  "shoulder_hip_ratio": 1.6569239960131201,
  "waist_position": 0.4906955361366272,
  "torso_ratio": 1.1731118292535507,
  "shoulder_prominence": 0.23751838132739067,
  "hip_prominence": 0.16229167580604553
}