{
  "shoulder_hip_ratio": 1.735300749011001,
  "waist_position": 0.49477480351924896,
  "torso_ratio": 1.2237948434985333,
  "shoulder_prominence": 0.2486879900097847,
  "hip_prominence": 0.1888110116124153
}