{
  "shoulder_hip_ratio": 1.8422454161955522,
  "waist_position": 0.5204696953296661,
  "torso_ratio": 1.125416737666271,
  "shoulder_prominence": 0.005705475807189941,
  "hip_prominence": 0.02752408105880022
}