{
  "shoulder_hip_ratio": 1.7149797519775292,
  "waist_position": 0.5167789459228516,
  "torso_ratio": 1.409691410878899,
  "shoulder_prominence": 0.16471635177731514,
  "hip_prominence": 0.14750223606824875
}