{
  "shoulder_hip_ratio": 1.862493641061657,
  "waist_position": 0.48390433192253113,
  "torso_ratio": 1.069146469223779,
  "shoulder_prominence": 0.014121133834123611,
  "hip_prominence": 0.01635061949491501
}