{
  "shoulder_hip_ratio": 1.7650872621266502,
  "waist_position": 0.4913133382797241,
  "torso_ratio": 1.1333869628228002,
  "shoulder_prominence": 0.032531023025512695,
  "hip_prominence": 0.04572770372033119
}