{
  "shoulder_hip_ratio": 1.8608381481551683,
  "waist_position": 0.5021822899580002,
  "torso_ratio": 1.1444726050165888,
  "shoulder_prominence": 0.10767602734267712,
  "hip_prominence": 0.0816606692969799
}