{
  "shoulder_hip_ratio": 1.631839754053064,
  "waist_position": 0.4365646094083786,
  "torso_ratio": 1.2384357150368557,
  "shoulder_prominence": 0.1515752263367176,
  "hip_prominence": 0.09488451480865479
}