{
  "shoulder_hip_ratio": 1.8112764729461748,
  "waist_position": 0.49312540888786316,
  "torso_ratio": 1.2315824205817476,
  "shoulder_prominence": 0.12391005456447601,
  "hip_prominence": 0.0540448110550642
}