{
  "shoulder_hip_ratio": 1.584831645697265,
  "waist_position": 0.4869343787431717,
  "torso_ratio": 1.3160675681212162,
  "shoulder_prominence": 0.11601362191140652,
  "hip_prominence": 0.0515985582023859
}