{
  "shoulder_hip_ratio": 1.6733676052337105,
  "waist_position": 0.48259857296943665,
  "torso_ratio": 1.0616968195814627,
  "shoulder_prominence": 0.09930142760276794,
  "hip_prominence": 0.039085324853658676
}