{
  "shoulder_hip_ratio": 1.409688879249953,
  "waist_position": 0.5184053480625153,
  "torso_ratio": 2.473412991828052,
  "shoulder_prominence": 0.5906996130943298,
  "hip_prominence": 0.3231491297483444
}