{
  "shoulder_hip_ratio": 1.8450369574762777,
  "waist_position": 0.5256591439247131,
  "torso_ratio": 1.1501363494346557,
  "shoulder_prominence": 0.08271418698132038,
  "hip_prominence": 0.010724110994488001
}