{
  "shoulder_hip_ratio": 1.7844007776882909,
  "waist_position": 0.4414371997117996,
  "torso_ratio": 1.1656413710827753,
  "shoulder_prominence": 0.046767666935920715,
  "hip_prominence": 0.02661370113492012
}