{
  "shoulder_hip_ratio": 1.5841738903672493,
  "waist_position": 0.4928618520498276,
  "torso_ratio": 1.34587765325348,
  "shoulder_prominence": 0.189483642578125,
  "hip_prominence": 0.09139375388622284
}