{
  "shoulder_hip_ratio": 1.8068778552473268,
  "waist_position": 0.5107508599758148,
  "torso_ratio": 1.2422408969465881,
  "shoulder_prominence": 0.04883120022714138,
  "hip_prominence": 0.010028062388300896
}