{
  "shoulder_hip_ratio": 1.6967439941207647,
  "waist_position": 0.5318504273891449,
  "torso_ratio": 1.2399938847569647,
  "shoulder_prominence": 0.02302536740899086,
  "hip_prominence": 0.015599776990711689
}