{
  "shoulder_hip_ratio": 1.7198794748906405,
  "waist_position": 0.4972372353076935,
  "torso_ratio": 1.2055385158463625,
  "shoulder_prominence": 0.14724931120872498,
  "hip_prominence": 0.14029806852340698
}