{
  "shoulder_hip_ratio": 1.8815129377489508,
  "waist_position": 0.49044500291347504,
  "torso_ratio": 1.1959389479263625,
  "shoulder_prominence": 0.001887977123260498,
  "hip_prominence": 0.02741380501538515
}