{
  "shoulder_hip_ratio": 1.8566853389174711,
  "waist_position": 0.4991067945957184,
  "torso_ratio": 1.2811521324653448,
  "shoulder_prominence": 0.18335111439228058,
  "hip_prominence": 0.10155132040381432
}