{
  "shoulder_hip_ratio": 1.735806481413649,
  "waist_position": 0.49575887620449066,
  "torso_ratio": 1.1388371161207453,
  "shoulder_prominence": 0.07701906049624085,
  "hip_prominence": 0.042975181713700294
}