{
  "shoulder_hip_ratio": 1.7561181127069472,
  "waist_position": 0.47247181832790375,
  "torso_ratio": 1.0781517117820703,
  "shoulder_prominence": 0.1408882439136505,
  "hip_prominence": 0.08399651572108269
}