{
  "shoulder_hip_ratio": 1.720892407454705,
  "waist_position": 0.4659184366464615,
  "torso_ratio": 1.142303658505624,
  "shoulder_prominence": 0.05131177604198456,
  "hip_prominence": 0.021829750388860703
}