{
  "shoulder_hip_ratio": 1.67779562165783,
  "waist_position": 0.47420012950897217,
  "torso_ratio": 1.1117483000714738,
  "shoulder_prominence": 0.14616802334785461,
  "hip_prominence": 0.07509668916463852
}