{
  "shoulder_hip_ratio": 1.7721820294266617,
  "waist_position": 0.46758079528808594,
  "torso_ratio": 1.0392171241483155,
  "shoulder_prominence": 0.001271367073059082,
  "hip_prominence": 0.016411827877163887
}