{
  "shoulder_hip_ratio": 1.8107896599839088,
  "waist_position": 0.4798947125673294,
  "torso_ratio": 1.150614863069029,
  "shoulder_prominence": 0.018775194883346558,
  "hip_prominence": 0.004790830425918102
}