{
  "shoulder_hip_ratio": 1.7007531994087628,
  "waist_position": 0.48688270151615143,
  "torso_ratio": 1.1656853109767267,
  "shoulder_prominence": 0.02765233814716339,
  "hip_prominence": 0.006250591017305851
}