{
  "shoulder_hip_ratio": 1.700867090225151,
  "waist_position": 0.4989289343357086,
  "torso_ratio": 1.2570311661964906,
  "shoulder_prominence": 0.06840489991009235,
  "hip_prominence": 0.05055725760757923
}