{
  "shoulder_hip_ratio": 1.7034627531690756,
  "waist_position": 0.5367701649665833,
  "torso_ratio": 1.0746716939345449,
  "shoulder_prominence": 0.09012875705957413,
  "hip_prominence": 0.05885528586804867
}