{
  "shoulder_hip_ratio": 1.7475566285445083,
  "waist_position": 0.5343238115310669,
  "torso_ratio": 1.3132658213724484,
  "shoulder_prominence": 0.10010086372494698,
  "hip_prominence": 0.021427946165204048
}