{
  "shoulder_hip_ratio": 1.7721933281690967,
  "waist_position": 0.4641873240470886,
  "torso_ratio": 1.1458470068628788,
  "shoulder_prominence": 0.10544492304325104,
  "hip_prominence": 0.08299752697348595
}