{
  "shoulder_hip_ratio": 1.7925941033369992,
  "waist_position": 0.4954568147659302,
  "torso_ratio": 1.0828661785610982,
  "shoulder_prominence": 0.09430486802011728,
  "hip_prominence": 0.07424075528979301
}