{
  "shoulder_hip_ratio": 1.7194448623903997,
  "waist_position": 0.5072750747203827,
  "torso_ratio": 1.1991640257157052,
  "shoulder_prominence": 0.03412835672497749,
  "hip_prominence": 0.03588198870420456
}