{
  "shoulder_hip_ratio": 1.6253272722185736,
  "waist_position": 0.5177923440933228,
  "torso_ratio": 1.334802450119383,
  "shoulder_prominence": 0.10840940102934837,
  "hip_prominence": 0.075714610517025
}