{
  "shoulder_hip_ratio": 1.6892429401122633,
  "waist_position": 0.4725014567375183,
  "torso_ratio": 1.2361013091749942,
  "shoulder_prominence": 0.028262704610824585,
  "hip_prominence": 0.027110056020319462
}