{
  "shoulder_hip_ratio": 1.7650861393074342,
  "waist_position": 0.4978065937757492,
  "torso_ratio": 1.3178573358118424,
  "shoulder_prominence": 0.3959687855094671,
  "hip_prominence": 0.27069705724716187
}