{
  "shoulder_hip_ratio": 1.8191946165385742,
  "waist_position": 0.4956974685192108,
  "torso_ratio": 1.25030402867522,
  "shoulder_prominence": 0.08238733001053333,
  "hip_prominence": 0.03533591330051422
}