{
  "shoulder_hip_ratio": 1.7052349335876855,
  "waist_position": 0.5116227269172668,
  "torso_ratio": 1.1587092973641913,
  "shoulder_prominence": 0.005442172288894653,
  "hip_prominence": 0.0020932675688527524
}