{
  "shoulder_hip_ratio": 1.7555489465138907,
  "waist_position": 0.4761815667152405,
  "torso_ratio": 1.1309032644128278,
  "shoulder_prominence": 0.16913646925240755,
  "hip_prominence": 0.1250949241220951
}