{
  "shoulder_hip_ratio": 1.7516579995614785,
  "waist_position": 0.5116370618343353,
  "torso_ratio": 1.357099296463023,
  "shoulder_prominence": 0.17740474827587605,
  "hip_prominence": 0.07903517410159111
}