{
  "shoulder_hip_ratio": 1.8484465298675161,
  "waist_position": 0.5037277936935425,
  "torso_ratio": 1.177452282625887,
  "shoulder_prominence": 0.07061782106757164,
  "hip_prominence": 0.02915313094854355
}