{
  "shoulder_hip_ratio": 1.5562410074886743,
  "waist_position": 0.47170691192150116,
  "torso_ratio": 1.2864803001739897,
  "shoulder_prominence": 0.029799660434946418,
  "hip_prominence": 0.004841788671910763
}