{
  "shoulder_hip_ratio": 1.7519761876089865,
  "waist_position": 0.41255442798137665,
  "torso_ratio": 1.292678098973136,
  "shoulder_prominence": 0.12056177304475568,
  "hip_prominence": 0.09263220801949501
}