{
  "shoulder_hip_ratio": 1.5788161741925326,
  "waist_position": 0.4869443029165268,
  "torso_ratio": 1.4163521644208983,
  "shoulder_prominence": 0.19706515967845917,
  "hip_prominence": 0.10931428894400597
}