{
  "shoulder_hip_ratio": 1.6984062699875921,
  "waist_position": 0.48114144802093506,
  "torso_ratio": 1.2410659393845818,
  "shoulder_prominence": 0.004459982737898827,
  "hip_prominence": 0.0025695698568597436
}