{
  "shoulder_hip_ratio": 1.7976915154819735,
  "waist_position": 0.4786010831594467,
  "torso_ratio": 1.1166518903602698,
  "shoulder_prominence": 0.08659883961081505,
  "hip_prominence": 0.03599940240383148
}