{
  "shoulder_hip_ratio": 1.6887801119398773,
  "waist_position": 0.470465749502182,
  "torso_ratio": 1.2963788224385107,
  "shoulder_prominence": 0.026531845331192017,
  "hip_prominence": 0.03205301985144615
}