{
  "shoulder_hip_ratio": 1.6252394135663144,
  "waist_position": 0.4660591632127762,
  "torso_ratio": 1.2421715827040847,
  "shoulder_prominence": 0.02671726420521736,
  "hip_prominence": 0.0021384494029916823
}