{
  "shoulder_hip_ratio": 1.8011186190390118,
  "waist_position": 0.4556882679462433,
  "torso_ratio": 1.1635852990479487,
  "shoulder_prominence": 0.1805131621658802,
  "hip_prominence": 0.12275901809334755
}