{
  "shoulder_hip_ratio": 1.7455498101196338,
  "waist_position": 0.495375856757164,
  "torso_ratio": 1.1256927593333355,
  "shoulder_prominence": 0.09574718028306961,
  "hip_prominence": 0.08104293048381805
}