{
  "shoulder_hip_ratio": 1.6911037970729228,
  "waist_position": 0.4882379472255707,
  "torso_ratio": 1.230099566509554,
  "shoulder_prominence": 0.13241437077522278,
  "hip_prominence": 0.08755465224385262
}