{
  "shoulder_hip_ratio": 1.788409425329822,
  "waist_position": 0.4828873425722122,
  "torso_ratio": 1.1458242588841732,
  "shoulder_prominence": 0.07778599858283997,
  "hip_prominence": 0.053395047783851624
}