{
  "shoulder_hip_ratio": 1.5556265660936994,
  "waist_position": 0.5170945823192596,
  "torso_ratio": 1.3211603317842793,
  "shoulder_prominence": 0.19345425069332123,
  "hip_prominence": 0.08043985813856125
}