{
  "shoulder_hip_ratio": 1.6143324689765792,
  "waist_position": 0.491981104016304,
  "torso_ratio": 1.1990006375960087,
  "shoulder_prominence": 0.04830250144004822,
  "hip_prominence": 0.0038837280590087175
}