{
  "shoulder_hip_ratio": 1.8454732107249656,
  "waist_position": 0.4859112352132797,
  "torso_ratio": 1.2595397034824567,
  "shoulder_prominence": 0.1706627830862999,
  "hip_prominence": 0.16143951565027237
}