{
  "shoulder_hip_ratio": 1.7404753385207148,
  "waist_position": 0.5212090909481049,
  "torso_ratio": 1.147983397367587,
  "shoulder_prominence": 0.06138399615883827,
  "hip_prominence": 0.056089820340275764
}