{
  "shoulder_hip_ratio": 1.7368222065368226,
  "waist_position": 0.5072252452373505,
  "torso_ratio": 1.1429617240186416,
  "shoulder_prominence": 0.10509946942329407,
  "hip_prominence": 0.08327952772378922
}