{
  "shoulder_hip_ratio": 1.7244931220143689,
  "waist_position": 0.493209645152092,
  "torso_ratio": 1.299334091606615,
  "shoulder_prominence": 0.05176001042127609,
  "hip_prominence": 0.03695492446422577
}