{
  "shoulder_hip_ratio": 1.5723933120353621,
  "waist_position": 0.4880971610546112,
  "torso_ratio": 1.164794692151091,
  "shoulder_prominence": 0.10297279804944992,
  "hip_prominence": 0.0653180368244648
}