{
  "shoulder_hip_ratio": 1.6908226432941056,
  "waist_position": 0.5321833789348602,
  "torso_ratio": 1.3541178805216632,
  "shoulder_prominence": 0.007378056645393372,
  "hip_prominence": 0.04361691698431969
}