{
  "shoulder_hip_ratio": 1.7276624236040277,
  "waist_position": 0.5099760293960571,
  "torso_ratio": 1.1842676277288433,
  "shoulder_prominence": 0.16251305025070906,
  "hip_prominence": 0.09009679034352303
}