{
  "shoulder_hip_ratio": 1.6433503582413322,
  "waist_position": 0.4967951327562332,
  "torso_ratio": 1.1683013137691625,
  "shoulder_prominence": 0.04990479350090027,
  "hip_prominence": 0.024452093057334423
}