{
  "shoulder_hip_ratio": 1.6665519457794988,
  "waist_position": 0.5103273391723633,
  "torso_ratio": 1.5515691460308674,
  "shoulder_prominence": 0.29436634480953217,
  "hip_prominence": 0.16880063712596893
}