{
  "shoulder_hip_ratio": 1.769373573702356,
  "waist_position": 0.48869435489177704,
  "torso_ratio": 1.321982359404997,
  "shoulder_prominence": 0.27624521777033806,
  "hip_prominence": 0.19940226525068283
}