{
  "shoulder_hip_ratio": 1.8312485720625866,
  "waist_position": 0.5009128153324127,
  "torso_ratio": 1.1047401019842968,
  "shoulder_prominence": 0.00961355771869421,
  "hip_prominence": 0.007755399215966463
}