{
  "shoulder_hip_ratio": 1.7959517175034438,
  "waist_position": 0.49603399634361267,
  "torso_ratio": 1.1188020683056732,
  "shoulder_prominence": 0.019372569397091866,
  "hip_prominence": 0.00410199910402298
}