{
  "shoulder_hip_ratio": 1.79754164657484,
  "waist_position": 0.516167938709259,
  "torso_ratio": 1.1509940980274143,
  "shoulder_prominence": 0.022092677652835846,
  "hip_prominence": 0.009215595200657845
}