{
  "shoulder_hip_ratio": 1.837336252862181,
  "waist_position": 0.4629048705101013,
  "torso_ratio": 1.1092788868110526,
  "shoulder_prominence": 0.15977033227682114,
  "hip_prominence": 0.11196285858750343
}