{
  "shoulder_hip_ratio": 1.5732695144684836,
  "waist_position": 0.48899227380752563,
  "torso_ratio": 1.2865064158360238,
  "shoulder_prominence": 0.03360550105571747,
  "hip_prominence": 0.05060156062245369
}