{
  "shoulder_hip_ratio": 1.9093958167386587,
  "waist_position": 0.48406779766082764,
  "torso_ratio": 1.0314578143934603,
  "shoulder_prominence": 0.0021159760653972626,
  "hip_prominence": 0.01718784123659134
}