{
  "shoulder_hip_ratio": 1.7228001691429202,
  "waist_position": 0.512270599603653,
  "torso_ratio": 1.2147563970096322,
  "shoulder_prominence": 0.16632256656885147,
  "hip_prominence": 0.09301010146737099
}