{
  "shoulder_hip_ratio": 1.907677775210237,
  "waist_position": 0.4917576164007187,
  "torso_ratio": 1.1096961180470928,
  "shoulder_prominence": 0.12997037749573792,
  "hip_prominence": 0.07389875128865242
}