{
  "shoulder_hip_ratio": 1.6577201380023003,
  "waist_position": 0.5490141808986664,
  "torso_ratio": 1.0982212085370382,
  "shoulder_prominence": 0.16094433516263962,
  "hip_prominence": 0.09608187898993492
}