{
  "shoulder_hip_ratio": 1.6803042956974084,
  "waist_position": 0.4684611111879349,
  "torso_ratio": 1.3107547007236549,
  "shoulder_prominence": 0.029355963692069054,
  "hip_prominence": 0.023421325720846653
}