{
  "shoulder_hip_ratio": 1.6908051974444045,
  "waist_position": 0.48562344908714294,
  "torso_ratio": 1.2118014428087023,
  "shoulder_prominence": 0.05723886005580425,
  "hip_prominence": 0.03624354675412178
}