{
  "shoulder_hip_ratio": 1.6942147176019073,
  "waist_position": 0.5213630050420761,
  "torso_ratio": 1.2129247489303496,
  "shoulder_prominence": 0.11869079619646072,
  "hip_prominence": 0.06341232359409332
}