{
  "shoulder_hip_ratio": 1.6739775076762375,
  "waist_position": 0.5157517492771149,
  "torso_ratio": 1.2058972034050255,
  "shoulder_prominence": 0.011579826474189758,
  "hip_prominence": 0.0006485297381004784
}