{
  "shoulder_hip_ratio": 1.6511912692206288,
  "waist_position": 0.4900214970111847,
  "torso_ratio": 1.261414056006052,
  "shoulder_prominence": 0.015463712625205517,
  "hip_prominence": 0.005325136240571737
}