{
  "shoulder_hip_ratio": 1.6782463084310315,
  "waist_position": 0.5325975716114044,
  "torso_ratio": 1.126942619312587,
  "shoulder_prominence": 0.010865315794944763,
  "hip_prominence": 0.013965019024908543
}