{
  "shoulder_hip_ratio": 1.6864422424035248,
  "waist_position": 0.4523678570985794,
  "torso_ratio": 1.1810502112138308,
  "shoulder_prominence": 0.0033132657408714294,
  "hip_prominence": 0.01817335281521082
}