{
  "shoulder_hip_ratio": 1.6916646929757948,
  "waist_position": 0.5557398796081543,
  "torso_ratio": 1.1549328949572608,
  "shoulder_prominence": 0.0753675103187561,
  "hip_prominence": 0.054230572655797005
}