{
  "shoulder_hip_ratio": 1.7351746075753138,
  "waist_position": 0.4586140513420105,
  "torso_ratio": 1.100964913896227,
  "shoulder_prominence": 0.04493155609816313,
  "hip_prominence": 0.035100750625133514
}