{
  "shoulder_hip_ratio": 1.5125341748236882,
  "waist_position": 0.48559650778770447,
  "torso_ratio": 1.3205003103529809,
  "shoulder_prominence": 0.0029465872794389725,
  "hip_prominence": 0.007746848277747631
}