{
  "shoulder_hip_ratio": 1.6023513018335123,
  "waist_position": 0.5288795977830887,
  "torso_ratio": 1.3235309636789263,
  "shoulder_prominence": 0.07146692276000977,
  "hip_prominence": 0.0499787125736475
}