{
  "shoulder_hip_ratio": 1.72880018180614,
  "waist_position": 0.4939210116863251,
  "torso_ratio": 1.1545504089570315,
  "shoulder_prominence": 0.13942322880029678,
  "hip_prominence": 0.12463819235563278
}