{
  "shoulder_hip_ratio": 1.598124480127753,
  "waist_position": 0.4913008362054825,
  "torso_ratio": 1.255477053556614,
  "shoulder_prominence": 0.014401257038116455,
  "hip_prominence": 0.040046775713562965
}