{
  "shoulder_hip_ratio": 1.8216799456868578,
  "waist_position": 0.5027055442333221,
  "torso_ratio": 1.1856243255092318,
  "shoulder_prominence": 0.07524302788078785,
  "hip_prominence": 0.03581508249044418
}