{
  "shoulder_hip_ratio": 1.769150594914869,
  "waist_position": 0.5144529640674591,
  "torso_ratio": 1.3488720446001714,
  "shoulder_prominence": 0.11367352120578289,
  "hip_prominence": 0.04548894986510277
}