{
  "shoulder_hip_ratio": 1.7384504438424355,
  "waist_position": 0.5157525539398193,
  "torso_ratio": 1.2781879241891863,
  "shoulder_prominence": 0.10280048102140427,
  "hip_prominence": 0.11181310564279556
}