{
  "shoulder_hip_ratio": 1.6653236418120512,
  "waist_position": 0.5008076578378677,
  "torso_ratio": 1.1387817140372527,
  "shoulder_prominence": 0.09027457609772682,
  "hip_prominence": 0.04550429433584213
}