{
  "shoulder_hip_ratio": 1.7007242512777139,
  "waist_position": 0.470929890871048,
  "torso_ratio": 1.2501896924867153,
  "shoulder_prominence": 0.05498852767050266,
  "hip_prominence": 0.05767590552568436
}