{
  "shoulder_hip_ratio": 1.8822400484404982,
  "waist_position": 0.5097280442714691,
  "torso_ratio": 1.0974787093118117,
  "shoulder_prominence": 0.040967538952827454,
  "hip_prominence": 0.0072472060564905405
}