{
  "shoulder_hip_ratio": 1.7119074458696706,
  "waist_position": 0.48697370290756226,
  "torso_ratio": 1.2179208620726987,
  "shoulder_prominence": 0.06827462092041969,
  "hip_prominence": 0.06062179617583752
}