{
  "shoulder_hip_ratio": 1.7872207831470939,
  "waist_position": 0.5223235785961151,
  "torso_ratio": 1.1282606526297156,
  "shoulder_prominence": 0.16067473590373993,
  "hip_prominence": 0.12242142111063004
}