{
  "shoulder_hip_ratio": 1.7118296608819041,
  "waist_position": 0.46221989393234253,
  "torso_ratio": 1.2983587323183736,
  "shoulder_prominence": 0.06679482571780682,
  "hip_prominence": 0.03266897052526474
}