{
  "shoulder_hip_ratio": 1.7032158946449134,
  "waist_position": 0.49820569157600403,
  "torso_ratio": 1.2519943215602183,
  "shoulder_prominence": 0.027653895784169436,
  "hip_prominence": 0.024800951592624187
}