{
  "shoulder_hip_ratio": 1.649265196999179,
  "waist_position": 0.5249817669391632,
  "torso_ratio": 1.3875621838571526,
  "shoulder_prominence": 0.29119978100061417,
  "hip_prominence": 0.13509146124124527
}