{
  "shoulder_hip_ratio": 1.6276355833754272,
  "waist_position": 0.46730485558509827,
  "torso_ratio": 1.1059577645833116,
  "shoulder_prominence": 0.2000073418021202,
  "hip_prominence": 0.08183254674077034
}