{
  "shoulder_hip_ratio": 1.722828283059385,
  "waist_position": 0.4667457342147827,
  "torso_ratio": 1.1068703783155802,
  "shoulder_prominence": 0.17599109187722206,
  "hip_prominence": 0.09835401177406311
}