{
  "shoulder_hip_ratio": 1.7495055916629976,
  "waist_position": 0.5122076272964478,
  "torso_ratio": 1.27016102194372,
  "shoulder_prominence": 0.06944947689771652,
  "hip_prominence": 0.03253048472106457
}