{
  "shoulder_hip_ratio": 1.7202948023132005,
  "waist_position": 0.4947131425142288,
  "torso_ratio": 1.2392151399129256,
  "shoulder_prominence": 0.09540000092238188,
  "hip_prominence": 0.03925049677491188
}