{
  "shoulder_hip_ratio": 1.5607330014874081,
  "waist_position": 0.4936417490243912,
  "torso_ratio": 1.2264995289530327,
  "shoulder_prominence": 0.07623270899057388,
  "hip_prominence": 0.03603673540055752
}