{
  "shoulder_hip_ratio": 1.821335585245775,
  "waist_position": 0.506359726190567,
  "torso_ratio": 1.167157401004459,
  "shoulder_prominence": 0.02875491976737976,
  "hip_prominence": 0.0016960852080956101
}