{
  "shoulder_hip_ratio": 1.5577708664744614,
  "waist_position": 0.48763608932495117,
  "torso_ratio": 1.260315888021286,
  "shoulder_prominence": 0.13834475353360176,
  "hip_prominence": 0.043139997869729996
}