{
  "shoulder_hip_ratio": 1.7862447335544287,
  "waist_position": 0.5359245240688324,
  "torso_ratio": 1.2446297383766318,
  "shoulder_prominence": 0.021746017038822174,
  "hip_prominence": 0.004590519005432725
}