{
  "shoulder_hip_ratio": 1.7535735058075383,
  "waist_position": 0.47045791149139404,
  "torso_ratio": 1.1894429320557518,
  "shoulder_prominence": 0.2411489449441433,
  "hip_prominence": 0.10107291489839554
}