{
  "shoulder_hip_ratio": 1.7808224336998448,
  "waist_position": 0.5273841917514801,
  "torso_ratio": 1.0981702291763502,
  "shoulder_prominence": 0.06531534343957901,
  "hip_prominence": 0.055296748876571655
}