{
  "shoulder_hip_ratio": 1.7109193749097449,
  "waist_position": 0.5154557228088379,
  "torso_ratio": 1.2446462207346773,
  "shoulder_prominence": 0.06562420725822449,
  "hip_prominence": 0.009231574833393097
}