{
  "shoulder_hip_ratio": 1.7278104905337173,
  "waist_position": 0.5278862416744232,
  "torso_ratio": 1.210762012282637,
  "shoulder_prominence": 0.09086312353610992,
  "hip_prominence": 0.06094888411462307
}