{
  "shoulder_hip_ratio": 1.6960010078114027,
  "waist_position": 0.495151162147522,
  "torso_ratio": 1.22745893432193,
  "shoulder_prominence": 0.016460396349430084,
  "hip_prominence": 0.0018333708867430687
}