{
  "shoulder_hip_ratio": 1.7771666696350255,
  "waist_position": 0.5159870982170105,
  "torso_ratio": 1.1745497856400302,
  "shoulder_prominence": 0.013018041849136353,
  "hip_prominence": 0.00880276970565319
}