{
  "shoulder_hip_ratio": 1.702126132257621,
  "waist_position": 0.4814450442790985,
  "torso_ratio": 1.1870838261578995,
  "shoulder_prominence": 0.04035288095474243,
  "hip_prominence": 0.008884367067366838
}