{
  "shoulder_hip_ratio": 1.6963342589990467,
  "waist_position": 0.5104645788669586,
  "torso_ratio": 1.2160120928431435,
  "shoulder_prominence": 0.02563048154115677,
  "hip_prominence": 0.00749307032674551
}