{
  "shoulder_hip_ratio": 1.8061458467051685,
  "waist_position": 0.48793287575244904,
  "torso_ratio": 0.9836295371957131,
  "shoulder_prominence": 0.07393118739128113,
  "hip_prominence": 0.023138700984418392
}