{
  "shoulder_hip_ratio": 1.6537493459059416,
  "waist_position": 0.49481430649757385,
  "torso_ratio": 1.2528298912834837,
  "shoulder_prominence": 0.01268230751156807,
  "hip_prominence": 0.0013065655948594213
}