{
  "shoulder_hip_ratio": 1.6073664500639717,
  "waist_position": 0.5091639757156372,
  "torso_ratio": 1.232899789640971,
  "shoulder_prominence": 0.25811611115932465,
  "hip_prominence": 0.1534968614578247
}