{
  "shoulder_hip_ratio": 1.620313085146179,
  "waist_position": 0.5098852515220642,
  "torso_ratio": 1.2490988564185992,
  "shoulder_prominence": 0.06743669882416725,
  "hip_prominence": 0.041144294664263725
}