{
  "shoulder_hip_ratio": 1.8232712674477454,
  "waist_position": 0.5082831233739853,
  "torso_ratio": 1.162539913881097,
  "shoulder_prominence": 0.05433303862810135,
  "hip_prominence": 0.03623969852924347
}