{
  "shoulder_hip_ratio": 1.7143004486818572,
  "waist_position": 0.4367012679576874,
  "torso_ratio": 1.113090874588502,
  "shoulder_prominence": 0.045917391777038574,
  "hip_prominence": 0.023917458951473236
}