{
  "shoulder_hip_ratio": 1.6760213336468721,
  "waist_position": 0.4865834712982178,
  "torso_ratio": 1.2414066692501142,
  "shoulder_prominence": 0.2663988471031189,
  "hip_prominence": 0.1817394196987152
}