{
  "shoulder_hip_ratio": 1.8351078319593925,
  "waist_position": 0.4678630381822586,
  "torso_ratio": 1.1504433042727713,
  "shoulder_prominence": 0.001408163458108902,
  "hip_prominence": 0.0027559016598388553
}