{
  "shoulder_hip_ratio": 1.7106440299354813,
  "waist_position": 0.5214246213436127,
  "torso_ratio": 1.216068572523708,
  "shoulder_prominence": 0.24069402366876602,
  "hip_prominence": 0.09362268820405006
}