{
  "shoulder_hip_ratio": 1.7951682190097398,
  "waist_position": 0.5317800939083099,
  "torso_ratio": 1.1771415806175594,
  "shoulder_prominence": 0.1416439451277256,
  "hip_prominence": 0.09694655984640121
}