{
  "shoulder_hip_ratio": 1.8300639225811568,
  "waist_position": 0.4725578874349594,
  "torso_ratio": 1.1717531377426313,
  "shoulder_prominence": 0.24977412447333336,
  "hip_prominence": 0.20241715013980865
}