{
  "shoulder_hip_ratio": 1.7922067306897047,
  "waist_position": 0.4856560528278351,
  "torso_ratio": 1.1319066219605638,
  "shoulder_prominence": 0.05926899611949921,
  "hip_prominence": 0.03946271911263466
}