{
  "shoulder_hip_ratio": 1.793031243752676,
  "waist_position": 0.5073871910572052,
  "torso_ratio": 1.378205998394798,
  "shoulder_prominence": 0.15082255750894547,
  "hip_prominence": 0.08875394240021706
}