{
  "shoulder_hip_ratio": 1.7069401559971027,
  "waist_position": 0.511081337928772,
  "torso_ratio": 1.1657067032922768,
  "shoulder_prominence": 0.1648516459390521,
  "hip_prominence": 0.08631765097379684
}