{
  "shoulder_hip_ratio": 1.7940943123806947,
  "waist_position": 0.48097604513168335,
  "torso_ratio": 1.2368654281049305,
  "shoulder_prominence": 0.059336647391319275,
  "hip_prominence": 0.03900988586246967
}