{
  "shoulder_hip_ratio": 1.6482674166498836,
  "waist_position": 0.4424925297498703,
  "torso_ratio": 1.2735939913615313,
  "shoulder_prominence": 0.037068585865199566,
  "hip_prominence": 0.015074055176228285
}