{
  "shoulder_hip_ratio": 1.7523085874497661,
  "waist_position": 0.4698258489370346,
  "torso_ratio": 1.199057057319583,
  "shoulder_prominence": 0.25068778917193413,
  "hip_prominence": 0.10468626767396927
}