{
  "shoulder_hip_ratio": 1.6861733747609122,
  "waist_position": 0.5127147436141968,
  "torso_ratio": 1.1291652993173242,
  "shoulder_prominence": 0.09961281716823578,
  "hip_prominence": 0.0401937011629343
}