{
  "shoulder_hip_ratio": 1.6026482438960272,
  "waist_position": 0.5146135687828064,
  "torso_ratio": 1.1790284385766385,
  "shoulder_prominence": 0.12194091081619263,
  "hip_prominence": 0.04211254045367241
}