{
  "shoulder_hip_ratio": 1.7127522077279889,
  "waist_position": 0.48032936453819275,
  "torso_ratio": 1.13694283265276,
  "shoulder_prominence": 0.07527274638414383,
  "hip_prominence": 0.063669104129076
}