{
  "shoulder_hip_ratio": 1.7521140656909096,
  "waist_position": 0.47911709547042847,
  "torso_ratio": 1.1885938041079183,
  "shoulder_prominence": 0.014127865433692932,
  "hip_prominence": 0.005542307160794735
}