{
  "shoulder_hip_ratio": 1.6911838971134936,
  "waist_position": 0.47917020320892334,
  "torso_ratio": 1.2525163594116409,
  "shoulder_prominence": 0.18166521284729242,
  "hip_prominence": 0.11369316652417183
}