{
  "shoulder_hip_ratio": 1.691185048531559,
  "waist_position": 0.5027626156806946,
  "torso_ratio": 1.2453883840888031,
  "shoulder_prominence": 0.01961740106344223,
  "hip_prominence": 0.017790324985980988
}