{
  "shoulder_hip_ratio": 1.714303574108493,
  "waist_position": 0.5278947353363037,
  "torso_ratio": 1.245718442620277,
  "shoulder_prominence": 0.06907619349658489,
  "hip_prominence": 0.03439551964402199
}