{
  "shoulder_hip_ratio": 1.6686768646705565,
  "waist_position": 0.46544261276721954,
  "torso_ratio": 1.2189682402218491,
  "shoulder_prominence": 0.05344870686531067,
  "hip_prominence": 0.030873922631144524
}