{
  "shoulder_hip_ratio": 1.5994910576576054,
  "waist_position": 0.48086635768413544,
  "torso_ratio": 1.2357899526676996,
  "shoulder_prominence": 0.15743722021579742,
  "hip_prominence": 0.11668501049280167
}