{
  "shoulder_hip_ratio": 1.7197007654176542,
  "waist_position": 0.4660530537366867,
  "torso_ratio": 1.140714773055721,
  "shoulder_prominence": 0.05214308947324753,
  "hip_prominence": 0.02888320293277502
}