{
  "shoulder_hip_ratio": 1.6807572755954072,
  "waist_position": 0.4455348402261734,
  "torso_ratio": 1.1430479051306341,
  "shoulder_prominence": 0.01799895241856575,
  "hip_prominence": 0.015365893952548504
}