{
  "shoulder_hip_ratio": 1.8591401938983303,
  "waist_position": 0.5145286172628403,
  "torso_ratio": 1.1478409805092893,
  "shoulder_prominence": 0.12029267102479935,
  "hip_prominence": 0.055946363136172295
}