{
  "shoulder_hip_ratio": 1.749972513644848,
  "waist_position": 0.45846614241600037,
  "torso_ratio": 1.3716103677330242,
  "shoulder_prominence": 0.01804686337709427,
  "hip_prominence": 0.014169758185744286
}