{
  "shoulder_hip_ratio": 1.808743106033767,
  "waist_position": 0.5121149122714996,
  "torso_ratio": 1.2222174596071465,
  "shoulder_prominence": 0.16993297077715397,
  "hip_prominence": 0.08803166821599007
}