{
  "shoulder_hip_ratio": 1.570072094043976,
  "waist_position": 0.46106022596359253,
  "torso_ratio": 1.1886236154978254,
  "shoulder_prominence": 0.1400642734952271,
  "hip_prominence": 0.09746690467000008
}