{
  "shoulder_hip_ratio": 1.7087583157803194,
  "waist_position": 0.5475662648677826,
  "torso_ratio": 1.2918247323846757,
  "shoulder_prominence": 0.21915329061448574,
  "hip_prominence": 0.16972030699253082
}