{
  "shoulder_hip_ratio": 1.8231984262327068,
  "waist_position": 0.4931642413139343,
  "torso_ratio": 1.2707733056232664,
  "shoulder_prominence": 0.2003415785729885,
  "hip_prominence": 0.1252421960234642
}