{
  "shoulder_hip_ratio": 1.6048509894788086,
  "waist_position": 0.5050537586212158,
  "torso_ratio": 1.2461017915216146,
  "shoulder_prominence": 0.041662443429231644,
  "hip_prominence": 0.01981242373585701
}