{
  "shoulder_hip_ratio": 1.724480107826052,
  "waist_position": 0.5115083456039429,
  "torso_ratio": 1.1357275195898147,
  "shoulder_prominence": 0.05020652338862419,
  "hip_prominence": 0.03720693103969097
}