{
  "shoulder_hip_ratio": 1.8185377623574943,
  "waist_position": 0.4818660467863083,
  "torso_ratio": 1.129204098455493,
  "shoulder_prominence": 0.02472962625324726,
  "hip_prominence": 0.01992619875818491
}