{
  "shoulder_hip_ratio": 1.5813848746045711,
  "waist_position": 0.4914606660604477,
  "torso_ratio": 1.3838992756977935,
  "shoulder_prominence": 0.03604277968406677,
  "hip_prominence": 0.0019470524275675416
}