{
  "shoulder_hip_ratio": 1.8141248621428487,
  "waist_position": 0.4806978106498718,
  "torso_ratio": 1.1750565778315165,
  "shoulder_prominence": 0.06762105226516724,
  "hip_prominence": 0.012491263914853334
}