{
  "shoulder_hip_ratio": 1.7689238904599656,
  "waist_position": 0.4862207919359207,
  "torso_ratio": 1.182530672699115,
  "shoulder_prominence": 0.15632562339305878,
  "hip_prominence": 0.08907071873545647
}