{
  "shoulder_hip_ratio": 1.711199217758973,
  "waist_position": 0.5293630957603455,
  "torso_ratio": 1.096656519358661,
  "shoulder_prominence": 0.01221948117017746,
  "hip_prominence": 0.02936580963432789
}