{
  "shoulder_hip_ratio": 1.6914836525316255,
  "waist_position": 0.485054075717926,
  "torso_ratio": 1.292089980192184,
  "shoulder_prominence": 0.07124051079154015,
  "hip_prominence": 0.021068443544209003
}