{
  "shoulder_hip_ratio": 1.672378007319058,
  "waist_position": 0.4538351595401764,
  "torso_ratio": 1.1843756380535353,
  "shoulder_prominence": 0.013184409588575363,
  "hip_prominence": 0.016895659267902374
}