{
  "shoulder_hip_ratio": 1.749973683649919,
  "waist_position": 0.4891224503517151,
  "torso_ratio": 1.1111185567231474,
  "shoulder_prominence": 0.026089297723956406,
  "hip_prominence": 0.010819584596902132
}