{
  "shoulder_hip_ratio": 1.7618219543044986,
  "waist_position": 0.5106399357318878,
  "torso_ratio": 1.1152044572403728,
  "shoulder_prominence": 0.08671146631240845,
  "hip_prominence": 0.02097668033093214
}