{
  "shoulder_hip_ratio": 1.7162311326901538,
  "waist_position": 0.49750812351703644,
  "torso_ratio": 1.2761067239305495,
  "shoulder_prominence": 0.032150380313396454,
  "hip_prominence": 0.024518967606127262
}