{
  "shoulder_hip_ratio": 1.705742648751359,
  "waist_position": 0.5315200388431549,
  "torso_ratio": 1.2356222013237657,
  "shoulder_prominence": 0.04331766813993454,
  "hip_prominence": 0.007761951768770814
}