{
  "shoulder_hip_ratio": 1.749591649208681,
  "waist_position": 0.5155531764030457,
  "torso_ratio": 1.269924348238293,
  "shoulder_prominence": 0.07707354426383972,
  "hip_prominence": 0.09095994755625725
}