{
  "shoulder_hip_ratio": 1.9476012023899798,
  "waist_position": 0.49576008319854736,
  "torso_ratio": 1.0724774711175964,
  "shoulder_prominence": 0.07584358751773834,
  "hip_prominence": 0.056523509323596954
}