{
  "shoulder_hip_ratio": 1.8249699877105738,
  "waist_position": 0.5237946510314941,
  "torso_ratio": 1.099240650498161,
  "shoulder_prominence": 0.15962530672550201,
  "hip_prominence": 0.10754983872175217
}