{
  "shoulder_hip_ratio": 1.8411778601966489,
  "waist_position": 0.46793849766254425,
  "torso_ratio": 1.1795369978233905,
  "shoulder_prominence": 0.15999306738376617,
  "hip_prominence": 0.10548591613769531
}