{
  "shoulder_hip_ratio": 1.5833438872121006,
  "waist_position": 0.49386684596538544,
  "torso_ratio": 1.1766543932149078,
  "shoulder_prominence": 0.085546113550663,
  "hip_prominence": 0.03970343433320522
}