{
  "shoulder_hip_ratio": 1.5999980532347964,
  "waist_position": 0.4888894408941269,
  "torso_ratio": 1.2814646036904873,
  "shoulder_prominence": 0.10098156332969666,
  "hip_prominence": 0.020087821409106255
}