{
  "shoulder_hip_ratio": 1.4839310744396796,
  "waist_position": 0.4663795381784439,
  "torso_ratio": 1.2496330603896908,
  "shoulder_prominence": 0.05029793083667755,
  "hip_prominence": 0.030017574317753315
}