{
  "shoulder_hip_ratio": 1.7611169006074985,
  "waist_position": 0.4915411174297333,
  "torso_ratio": 1.154939574145042,
  "shoulder_prominence": 0.02267003059387207,
  "hip_prominence": 0.022179040126502514
}