{
  "shoulder_hip_ratio": 1.6440507437701677,
  "waist_position": 0.46116381883621216,
  "torso_ratio": 1.320503785098426,
  "shoulder_prominence": 0.01836762425955385,
  "hip_prominence": 0.006989754270762205
}