{
  "shoulder_hip_ratio": 1.7936690960553412,
  "waist_position": 0.4745098352432251,
  "torso_ratio": 1.1318889392082303,
  "shoulder_prominence": 0.1116407960653305,
  "hip_prominence": 0.01978510059416294
}