{
  "shoulder_hip_ratio": 1.6594207440172875,
  "waist_position": 0.5221280753612518,
  "torso_ratio": 1.2591410396688612,
  "shoulder_prominence": 0.13195918500423431,
  "hip_prominence": 0.04764792136847973
}