{
  "shoulder_hip_ratio": 1.712930274119961,
  "waist_position": 0.5035211443901062,
  "torso_ratio": 1.2257278780665848,
  "shoulder_prominence": 0.1380261480808258,
  "hip_prominence": 0.11401430517435074
}