{
  "shoulder_hip_ratio": 1.6996881861653832,
  "waist_position": 0.48993897438049316,
  "torso_ratio": 1.303602641253582,
  "shoulder_prominence": 0.02644461888121441,
  "hip_prominence": 0.020734526216983795
}