{
  "shoulder_hip_ratio": 1.5855739940519695,
  "waist_position": 0.4667697995901108,
  "torso_ratio": 1.1723859417483034,
  "shoulder_prominence": 0.07776643335819244,
  "hip_prominence": 0.04998176731169224
}