{
  "shoulder_hip_ratio": 1.615953156522138,
  "waist_position": 0.49133504927158356,
  "torso_ratio": 1.1719026075686525,
  "shoulder_prominence": 0.17638066411018372,
  "hip_prominence": 0.09252569451928139
}