{
  "shoulder_hip_ratio": 1.5873938711237359,
  "waist_position": 0.47505901753902435,
  "torso_ratio": 1.3114822510773356,
  "shoulder_prominence": 0.02755817025899887,
  "hip_prominence": 0.0032022601226344705
}