{
  "shoulder_hip_ratio": 1.7089819996360252,
  "waist_position": 0.5158304870128632,
  "torso_ratio": 1.1336793556860782,
  "shoulder_prominence": 0.0963147459551692,
  "hip_prominence": 0.07356007769703865
}