{
  "shoulder_hip_ratio": 1.7759344851182952,
  "waist_position": 0.5075831711292267,
  "torso_ratio": 1.0949807679275545,
  "shoulder_prominence": 0.10196943767368793,
  "hip_prominence": 0.03293352201581001
}