{
  "shoulder_hip_ratio": 1.6292130608920867,
  "waist_position": 0.4897669851779938,
  "torso_ratio": 1.2191892692008919,
  "shoulder_prominence": 0.13236353360116482,
  "hip_prominence": 0.08653949946165085
}