{
  "shoulder_hip_ratio": 1.6945894112644821,
  "waist_position": 0.4340406060218811,
  "torso_ratio": 1.134845343727266,
  "shoulder_prominence": 0.0697234570980072,
  "hip_prominence": 0.058236872777342796
}