{
  "shoulder_hip_ratio": 1.836655195256158,
  "waist_position": 0.5253773927688599,
  "torso_ratio": 1.1789716409337612,
  "shoulder_prominence": 0.2629885748028755,
  "hip_prominence": 0.14910704642534256
}