{
  "shoulder_hip_ratio": 1.6494841727520988,
  "waist_position": 0.5004924982786179,
  "torso_ratio": 1.2730217072403487,
  "shoulder_prominence": 0.012485295534133911,
  "hip_prominence": 0.005149337695911527
}