{
  "shoulder_hip_ratio": 1.6358628032963438,
  "waist_position": 0.4831909090280533,
  "torso_ratio": 1.476495410652569,
  "shoulder_prominence": 0.1857699230313301,
  "hip_prominence": 0.13387535512447357
}