{
  "shoulder_hip_ratio": 1.6563103987449401,
  "waist_position": 0.5075893104076385,
  "torso_ratio": 1.1482655586203798,
  "shoulder_prominence": 0.031073305755853653,
  "hip_prominence": 0.0036604690831154585
}