{
  "shoulder_hip_ratio": 1.6273781305699753,
  "waist_position": 0.4932032972574234,
  "torso_ratio": 1.3465089697576198,
  "shoulder_prominence": 0.33464085310697556,
  "hip_prominence": 0.19078472256660461
}