{
  "shoulder_hip_ratio": 1.5954785715728803,
  "waist_position": 0.5034158825874329,
  "torso_ratio": 1.1902718845756883,
  "shoulder_prominence": 0.07285037357360125,
  "hip_prominence": 0.03116041887551546
}