{
  "shoulder_hip_ratio": 1.6112119583796924,
  "waist_position": 0.5120544731616974,
  "torso_ratio": 1.3366172267870216,
  "shoulder_prominence": 0.006507419049739838,
  "hip_prominence": 0.007613434689119458
}