{
  "shoulder_hip_ratio": 1.6668620713811386,
  "waist_position": 0.4926264137029648,
  "torso_ratio": 1.2363190021782156,
  "shoulder_prominence": 0.04973107576370239,
  "hip_prominence": 0.037817277014255524
}