{
  "shoulder_hip_ratio": 1.7191737359004895,
  "waist_position": 0.49728530645370483,
  "torso_ratio": 1.2452738255122104,
  "shoulder_prominence": 0.010986381210386753,
  "hip_prominence": 0.004754474852234125
}