{
  "shoulder_hip_ratio": 1.7762429361700387,
  "waist_position": 0.5015725642442703,
  "torso_ratio": 1.1721463060350021,
  "shoulder_prominence": 0.08856603503227234,
  "hip_prominence": 0.03649398311972618
}