{
  "shoulder_hip_ratio": 1.6437691655396396,
  "waist_position": 0.531018853187561,
  "torso_ratio": 1.1940551508469452,
  "shoulder_prominence": 0.11156692914664745,
  "hip_prominence": 0.076836246997118
}