{
  "shoulder_hip_ratio": 1.8266810140752812,
  "waist_position": 0.5250095427036285,
  "torso_ratio": 1.0724534583280496,
  "shoulder_prominence": 0.07641706615686417,
  "hip_prominence": 0.0326192919164896
}