{
  "shoulder_hip_ratio": 1.7635181996086022,
  "waist_position": 0.4662020653486252,
  "torso_ratio": 1.1219429021900176,
  "shoulder_prominence": 0.15713266655802727,
  "hip_prominence": 0.11338318511843681
}