{
  "shoulder_hip_ratio": 1.6328600707958105,
  "waist_position": 0.4745747447013855,
  "torso_ratio": 1.3090448961170527,
  "shoulder_prominence": 0.11725766956806183,
  "hip_prominence": 0.05629950016736984
}