{
  "shoulder_hip_ratio": 1.5826342379339176,
  "waist_position": 0.5404903292655945,
  "torso_ratio": 1.3003820128688939,
  "shoulder_prominence": 0.14522001147270203,
  "hip_prominence": 0.05240257270634174
}