{
  "shoulder_hip_ratio": 2.0026011193119464,
  "waist_position": 0.5063484609127045,
  "torso_ratio": 1.1429990205537603,
  "shoulder_prominence": 0.11078226566314697,
  "hip_prominence": 0.03958157077431679
}