{
  "shoulder_hip_ratio": 1.8678286558755162,
  "waist_position": 0.4956895112991333,
  "torso_ratio": 1.2045737180857026,
  "shoulder_prominence": 0.1047271080315113,
  "hip_prominence": 0.07077823206782341
}