{
  "shoulder_hip_ratio": 1.6534281378451898,
  "waist_position": 0.5095124244689941,
  "torso_ratio": 1.1964056327629926,
  "shoulder_prominence": 0.0025141723453998566,
  "hip_prominence": 0.010193352587521076
}