{
  "shoulder_hip_ratio": 1.7385924541852644,
  "waist_position": 0.5178407430648804,
  "torso_ratio": 1.1333534708331738,
  "shoulder_prominence": 0.0725739598274231,
  "hip_prominence": 0.06430328637361526
}