{
  "shoulder_hip_ratio": 1.6879385103194446,
  "waist_position": 0.5160466432571411,
  "torso_ratio": 1.1273041012080571,
  "shoulder_prominence": 0.08915415406227112,
  "hip_prominence": 0.04392067715525627
}