{
  "shoulder_hip_ratio": 1.760310803946332,
  "waist_position": 0.5118054449558258,
  "torso_ratio": 1.1457367757733659,
  "shoulder_prominence": 0.05894370377063751,
  "hip_prominence": 0.029970350675284863
}