{
  "shoulder_hip_ratio": 1.63204221242189,
  "waist_position": 0.5417256653308868,
  "torso_ratio": 1.1783139997654464,
  "shoulder_prominence": 0.12382911145687103,
  "hip_prominence": 0.04380646347999573
}