{
  "shoulder_hip_ratio": 1.658555563273734,
  "waist_position": 0.5389035046100616,
  "torso_ratio": 1.2465862373064183,
  "shoulder_prominence": 0.058558786287903786,
  "hip_prominence": 0.03008615504950285
}