{
  "shoulder_hip_ratio": 1.7651192565526064,
  "waist_position": 0.47899186611175537,
  "torso_ratio": 1.135325172957811,
  "shoulder_prominence": 0.05095334351062775,
  "hip_prominence": 0.004963293904438615
}