{
  "shoulder_hip_ratio": 1.8181348693098178,
  "waist_position": 0.4939286559820175,
  "torso_ratio": 1.0895357483983872,
  "shoulder_prominence": 0.017203085124492645,
  "hip_prominence": 0.011217247694730759
}