{
  "shoulder_hip_ratio": 1.6241521190400976,
  "waist_position": 0.5059866309165955,
  "torso_ratio": 1.256796808286754,
  "shoulder_prominence": 0.034730032086372375,
  "hip_prominence": 0.018516305834054947
}