{
  "shoulder_hip_ratio": 1.822646955907615,
  "waist_position": 0.516316831111908,
  "torso_ratio": 1.2737532870128565,
  "shoulder_prominence": 0.0048967760521918535,
  "hip_prominence": 0.004657841986045241
}