{
  "shoulder_hip_ratio": 1.7447679712958015,
  "waist_position": 0.4885488599538803,
  "torso_ratio": 1.2795261549866601,
  "shoulder_prominence": 0.05142975226044655,
  "hip_prominence": 0.0071228560991585255
}