{
  "shoulder_hip_ratio": 1.833938126707473,
  "waist_position": 0.475660964846611,
  "torso_ratio": 1.1285326140732643,
  "shoulder_prominence": 0.11225459352135658,
  "hip_prominence": 0.021062249317765236
}