{
  "shoulder_hip_ratio": 1.800166490794572,
  "waist_position": 0.4778633564710617,
  "torso_ratio": 1.082887799601254,
  "shoulder_prominence": 0.06067638099193573,
  "hip_prominence": 0.029725810512900352
}