{
  "shoulder_hip_ratio": 1.7450639736926385,
  "waist_position": 0.48376642167568207,
  "torso_ratio": 1.178437964638406,
  "shoulder_prominence": 0.04903830128023401,
  "hip_prominence": 0.05786292813718319
}