{
  "shoulder_hip_ratio": 1.637923995916919,
  "waist_position": 0.5121776461601257,
  "torso_ratio": 1.1143911816561356,
  "shoulder_prominence": 0.0486680269241333,
  "hip_prominence": 0.02445275615900755
}