{
  "shoulder_hip_ratio": 1.6875984696999422,
  "waist_position": 0.5422375202178955,
  "torso_ratio": 1.1975925714348827,
  "shoulder_prominence": 0.017269976437091827,
  "hip_prominence": 0.0019027924863621593
}