{
  "shoulder_hip_ratio": 1.8013456882239824,
  "waist_position": 0.513619065284729,
  "torso_ratio": 1.1881255640423194,
  "shoulder_prominence": 0.0495089590549469,
  "hip_prominence": 0.007249577436596155
}