{
  "shoulder_hip_ratio": 1.7322809908692578,
  "waist_position": 0.4888306260108948,
  "torso_ratio": 0.9953770576698049,
  "shoulder_prominence": 0.04625159502029419,
  "hip_prominence": 0.006404922343790531
}