{
  "shoulder_hip_ratio": 1.8262991386248464,
  "waist_position": 0.515290379524231,
  "torso_ratio": 1.142352871776247,
  "shoulder_prominence": 0.014418214559555054,
  "hip_prominence": 0.010713568422943354
}