{
  "shoulder_hip_ratio": 1.7043288391822953,
  "waist_position": 0.530161589384079,
  "torso_ratio": 1.2161099997474192,
  "shoulder_prominence": 0.03557230532169342,
  "hip_prominence": 0.04033971391618252
}