{
  "shoulder_hip_ratio": 1.7738350823820146,
  "waist_position": 0.4789108335971832,
  "torso_ratio": 1.1571872883042176,
  "shoulder_prominence": 0.08208238519728184,
  "hip_prominence": 0.06922091543674469
}