{
  "shoulder_hip_ratio": 1.966076424635737,
  "waist_position": 0.5072216987609863,
  "torso_ratio": 1.136162022456179,
  "shoulder_prominence": 0.03573492169380188,
  "hip_prominence": 0.00015095291018951684
}