{
  "shoulder_hip_ratio": 1.591217390776289,
  "waist_position": 0.5518554151058197,
  "torso_ratio": 1.171527636423818,
  "shoulder_prominence": 0.12902135401964188,
  "hip_prominence": 0.0448938962072134
}