{
  "shoulder_hip_ratio": 1.6717938896726299,
  "waist_position": 0.4784739315509796,
  "torso_ratio": 1.2743763021124026,
  "shoulder_prominence": 0.24593091011047363,
  "hip_prominence": 0.11500765383243561
}