{
  "shoulder_hip_ratio": 1.8269086377310333,
  "waist_position": 0.4747377187013626,
  "torso_ratio": 0.9783133989632138,
  "shoulder_prominence": 0.06714984774589539,
  "hip_prominence": 0.004993293900042772
}