{
  "shoulder_hip_ratio": 1.8729099067972956,
  "waist_position": 0.5207651555538177,
  "torso_ratio": 1.0358885145302437,
  "shoulder_prominence": 0.17813336104154587,
  "hip_prominence": 0.07958661764860153
}