{
  "shoulder_hip_ratio": 1.7947149602763812,
  "waist_position": 0.4759536236524582,
  "torso_ratio": 1.065603770799942,
  "shoulder_prominence": 0.044355086982250214,
  "hip_prominence": 0.0358094647526741
}