{
  "shoulder_hip_ratio": 1.6720436241426497,
  "waist_position": 0.4702155590057373,
  "torso_ratio": 1.2477470994388606,
  "shoulder_prominence": 0.14189191907644272,
  "hip_prominence": 0.08086567744612694
}