{
  "shoulder_hip_ratio": 1.7524182727698079,
  "waist_position": 0.5057588517665863,
  "torso_ratio": 1.155701997384205,
  "shoulder_prominence": 0.013020157814025879,
  "hip_prominence": 0.017490077763795853
}