{
  "shoulder_hip_ratio": 1.7205950393069505,
  "waist_position": 0.4651014655828476,
  "torso_ratio": 1.2199686491031725,
  "shoulder_prominence": 0.06677568703889847,
  "hip_prominence": 0.030345892533659935
}