{
  "shoulder_hip_ratio": 1.6461067672913656,
  "waist_position": 0.513114720582962,
  "torso_ratio": 1.1672405532831367,
  "shoulder_prominence": 0.011250719428062439,
  "hip_prominence": 0.007041905308142304
}