{
  "shoulder_hip_ratio": 1.7364028338340665,
  "waist_position": 0.4767439067363739,
  "torso_ratio": 1.099448418760714,
  "shoulder_prominence": 0.02631150558590889,
  "hip_prominence": 0.00022226586588658392
}