{
  "shoulder_hip_ratio": 1.8635020970132237,
  "waist_position": 0.4794883728027344,
  "torso_ratio": 1.1093386869035764,
  "shoulder_prominence": 0.08376613259315491,
  "hip_prominence": 0.030944699421525
}