{
  "shoulder_hip_ratio": 1.7888831479040341,
  "waist_position": 0.5438553392887115,
  "torso_ratio": 1.1931164827528833,
  "shoulder_prominence": 0.009112611413002014,
  "hip_prominence": 0.059403859078884125
}