{
  "shoulder_hip_ratio": 1.7292829806171661,
  "waist_position": 0.4940507709980011,
  "torso_ratio": 1.3017886822115565,
  "shoulder_prominence": 0.07319830358028412,
  "hip_prominence": 0.042669788002967834
}