{
  "shoulder_hip_ratio": 1.6632531670277622,
  "waist_position": 0.5197636187076569,
  "torso_ratio": 1.2634252515725861,
  "shoulder_prominence": 0.048492638394236565,
  "hip_prominence": 0.036053916439414024
}