{
  "shoulder_hip_ratio": 1.6051613780896203,
  "waist_position": 0.5338889360427856,
  "torso_ratio": 1.3335049936476853,
  "shoulder_prominence": 0.270024374127388,
  "hip_prominence": 0.19724839180707932
}