{
  "shoulder_hip_ratio": 1.7498103525131754,
  "waist_position": 0.47016723453998566,
  "torso_ratio": 1.1967332123746615,
  "shoulder_prominence": 0.12737541645765305,
  "hip_prominence": 0.08374763652682304
}