{
  "shoulder_hip_ratio": 1.7788255980695165,
  "waist_position": 0.4890996217727661,
  "torso_ratio": 1.1062593527928561,
  "shoulder_prominence": 0.08381396532058716,
  "hip_prominence": 0.07716202735900879
}