{
  "shoulder_hip_ratio": 1.666000933072894,
  "waist_position": 0.5201812386512756,
  "torso_ratio": 1.1553543299787303,
  "shoulder_prominence": 0.10674707591533661,
  "hip_prominence": 0.04146893508732319
}