{
  "shoulder_hip_ratio": 1.8449250155670989,
  "waist_position": 0.4802336096763611,
  "torso_ratio": 1.0712937985026598,
  "shoulder_prominence": 0.04659522417932749,
  "hip_prominence": 0.03726133704185486
}