{
  "shoulder_hip_ratio": 1.6565122176691056,
  "waist_position": 0.487151101231575,
  "torso_ratio": 1.283198198082376,
  "shoulder_prominence": 0.17992207407951355,
  "hip_prominence": 0.12333133071660995
}