{
  "shoulder_hip_ratio": 1.7234711723629736,
  "waist_position": 0.5030367374420166,
  "torso_ratio": 1.1722922715644228,
  "shoulder_prominence": 0.05046429485082626,
  "hip_prominence": 0.04203256592154503
}