{
  "shoulder_hip_ratio": 1.6959380573319505,
  "waist_position": 0.5260900557041168,
  "torso_ratio": 1.2179305931483249,
  "shoulder_prominence": 0.11692794039845467,
  "hip_prominence": 0.08637971058487892
}