{
  "shoulder_hip_ratio": 1.5811675612334062,
  "waist_position": 0.469514861702919,
  "torso_ratio": 1.215511383338724,
  "shoulder_prominence": 0.02060484775574878,
  "hip_prominence": 0.001275621762033552
}