{
  "shoulder_hip_ratio": 1.6830181433955493,
  "waist_position": 0.47217637300491333,
  "torso_ratio": 1.225376378676708,
  "shoulder_prominence": 0.1820913851261139,
  "hip_prominence": 0.10513804107904434
}