{
  "shoulder_hip_ratio": 1.6703538448428683,
  "waist_position": 0.5263321101665497,
  "torso_ratio": 1.186167141587037,
  "shoulder_prominence": 0.08580579981207848,
  "hip_prominence": 0.05411059781908989
}