{
  "shoulder_hip_ratio": 1.7114082553248062,
  "waist_position": 0.47890429198741913,
  "torso_ratio": 1.171096381444874,
  "shoulder_prominence": 0.08503234386444092,
  "hip_prominence": 0.07286708056926727
}