{
  "shoulder_hip_ratio": 1.5295980501921218,
  "waist_position": 0.469606876373291,
  "torso_ratio": 1.3322971349573554,
  "shoulder_prominence": 0.11913588643074036,
  "hip_prominence": 0.02964955475181341
}