{
  "shoulder_hip_ratio": 1.8161319166364582,
  "waist_position": 0.510065346956253,
  "torso_ratio": 0.9427460203666348,
  "shoulder_prominence": 0.03219336271286011,
  "hip_prominence": 0.0033196615986526012
}