{
  "shoulder_hip_ratio": 1.6840550738567883,
  "waist_position": 0.5132531076669693,
  "torso_ratio": 1.224677487650942,
  "shoulder_prominence": 0.15191174298524857,
  "hip_prominence": 0.12833961844444275
}