{
  "shoulder_hip_ratio": 1.7120014337427325,
  "waist_position": 0.4686098247766495,
  "torso_ratio": 1.2295985687134332,
  "shoulder_prominence": 0.03881357051432133,
  "hip_prominence": 0.004914147080853581
}