{
  "shoulder_hip_ratio": 1.6670119132365415,
  "waist_position": 0.5321104526519775,
  "torso_ratio": 1.2323629468607376,
  "shoulder_prominence": 0.04025384644046426,
  "hip_prominence": 0.07557443156838417
}