{
  "shoulder_hip_ratio": 1.8036380916510706,
  "waist_position": 0.4839600920677185,
  "torso_ratio": 1.145871882642047,
  "shoulder_prominence": 0.03215363621711731,
  "hip_prominence": 0.02728310227394104
}