{
  "shoulder_hip_ratio": 1.591522330134628,
  "waist_position": 0.5293404161930084,
  "torso_ratio": 1.28457958913991,
  "shoulder_prominence": 0.13146763294935226,
  "hip_prominence": 0.040213458240032196
}