{
  "shoulder_hip_ratio": 1.6961442626882561,
  "waist_position": 0.48220090568065643,
  "torso_ratio": 1.119091959615446,
  "shoulder_prominence": 0.07573780417442322,
  "hip_prominence": 0.01835380680859089
}