{
  "shoulder_hip_ratio": 1.872374137677816,
  "waist_position": 0.5381450951099396,
  "torso_ratio": 1.3924246640718723,
  "shoulder_prominence": 0.10860252706333995,
  "hip_prominence": 0.08491373434662819
}