{
  "shoulder_hip_ratio": 1.7458554804075974,
  "waist_position": 0.5246284306049347,
  "torso_ratio": 1.2203513730041722,
  "shoulder_prominence": 0.17092882841825485,
  "hip_prominence": 0.10588109865784645
}