{
  "shoulder_hip_ratio": 1.6439775916390418,
  "waist_position": 0.47868025302886963,
  "torso_ratio": 1.2066730974526534,
  "shoulder_prominence": 0.025998517870903015,
  "hip_prominence": 0.013610702939331532
}