{
  "shoulder_hip_ratio": 1.6925982868961813,
  "waist_position": 0.5158385932445526,
  "torso_ratio": 1.1730708762155024,
  "shoulder_prominence": 0.043401120230555534,
  "hip_prominence": 0.044505320489406586
}