{
  "shoulder_hip_ratio": 1.7569011376514565,
  "waist_position": 0.5091693699359894,
  "torso_ratio": 1.1582818230265328,
  "shoulder_prominence": 0.03330690134316683,
  "hip_prominence": 0.02936764992773533
}