{
  "shoulder_hip_ratio": 1.70092431585546,
  "waist_position": 0.4667653739452362,
  "torso_ratio": 1.2593601651767803,
  "shoulder_prominence": 0.30670899525284767,
  "hip_prominence": 0.14790837466716766
}