{
  "shoulder_hip_ratio": 1.7107442896560414,
  "waist_position": 0.5145481526851654,
  "torso_ratio": 1.1662252110530906,
  "shoulder_prominence": 0.023245349526405334,
  "hip_prominence": 0.00981604540720582
}