{
  "shoulder_hip_ratio": 1.6881622714843931,
  "waist_position": 0.5010700225830078,
  "torso_ratio": 1.241913813191718,
  "shoulder_prominence": 0.05496693775057793,
  "hip_prominence": 0.044257720932364464
}