{
  "shoulder_hip_ratio": 1.7133921463042978,
  "waist_position": 0.4768056422472,
  "torso_ratio": 1.1913996616879925,
  "shoulder_prominence": 0.03328649699687958,
  "hip_prominence": 0.013526879251003265
}