{
  "shoulder_hip_ratio": 1.6242202366734388,
  "waist_position": 0.48345984518527985,
  "torso_ratio": 1.3618081586149304,
  "shoulder_prominence": 0.3432598114013672,
  "hip_prominence": 0.19907062500715256
}