{
  "shoulder_hip_ratio": 1.8120031591034589,
  "waist_position": 0.4800576865673065,
  "torso_ratio": 1.1755237659489197,
  "shoulder_prominence": 0.0666205883026123,
  "hip_prominence": 0.009817874990403652
}