{
  "shoulder_hip_ratio": 1.7698350383266814,
  "waist_position": 0.47050921618938446,
  "torso_ratio": 1.1328915881568036,
  "shoulder_prominence": 0.08826205879449844,
  "hip_prominence": 0.06819324567914009
}