{
  "shoulder_hip_ratio": 1.7277292561228617,
  "waist_position": 0.48035258054733276,
  "torso_ratio": 1.1217152796034502,
  "shoulder_prominence": 0.04935929924249649,
  "hip_prominence": 0.023345759138464928
}