{
  "shoulder_hip_ratio": 1.8032075293098715,
  "waist_position": 0.48355455696582794,
  "torso_ratio": 1.1196269842057647,
  "shoulder_prominence": 0.032046545296907425,
  "hip_prominence": 0.011618674732744694
}