{
  "shoulder_hip_ratio": 1.7154353678329073,
  "waist_position": 0.46667543053627014,
  "torso_ratio": 1.1885684345490573,
  "shoulder_prominence": 0.05338134616613388,
  "hip_prominence": 0.031653791666030884
}