{
  "shoulder_hip_ratio": 1.663890707958874,
  "waist_position": 0.5010788440704346,
  "torso_ratio": 1.2088314513226224,
  "shoulder_prominence": 0.13851380720734596,
  "hip_prominence": 0.08222600817680359
}