{
  "shoulder_hip_ratio": 1.830360094188565,
  "waist_position": 0.5107125639915466,
  "torso_ratio": 1.1454818671732432,
  "shoulder_prominence": 0.023221926763653755,
  "hip_prominence": 0.037839971482753754
}