{
  "shoulder_hip_ratio": 1.6254986128394078,
  "waist_position": 0.4974181056022644,
  "torso_ratio": 1.3252395097978182,
  "shoulder_prominence": 0.04403659701347351,
  "hip_prominence": 0.02521521132439375
}