{
  "shoulder_hip_ratio": 1.8113737319715177,
  "waist_position": 0.47792263329029083,
  "torso_ratio": 1.087839791269598,
  "shoulder_prominence": 0.14606286585330963,
  "hip_prominence": 0.02700660191476345
}