{
  "shoulder_hip_ratio": 1.7268458177930561,
  "waist_position": 0.4107676297426224,
  "torso_ratio": 1.2761627971136926,
  "shoulder_prominence": 0.06642132997512817,
  "hip_prominence": 0.06220816634595394
}