{
  "shoulder_hip_ratio": 1.6977799321858433,
  "waist_position": 0.49083322286605835,
  "torso_ratio": 1.1614615225886893,
  "shoulder_prominence": 0.02694791555404663,
  "hip_prominence": 0.01816378254443407
}