{
  "shoulder_hip_ratio": 1.6402896523587913,
  "waist_position": 0.4714096188545227,
  "torso_ratio": 1.1209942571161604,
  "shoulder_prominence": 0.13061196962371469,
  "hip_prominence": 0.06263767182826996
}