{
  "shoulder_hip_ratio": 1.668498376117805,
  "waist_position": 0.5154677331447601,
  "torso_ratio": 1.1950735120923188,
  "shoulder_prominence": 0.020150076597929,
  "hip_prominence": 0.0399395227432251
}