{
  "shoulder_hip_ratio": 1.6562136200666793,
  "waist_position": 0.47922608256340027,
  "torso_ratio": 1.4488707965936725,
  "shoulder_prominence": 0.17974746972322464,
  "hip_prominence": 0.13458611816167831
}