{
  "shoulder_hip_ratio": 1.8045193983748733,
  "waist_position": 0.4737737774848938,
  "torso_ratio": 1.2203644737239145,
  "shoulder_prominence": 0.1300855614244938,
  "hip_prominence": 0.07361876219511032
}