{
  "shoulder_hip_ratio": 1.777657754942124,
  "waist_position": 0.49119244515895844,
  "torso_ratio": 1.3196319385260844,
  "shoulder_prominence": 0.3552636206150055,
  "hip_prominence": 0.2470397651195526
}