{
  "shoulder_hip_ratio": 1.6755326737422593,
  "waist_position": 0.47775085270404816,
  "torso_ratio": 1.27653858876807,
  "shoulder_prominence": 0.004560491070151329,
  "hip_prominence": 0.006778952199965715
}