{
  "shoulder_hip_ratio": 1.7133273005344327,
  "waist_position": 0.47781984508037567,
  "torso_ratio": 1.24732439827133,
  "shoulder_prominence": 0.31764844059944153,
  "hip_prominence": 0.16558298468589783
}