{
  "shoulder_hip_ratio": 1.6475704755015335,
  "waist_position": 0.4411589503288269,
  "torso_ratio": 1.1637740832713477,
  "shoulder_prominence": 0.17772114276885986,
  "hip_prominence": 0.07674981653690338
}