{
  "shoulder_hip_ratio": 1.7982829563660692,
  "waist_position": 0.5088300406932831,
  "torso_ratio": 1.1792461557792038,
  "shoulder_prominence": 0.0980016216635704,
  "hip_prominence": 0.057797541841864586
}