{
  "shoulder_hip_ratio": 1.775144385335225,
  "waist_position": 0.5160930156707764,
  "torso_ratio": 1.230068849664833,
  "shoulder_prominence": 0.040138101670891047,
  "hip_prominence": 0.012367685791105032
}