{
  "shoulder_hip_ratio": 1.7601778468399276,
  "waist_position": 0.5577116906642914,
  "torso_ratio": 1.0782670233304514,
  "shoulder_prominence": 0.0068795084953308105,
  "hip_prominence": 0.020600016228854656
}