{
  "shoulder_hip_ratio": 1.8509200294404382,
  "waist_position": 0.5136517584323883,
  "torso_ratio": 1.1220636135216573,
  "shoulder_prominence": 0.03708784468472004,
  "hip_prominence": 0.01524533936753869
}