{
  "shoulder_hip_ratio": 1.593687409597421,
  "waist_position": 0.5328603535890579,
  "torso_ratio": 1.1103330249601278,
  "shoulder_prominence": 0.04175475984811783,
  "hip_prominence": 0.02656317874789238
}