{
  "shoulder_hip_ratio": 1.7829339728781468,
  "waist_position": 0.4841693490743637,
  "torso_ratio": 1.160456047102483,
  "shoulder_prominence": 0.0475858710706234,
  "hip_prominence": 0.03511994145810604
}