{
  "shoulder_hip_ratio": 1.614462784090547,
  "waist_position": 0.4905034601688385,
  "torso_ratio": 1.3020907730165212,
  "shoulder_prominence": 0.028298597782850266,
  "hip_prominence": 0.025279957801103592
}