{
  "shoulder_hip_ratio": 1.690815184347308,
  "waist_position": 0.4338620454072952,
  "torso_ratio": 1.1094564630558963,
  "shoulder_prominence": 0.049957454204559326,
  "hip_prominence": 0.032088346779346466
}