{
  "shoulder_hip_ratio": 1.736796458957075,
  "waist_position": 0.4589608758687973,
  "torso_ratio": 1.1003625069016572,
  "shoulder_prominence": 0.028066255152225494,
  "hip_prominence": 0.04145366884768009
}