{
  "shoulder_hip_ratio": 1.7587528375365016,
  "waist_position": 0.4891403317451477,
  "torso_ratio": 1.1654500599057087,
  "shoulder_prominence": 0.05375830829143524,
  "hip_prominence": 0.06490430235862732
}