{
  "shoulder_hip_ratio": 1.6965556604557634,
  "waist_position": 0.5412408113479614,
  "torso_ratio": 1.1011126748647364,
  "shoulder_prominence": 0.04141917824745178,
  "hip_prominence": 0.003012109431438148
}