{
  "shoulder_hip_ratio": 1.7139944113659467,
  "waist_position": 0.48347166180610657,
  "torso_ratio": 1.2624709746914788,
  "shoulder_prominence": 0.3034174144268036,
  "hip_prominence": 0.16802376508712769
}