{
  "shoulder_hip_ratio": 1.651634716941627,
  "waist_position": 0.47212786972522736,
  "torso_ratio": 1.2206838268049522,
  "shoulder_prominence": 0.04898368939757347,
  "hip_prominence": 0.03250482492148876
}