{
  "shoulder_hip_ratio": 1.6037308825158,
  "waist_position": 0.5188901424407959,
  "torso_ratio": 1.2107241834556706,
  "shoulder_prominence": 0.011283107101917267,
  "hip_prominence": 0.0031601706286892295
}