{
  "shoulder_hip_ratio": 1.6756490951178558,
  "waist_position": 0.46514447033405304,
  "torso_ratio": 1.2489705519167893,
  "shoulder_prominence": 0.05072204861789942,
  "hip_prominence": 0.02171102538704872
}