{
  "shoulder_hip_ratio": 1.6444166357547776,
  "waist_position": 0.49340125918388367,
  "torso_ratio": 1.1659503739161394,
  "shoulder_prominence": 0.0882660411298275,
  "hip_prominence": 0.05032073147594929
}