{
  "shoulder_hip_ratio": 1.6717380535881161,
  "waist_position": 0.476761132478714,
  "torso_ratio": 1.2323510194553033,
  "shoulder_prominence": 0.1914176307618618,
  "hip_prominence": 0.08846137300133705
}