{
  "shoulder_hip_ratio": 1.7261713894872088,
  "waist_position": 0.5052408576011658,
  "torso_ratio": 1.1950047102162877,
  "shoulder_prominence": 0.2399362027645111,
  "hip_prominence": 0.10589355602860451
}