{
  "shoulder_hip_ratio": 1.6289725935759822,
  "waist_position": 0.48308342695236206,
  "torso_ratio": 1.415594995036972,
  "shoulder_prominence": 0.17600041069090366,
  "hip_prominence": 0.10126854851841927
}