{
  "shoulder_hip_ratio": 1.4553528891837255,
  "waist_position": 0.4965325891971588,
  "torso_ratio": 1.2365426424220176,
  "shoulder_prominence": 0.02309636026620865,
  "hip_prominence": 0.013963667210191488
}