{
  "shoulder_hip_ratio": 1.7527553241429734,
  "waist_position": 0.5123855769634247,
  "torso_ratio": 1.145185941654865,
  "shoulder_prominence": 0.03616245090961456,
  "hip_prominence": 0.0068508118856698275
}