{
  "shoulder_hip_ratio": 1.6962702178598184,
  "waist_position": 0.5147393345832825,
  "torso_ratio": 1.1747521221305504,
  "shoulder_prominence": 0.03706895746290684,
  "hip_prominence": 0.040497416630387306
}