{
  "shoulder_hip_ratio": 1.6301119878826593,
  "waist_position": 0.4758221358060837,
  "torso_ratio": 0.9522593929092852,
  "shoulder_prominence": 0.0014783702790737152,
  "hip_prominence": 0.006103940308094025
}