{
  "shoulder_hip_ratio": 1.7257605241608673,
  "waist_position": 0.49285154044628143,
  "torso_ratio": 1.2670710550006465,
  "shoulder_prominence": 0.17448990046977997,
  "hip_prominence": 0.07477963343262672
}