{
  "shoulder_hip_ratio": 1.7365451648337917,
  "waist_position": 0.48912598192691803,
  "torso_ratio": 1.149592712790789,
  "shoulder_prominence": 0.09130698442459106,
  "hip_prominence": 0.06826674193143845
}