{
  "shoulder_hip_ratio": 1.6345038106362804,
  "waist_position": 0.5022047907114029,
  "torso_ratio": 1.227591335413725,
  "shoulder_prominence": 0.07856268435716629,
  "hip_prominence": 0.0201575243845582
}