{
  "shoulder_hip_ratio": 1.6657293182843251,
  "waist_position": 0.4881979376077652,
  "torso_ratio": 1.1849545657033058,
  "shoulder_prominence": 0.03200876712799072,
  "hip_prominence": 0.011645677033811808
}