{
  "shoulder_hip_ratio": 1.6974150786995446,
  "waist_position": 0.48475481569767,
  "torso_ratio": 1.3205977046266615,
  "shoulder_prominence": 0.0022052843123674393,
  "hip_prominence": 0.0021372229093685746
}