{
  "shoulder_hip_ratio": 1.7026472949496048,
  "waist_position": 0.5012205243110657,
  "torso_ratio": 1.229199407130468,
  "shoulder_prominence": 0.019401557743549347,
  "hip_prominence": 0.007044935831800103
}