{
  "shoulder_hip_ratio": 1.6479189984874942,
  "waist_position": 0.46792782843112946,
  "torso_ratio": 1.1140814244072335,
  "shoulder_prominence": 0.0656854659318924,
  "hip_prominence": 0.037824736908078194
}