{
  "shoulder_hip_ratio": 1.75151646208808,
  "waist_position": 0.4604472666978836,
  "torso_ratio": 1.2148927767353874,
  "shoulder_prominence": 0.003940802067518234,
  "hip_prominence": 0.04479394666850567
}