{
  "shoulder_hip_ratio": 1.723605671400511,
  "waist_position": 0.5289185345172882,
  "torso_ratio": 1.297399527676487,
  "shoulder_prominence": 0.3081095665693283,
  "hip_prominence": 0.1502206176519394
}