{
  "shoulder_hip_ratio": 1.801602779465851,
  "waist_position": 0.46493197977542877,
  "torso_ratio": 1.088224516016306,
  "shoulder_prominence": 0.03888178616762161,
  "hip_prominence": 0.027233103290200233
}