{
  "shoulder_hip_ratio": 1.7045291953242896,
  "waist_position": 0.46557654440402985,
  "torso_ratio": 1.2418209068951518,
  "shoulder_prominence": 0.2905602864921093,
  "hip_prominence": 0.13311291486024857
}