{
  "shoulder_hip_ratio": 1.652075434157878,
  "waist_position": 0.47068382799625397,
  "torso_ratio": 1.2446868388844126,
  "shoulder_prominence": 0.18549198657274246,
  "hip_prominence": 0.11576813459396362
}