{
  "shoulder_hip_ratio": 1.7686536073946038,
  "waist_position": 0.4806419909000397,
  "torso_ratio": 1.155281011311105,
  "shoulder_prominence": 0.012683641165494919,
  "hip_prominence": 0.0042178480653092265
}