{
  "shoulder_hip_ratio": 1.7775884427069444,
  "waist_position": 0.4777921140193939,
  "torso_ratio": 1.082199606201947,
  "shoulder_prominence": 0.03958737850189209,
  "hip_prominence": 0.02537242416292429
}