{
  "shoulder_hip_ratio": 1.8042962905571944,
  "waist_position": 0.514008492231369,
  "torso_ratio": 1.1239818474284473,
  "shoulder_prominence": 0.046442918479442596,
  "hip_prominence": 0.004344253102317452
}