{
  "shoulder_hip_ratio": 1.8285009017809284,
  "waist_position": 0.5275532603263855,
  "torso_ratio": 1.0515039773939034,
  "shoulder_prominence": 0.009421229362487793,
  "hip_prominence": 0.002688265754841268
}