{
  "shoulder_hip_ratio": 1.686112167355948,
  "waist_position": 0.46007347106933594,
  "torso_ratio": 1.2041206751749656,
  "shoulder_prominence": 0.03853503777645528,
  "hip_prominence": 0.015740644186735153
}