{
  "shoulder_hip_ratio": 1.6264616083412842,
  "waist_position": 0.48980435729026794,
  "torso_ratio": 1.1393579141259662,
  "shoulder_prominence": 0.06429922580718994,
  "hip_prominence": 0.03339685685932636
}