{
  "shoulder_hip_ratio": 1.6865312566733694,
  "waist_position": 0.5043977797031403,
  "torso_ratio": 1.3145035854791018,
  "shoulder_prominence": 0.17128965258598328,
  "hip_prominence": 0.12554379552602768
}