{
  "shoulder_hip_ratio": 1.6422026501152536,
  "waist_position": 0.4662492275238037,
  "torso_ratio": 1.1715579344705225,
  "shoulder_prominence": 0.22221864014863968,
  "hip_prominence": 0.1397538185119629
}