{
  "shoulder_hip_ratio": 1.6124055889554447,
  "waist_position": 0.49168020486831665,
  "torso_ratio": 1.330963137934906,
  "shoulder_prominence": 0.09649305790662766,
  "hip_prominence": 0.046650342643260956
}