{
  "shoulder_hip_ratio": 1.5269149896447025,
  "waist_position": 0.4832180291414261,
  "torso_ratio": 1.2881097758560207,
  "shoulder_prominence": 0.057967618107795715,
  "hip_prominence": 0.01953506749123335
}