{
  "shoulder_hip_ratio": 1.819932452608703,
  "waist_position": 0.4815725237131119,
  "torso_ratio": 1.085677412541589,
  "shoulder_prominence": 0.013054825365543365,
  "hip_prominence": 0.015111963264644146
}