{
  "shoulder_hip_ratio": 1.5400011073769748,
  "waist_position": 0.487815722823143,
  "torso_ratio": 1.274402367316065,
  "shoulder_prominence": 0.001135505735874176,
  "hip_prominence": 0.013656423427164555
}