{
  "shoulder_hip_ratio": 1.7248996641916579,
  "waist_position": 0.4842403382062912,
  "torso_ratio": 1.2023914084994278,
  "shoulder_prominence": 0.026341766119003296,
  "hip_prominence": 0.007110574282705784
}