{
  "shoulder_hip_ratio": 1.8116729523033004,
  "waist_position": 0.4555598944425583,
  "torso_ratio": 1.1572876707721902,
  "shoulder_prominence": 0.15233145840466022,
  "hip_prominence": 0.09865259751677513
}