{
  "shoulder_hip_ratio": 1.6972476005538846,
  "waist_position": 0.4556612968444824,
  "torso_ratio": 1.2353007982507371,
  "shoulder_prominence": 0.041548410430550575,
  "hip_prominence": 0.08737008273601532
}