{
  "shoulder_hip_ratio": 1.5896816864791448,
  "waist_position": 0.4828779548406601,
  "torso_ratio": 1.4016456660599927,
  "shoulder_prominence": 0.04115070402622223,
  "hip_prominence": 0.028975963592529297
}