{
  "shoulder_hip_ratio": 1.8738200899488804,
  "waist_position": 0.48842157423496246,
  "torso_ratio": 1.100268236284578,
  "shoulder_prominence": 0.012758604250848293,
  "hip_prominence": 0.02121625654399395
}