{
  "shoulder_hip_ratio": 1.6514842769223372,
  "waist_position": 0.48544633388519287,
  "torso_ratio": 1.1824644108069704,
  "shoulder_prominence": 0.26865818351507187,
  "hip_prominence": 0.1797719970345497
}