{
  "shoulder_hip_ratio": 1.5802189171214396,
  "waist_position": 0.5116074681282043,
  "torso_ratio": 1.1517202953536028,
  "shoulder_prominence": 0.09091691672801971,
  "hip_prominence": 0.038652172312140465
}