{
  "shoulder_hip_ratio": 1.6531022134857623,
  "waist_position": 0.5114663243293762,
  "torso_ratio": 1.1735953973722144,
  "shoulder_prominence": 0.08004077896475792,
  "hip_prominence": 0.06752947345376015
}