{
  "shoulder_hip_ratio": 1.5920035032707642,
  "waist_position": 0.5040275454521179,
  "torso_ratio": 1.178605441647571,
  "shoulder_prominence": 0.09479063749313354,
  "hip_prominence": 0.05069997347891331
}