{
  "shoulder_hip_ratio": 1.583055314880166,
  "waist_position": 0.5145001709461212,
  "torso_ratio": 1.1691409143686693,
  "shoulder_prominence": 0.005063831806182861,
  "hip_prominence": 0.00866741593927145
}