{
  "shoulder_hip_ratio": 1.59113047308666,
  "waist_position": 0.502844899892807,
  "torso_ratio": 1.232662946496345,
  "shoulder_prominence": 0.03829844295978546,
  "hip_prominence": 0.009503381326794624
}