{
  "shoulder_hip_ratio": 1.5907808361235105,
  "waist_position": 0.5037082731723785,
  "torso_ratio": 1.2924343005345984,
  "shoulder_prominence": 0.054081596434116364,
  "hip_prominence": 0.024316983297467232
}