{
  "shoulder_hip_ratio": 1.6921414315969454,
  "waist_position": 0.5266897082328796,
  "torso_ratio": 1.2536036277370493,
  "shoulder_prominence": 0.05363433249294758,
  "hip_prominence": 0.019535292871296406
}