{
  "shoulder_hip_ratio": 1.6198273623299366,
  "waist_position": 0.5515909194946289,
  "torso_ratio": 1.1546475299392154,
  "shoulder_prominence": 0.04962689056992531,
  "hip_prominence": 0.039608610793948174
}