{
  "shoulder_hip_ratio": 1.811845767333383,
  "waist_position": 0.4924730658531189,
  "torso_ratio": 1.1476333197777213,
  "shoulder_prominence": 0.05936893820762634,
  "hip_prominence": 0.06510459631681442
}