{
  "shoulder_hip_ratio": 1.7875385551796363,
  "waist_position": 0.4447886198759079,
  "torso_ratio": 1.134103153098768,
  "shoulder_prominence": 0.1534289512783289,
  "hip_prominence": 0.09669991582632065
}