{
  "shoulder_hip_ratio": 1.7924955559354818,
  "waist_position": 0.5163131952285767,
  "torso_ratio": 1.1279968934783613,
  "shoulder_prominence": 0.031035110354423523,
  "hip_prominence": 0.03447637893259525
}