{
  "shoulder_hip_ratio": 1.5190230922734047,
  "waist_position": 0.5263576507568359,
  "torso_ratio": 1.4457769730580587,
  "shoulder_prominence": 0.2868268508464098,
  "hip_prominence": 0.17194925993680954
}