{
  "shoulder_hip_ratio": 1.7727424933616476,
  "waist_position": 0.46948476135730743,
  "torso_ratio": 1.1889324736161522,
  "shoulder_prominence": 0.27205320820212364,
  "hip_prominence": 0.11673782393336296
}