{
  "shoulder_hip_ratio": 1.5971603958153229,
  "waist_position": 0.5245845019817352,
  "torso_ratio": 1.31270449354997,
  "shoulder_prominence": 0.045177776366472244,
  "hip_prominence": 0.0005849031440448016
}