{
  "shoulder_hip_ratio": 1.7079347053316,
  "waist_position": 0.4805590361356735,
  "torso_ratio": 1.141936656775519,
  "shoulder_prominence": 0.016460998449474573,
  "hip_prominence": 0.0007027613901300356
}