{
  "shoulder_hip_ratio": 1.5329595713517186,
  "waist_position": 0.4787026345729828,
  "torso_ratio": 1.2530182209447018,
  "shoulder_prominence": 0.09695875644683838,
  "hip_prominence": 0.0539767500013113
}