{
  "shoulder_hip_ratio": 1.6021606718212391,
  "waist_position": 0.5230520367622375,
  "torso_ratio": 1.150434875438856,
  "shoulder_prominence": 0.1588982529938221,
  "hip_prominence": 0.07156116142868996
}