{
  "shoulder_hip_ratio": 1.5512391767429698,
  "waist_position": 0.4971105009317398,
  "torso_ratio": 1.2235127153368568,
  "shoulder_prominence": 0.1625681407749653,
  "hip_prominence": 0.09383447095751762
}