{
  "shoulder_hip_ratio": 1.6761657322594061,
  "waist_position": 0.4614533483982086,
  "torso_ratio": 1.2285989867760174,
  "shoulder_prominence": 0.07000741362571716,
  "hip_prominence": 0.006956357741728425
}