{
  "shoulder_hip_ratio": 1.679301131834457,
  "waist_position": 0.5098393112421036,
  "torso_ratio": 1.265621770338864,
  "shoulder_prominence": 0.051408642902970314,
  "hip_prominence": 0.021452646702528
}