{
  "shoulder_hip_ratio": 1.6926729130525326,
  "waist_position": 0.4404432773590088,
  "torso_ratio": 1.193756497864579,
  "shoulder_prominence": 0.0990193523466587,
  "hip_prominence": 0.03520095534622669
}