{
  "shoulder_hip_ratio": 1.8931169942967225,
  "waist_position": 0.4872114658355713,
  "torso_ratio": 1.1136123978223598,
  "shoulder_prominence": 0.07709027826786041,
  "hip_prominence": 0.015451004263013601
}