{
  "shoulder_hip_ratio": 1.8039744076859678,
  "waist_position": 0.5423184931278229,
  "torso_ratio": 1.3934960836195185,
  "shoulder_prominence": 0.09431534260511398,
  "hip_prominence": 0.08887169137597084
}