{
  "shoulder_hip_ratio": 1.6739408619596856,
  "waist_position": 0.47246599197387695,
  "torso_ratio": 1.144428401858488,
  "shoulder_prominence": 0.1449019629508257,
  "hip_prominence": 0.0741388350725174
}