{
  "shoulder_hip_ratio": 1.6788142226582399,
  "waist_position": 0.5144484043121338,
  "torso_ratio": 1.1639584080564236,
  "shoulder_prominence": 0.019703524187207222,
  "hip_prominence": 0.004295749124139547
}