{
  "shoulder_hip_ratio": 1.6704641795867436,
  "waist_position": 0.530062198638916,
  "torso_ratio": 1.2845573292097847,
  "shoulder_prominence": 0.16926568746566772,
  "hip_prominence": 0.07514744997024536
}