{
  "shoulder_hip_ratio": 1.6351543853217874,
  "waist_position": 0.48639361560344696,
  "torso_ratio": 1.1942941324726943,
  "shoulder_prominence": 0.1024773009121418,
  "hip_prominence": 0.051255933940410614
}