{
  "shoulder_hip_ratio": 1.7097256639048404,
  "waist_position": 0.5145984292030334,
  "torso_ratio": 1.1357566284489249,
  "shoulder_prominence": 0.031121283769607544,
  "hip_prominence": 0.016025027260184288
}