{
  "shoulder_hip_ratio": 1.717165730190564,
  "waist_position": 0.4678346812725067,
  "torso_ratio": 1.1795293584291926,
  "shoulder_prominence": 0.0571485310792923,
  "hip_prominence": 0.034801047295331955
}