{
  "shoulder_hip_ratio": 1.6672800716878369,
  "waist_position": 0.5062044560909271,
  "torso_ratio": 1.1552254195405245,
  "shoulder_prominence": 0.0260486900806427,
  "hip_prominence": 0.02112004440277815
}