{
  "shoulder_hip_ratio": 1.7578855657152654,
  "waist_position": 0.5184606909751892,
  "torso_ratio": 1.1171760021199193,
  "shoulder_prominence": 0.07721050083637238,
  "hip_prominence": 0.06508291140198708
}