{
  "shoulder_hip_ratio": 1.7325983555285376,
  "waist_position": 0.48562173545360565,
  "torso_ratio": 1.1795923313625583,
  "shoulder_prominence": 0.01181329321116209,
  "hip_prominence": 0.003926025587134063
}