{
  "shoulder_hip_ratio": 1.7552593032756576,
  "waist_position": 0.4574906677007675,
  "torso_ratio": 1.2498759246829982,
  "shoulder_prominence": 0.16795873641967773,
  "hip_prominence": 0.11786460876464844
}