{
  "shoulder_hip_ratio": 1.6898844644486832,
  "waist_position": 0.4679111987352371,
  "torso_ratio": 1.1782867899162606,
  "shoulder_prominence": 0.021032072603702545,
  "hip_prominence": 0.023042256012558937
}