{
  "shoulder_hip_ratio": 1.6917390804508954,
  "waist_position": 0.5136413276195526,
  "torso_ratio": 1.2076938731935236,
  "shoulder_prominence": 0.07226999150589108,
  "hip_prominence": 0.04408157244324684
}