{
  "shoulder_hip_ratio": 1.7263304657474996,
  "waist_position": 0.514408603310585,
  "torso_ratio": 1.336179479248645,
  "shoulder_prominence": 0.11919958516955376,
  "hip_prominence": 0.06429864838719368
}