{
  "shoulder_hip_ratio": 1.8597376175790787,
  "waist_position": 0.5032180845737457,
  "torso_ratio": 1.148214919185208,
  "shoulder_prominence": 0.04917965829372406,
  "hip_prominence": 0.004069103859364986
}