{
  "shoulder_hip_ratio": 1.6568889086528067,
  "waist_position": 0.4736863523721695,
  "torso_ratio": 1.2204866105901653,
  "shoulder_prominence": 0.03155049309134483,
  "hip_prominence": 0.0029043362010270357
}