{
  "shoulder_hip_ratio": 1.6891873314815948,
  "waist_position": 0.493858739733696,
  "torso_ratio": 1.170737258387998,
  "shoulder_prominence": 0.12283340096473694,
  "hip_prominence": 0.12204823270440102
}