{
  "shoulder_hip_ratio": 1.5958521749050592,
  "waist_position": 0.48690976202487946,
  "torso_ratio": 1.4079629898946713,
  "shoulder_prominence": 0.2188226655125618,
  "hip_prominence": 0.12558330595493317
}