{
  "shoulder_hip_ratio": 1.6921881556364062,
  "waist_position": 0.5109505355358124,
  "torso_ratio": 1.3151882884408854,
  "shoulder_prominence": 0.0013399086892604828,
  "hip_prominence": 0.02381367702037096
}