{
  "shoulder_hip_ratio": 1.7190218793014407,
  "waist_position": 0.521498054265976,
  "torso_ratio": 1.1814128695718031,
  "shoulder_prominence": 0.0984099768102169,
  "hip_prominence": 0.030258169397711754
}