{
  "shoulder_hip_ratio": 1.7174143405518558,
  "waist_position": 0.4516899734735489,
  "torso_ratio": 1.2846466193831998,
  "shoulder_prominence": 0.22501404583454132,
  "hip_prominence": 0.16916872560977936
}