{
  "shoulder_hip_ratio": 1.6510729201580951,
  "waist_position": 0.519947737455368,
  "torso_ratio": 1.1910626215761706,
  "shoulder_prominence": 0.09333638474345207,
  "hip_prominence": 0.0182108823210001
}