{
  "shoulder_hip_ratio": 1.7178837053946687,
  "waist_position": 0.4820924401283264,
  "torso_ratio": 1.3590423196449612,
  "shoulder_prominence": 0.07230321876704693,
  "hip_prominence": 0.005122983129695058
}