{
  "shoulder_hip_ratio": 1.7567291666180431,
  "waist_position": 0.5554014444351196,
  "torso_ratio": 1.1387493764027943,
  "shoulder_prominence": 0.060766734182834625,
  "hip_prominence": 0.03330657444894314
}