{
  "shoulder_hip_ratio": 1.654223526675841,
  "waist_position": 0.5314708352088928,
  "torso_ratio": 1.2375455496259287,
  "shoulder_prominence": 0.04775836318731308,
  "hip_prominence": 0.013779683969914913
}