{
  "shoulder_hip_ratio": 1.6479718532349275,
  "waist_position": 0.5194838643074036,
  "torso_ratio": 1.1980816742073883,
  "shoulder_prominence": 0.001599818468093872,
  "hip_prominence": 0.004593743244186044
}