{
  "shoulder_hip_ratio": 1.676039805102888,
  "waist_position": 0.5493576526641846,
  "torso_ratio": 1.1927688130924123,
  "shoulder_prominence": 0.04621330462396145,
  "hip_prominence": 0.02468511462211609
}