{
  "shoulder_hip_ratio": 1.6756962155852604,
  "waist_position": 0.4687740206718445,
  "torso_ratio": 1.3360120862500346,
  "shoulder_prominence": 0.14237741380929947,
  "hip_prominence": 0.1253351904451847
}