{
  "shoulder_hip_ratio": 1.6424224631554747,
  "waist_position": 0.49097324907779694,
  "torso_ratio": 1.1657148222487514,
  "shoulder_prominence": 0.20529991388320923,
  "hip_prominence": 0.10319114103913307
}