{
  "shoulder_hip_ratio": 1.6025684867909267,
  "waist_position": 0.5286354124546051,
  "torso_ratio": 1.253097478220519,
  "shoulder_prominence": 0.19207734614610672,
  "hip_prominence": 0.11492505669593811
}