{
  "shoulder_hip_ratio": 1.7710949630562876,
  "waist_position": 0.4896397590637207,
  "torso_ratio": 1.1127812072694123,
  "shoulder_prominence": 0.007647383608855307,
  "hip_prominence": 0.0060655795969069
}