{
  "shoulder_hip_ratio": 1.722262260890546,
  "waist_position": 0.47203078866004944,
  "torso_ratio": 1.2879480477625525,
  "shoulder_prominence": 0.021674036979675293,
  "hip_prominence": 0.02119114901870489
}