{
  "shoulder_hip_ratio": 1.5479923084728247,
  "waist_position": 0.44165608286857605,
  "torso_ratio": 1.251365547994023,
  "shoulder_prominence": 0.11828388273715973,
  "hip_prominence": 0.0400664359331131
}