{
  "shoulder_hip_ratio": 1.679468150433108,
  "waist_position": 0.4489218592643738,
  "torso_ratio": 1.2875334375139724,
  "shoulder_prominence": 0.2565260175615549,
  "hip_prominence": 0.17928767204284668
}