{
  "shoulder_hip_ratio": 1.7796185273326923,
  "waist_position": 0.501811608672142,
  "torso_ratio": 1.1610133699644307,
  "shoulder_prominence": 0.04280456155538559,
  "hip_prominence": 0.010813146363943815
}