{
  "shoulder_hip_ratio": 1.5284929332746369,
  "waist_position": 0.5155065059661865,
  "torso_ratio": 1.345445269173994,
  "shoulder_prominence": 0.09248910285532475,
  "hip_prominence": 0.03911248967051506
}