{
  "shoulder_hip_ratio": 1.7381184568350752,
  "waist_position": 0.4113612174987793,
  "torso_ratio": 1.2651281179157061,
  "shoulder_prominence": 0.04826575517654419,
  "hip_prominence": 0.05697833187878132
}