{
  "shoulder_hip_ratio": 1.6709000179304403,
  "waist_position": 0.5220723152160645,
  "torso_ratio": 1.4057346680130076,
  "shoulder_prominence": 0.28714804351329803,
  "hip_prominence": 0.14875489473342896
}