{
  "shoulder_hip_ratio": 1.5297993210234835,
  "waist_position": 0.47522325813770294,
  "torso_ratio": 1.5340360306134821,
  "shoulder_prominence": 0.36171676218509674,
  "hip_prominence": 0.17958666384220123
}