{
  "shoulder_hip_ratio": 1.749465531575284,
  "waist_position": 0.48131345212459564,
  "torso_ratio": 1.1522897928351936,
  "shoulder_prominence": 0.0003865957260131836,
  "hip_prominence": 0.004327763570472598
}