{
  "shoulder_hip_ratio": 1.6523012056247328,
  "waist_position": 0.45763280987739563,
  "torso_ratio": 1.1848998616882649,
  "shoulder_prominence": 0.06795251369476318,
  "hip_prominence": 0.04368378035724163
}