{
  "shoulder_hip_ratio": 1.8189065691185682,
  "waist_position": 0.5162843465805054,
  "torso_ratio": 1.2967419204357264,
  "shoulder_prominence": 0.3034510612487793,
  "hip_prominence": 0.1915549337863922
}