{
  "shoulder_hip_ratio": 1.6794711995309848,
  "waist_position": 0.48738257586956024,
  "torso_ratio": 1.0630937071452589,
  "shoulder_prominence": 0.10745969414710999,
  "hip_prominence": 0.055879419669508934
}