{
  "shoulder_hip_ratio": 1.7881820840682008,
  "waist_position": 0.5241377651691437,
  "torso_ratio": 1.1741408298216036,
  "shoulder_prominence": 0.12474831938743591,
  "hip_prominence": 0.07719502970576286
}