{
  "shoulder_hip_ratio": 1.9456698764311469,
  "waist_position": 0.5123529434204102,
  "torso_ratio": 1.0101451660196683,
  "shoulder_prominence": 0.016157522797584534,
  "hip_prominence": 0.026451660320162773
}