{
  "shoulder_hip_ratio": 1.60298680773522,
  "waist_position": 0.4919608384370804,
  "torso_ratio": 1.2520729679601357,
  "shoulder_prominence": 0.0498734712600708,
  "hip_prominence": 0.034610241651535034
}