{
  "shoulder_hip_ratio": 1.7242265660183829,
  "waist_position": 0.4904801696538925,
  "torso_ratio": 1.1450270663516615,
  "shoulder_prominence": 0.0566803440451622,
  "hip_prominence": 0.02899074275046587
}