{
  "shoulder_hip_ratio": 1.9233877644162434,
  "waist_position": 0.5081283450126648,
  "torso_ratio": 1.1502137507253705,
  "shoulder_prominence": 0.07905375957489014,
  "hip_prominence": 0.02370349131524563
}