{
  "shoulder_hip_ratio": 1.8270149303175474,
  "waist_position": 0.5074065625667572,
  "torso_ratio": 1.3529674134754963,
  "shoulder_prominence": 0.16969390958547592,
  "hip_prominence": 0.11504856497049332
}