{
  "shoulder_hip_ratio": 1.6558257445132094,
  "waist_position": 0.4874255955219269,
  "torso_ratio": 1.3170020121523247,
  "shoulder_prominence": 0.16290217638015747,
  "hip_prominence": 0.055634500458836555
}