{
  "shoulder_hip_ratio": 1.7663539407852404,
  "waist_position": 0.4718700051307678,
  "torso_ratio": 1.37615043257121,
  "shoulder_prominence": 0.25326211005449295,
  "hip_prominence": 0.12587757408618927
}