{
  "shoulder_hip_ratio": 1.6261393671286322,
  "waist_position": 0.5022534132003784,
  "torso_ratio": 1.247180981381127,
  "shoulder_prominence": 0.04704830050468445,
  "hip_prominence": 0.03024852927774191
}