{
  "shoulder_hip_ratio": 1.8153845104467137,
  "waist_position": 0.4986804574728012,
  "torso_ratio": 1.1223986057733064,
  "shoulder_prominence": 0.011760205030441284,
  "hip_prominence": 0.0064655335154384375
}