{
  "shoulder_hip_ratio": 1.6018262062594166,
  "waist_position": 0.5065784454345703,
  "torso_ratio": 1.3321098389865709,
  "shoulder_prominence": 0.17443421483039856,
  "hip_prominence": 0.09308130294084549
}