{
  "shoulder_hip_ratio": 1.5099382610973504,
  "waist_position": 0.516074150800705,
  "torso_ratio": 1.4600207889914731,
  "shoulder_prominence": 0.06571275368332863,
  "hip_prominence": 0.051224444061517715
}