{
  "shoulder_hip_ratio": 1.7101550395419172,
  "waist_position": 0.5076676607131958,
  "torso_ratio": 1.2064871033901479,
  "shoulder_prominence": 0.012817427515983582,
  "hip_prominence": 0.02256620954722166
}