{
  "shoulder_hip_ratio": 1.7112700583262368,
  "waist_position": 0.5208457112312317,
  "torso_ratio": 1.1608575190382762,
  "shoulder_prominence": 0.16153515130281448,
  "hip_prominence": 0.11169842630624771
}