{
  "shoulder_hip_ratio": 1.6381056992193348,
  "waist_position": 0.5083702504634857,
  "torso_ratio": 1.0597943557046985,
  "shoulder_prominence": 0.09294798970222473,
  "hip_prominence": 0.048120275139808655
}