{
  "shoulder_hip_ratio": 1.847075458078309,
  "waist_position": 0.5163233578205109,
  "torso_ratio": 1.1525477387048544,
  "shoulder_prominence": 0.10363496840000153,
  "hip_prominence": 0.05770443379878998
}