{
  "shoulder_hip_ratio": 1.5656390190127962,
  "waist_position": 0.488969624042511,
  "torso_ratio": 1.3625860393144915,
  "shoulder_prominence": 0.1826724037528038,
  "hip_prominence": 0.09972499310970306
}