{
  "shoulder_hip_ratio": 1.7048717847032633,
  "waist_position": 0.5227226763963699,
  "torso_ratio": 1.3095993301592594,
  "shoulder_prominence": 0.1374513264745474,
  "hip_prominence": 0.08518525585532188
}