{
  "shoulder_hip_ratio": 1.9109719738063422,
  "waist_position": 0.4957789033651352,
  "torso_ratio": 1.1293312492130796,
  "shoulder_prominence": 0.046504490077495575,
  "hip_prominence": 0.02447467017918825
}