{
  "shoulder_hip_ratio": 1.7614783711056432,
  "waist_position": 0.5155786871910095,
  "torso_ratio": 1.1550236434453456,
  "shoulder_prominence": 0.022379279136657715,
  "hip_prominence": 0.0063510169275105
}