{
  "shoulder_hip_ratio": 1.7835072790135202,
  "waist_position": 0.4802318513393402,
  "torso_ratio": 1.2135324329806532,
  "shoulder_prominence": 0.008599318563938141,
  "hip_prominence": 0.0031537029426544905
}