{
  "shoulder_hip_ratio": 1.6200309339384726,
  "waist_position": 0.4949288070201874,
  "torso_ratio": 1.2321354083394125,
  "shoulder_prominence": 0.08238820731639862,
  "hip_prominence": 0.020930184982717037
}