{
  "shoulder_hip_ratio": 1.8992432139631406,
  "waist_position": 0.49227727949619293,
  "torso_ratio": 1.0649218608011366,
  "shoulder_prominence": 0.061556692235171795,
  "hip_prominence": 0.05137229152023792
}