{
  "shoulder_hip_ratio": 1.7215456043180206,
  "waist_position": 0.4940040558576584,
  "torso_ratio": 1.2494270690201144,
  "shoulder_prominence": 0.023543788585811853,
  "hip_prominence": 0.013765161391347647
}