{
  "shoulder_hip_ratio": 1.7846174676876088,
  "waist_position": 0.5198076963424683,
  "torso_ratio": 1.2048187334323914,
  "shoulder_prominence": 0.05615352839231491,
  "hip_prominence": 0.03145773056894541
}