{
  "shoulder_hip_ratio": 1.6112968515031918,
  "waist_position": 0.5238876044750214,
  "torso_ratio": 1.1361991216443599,
  "shoulder_prominence": 0.13112644292414188,
  "hip_prominence": 0.051650146022439
}