{
  "shoulder_hip_ratio": 1.7579424091825637,
  "waist_position": 0.48249416053295135,
  "torso_ratio": 1.2427203496241115,
  "shoulder_prominence": 0.07963752117939293,
  "hip_prominence": 0.06745250150561333
}