{
  "shoulder_hip_ratio": 1.6871627157074653,
  "waist_position": 0.5071522742509842,
  "torso_ratio": 1.2438094077282125,
  "shoulder_prominence": 0.023029261268675327,
  "hip_prominence": 0.012928255833685398
}