{
  "shoulder_hip_ratio": 1.6970776146857127,
  "waist_position": 0.5344512760639191,
  "torso_ratio": 1.2214552128032838,
  "shoulder_prominence": 0.02287827432155609,
  "hip_prominence": 0.012785008642822504
}