{
  "shoulder_hip_ratio": 1.6099002314495292,
  "waist_position": 0.5053021311759949,
  "torso_ratio": 1.5136999128190844,
  "shoulder_prominence": 0.2206655591726303,
  "hip_prominence": 0.12580102682113647
}