{
  "shoulder_hip_ratio": 1.7368382291934568,
  "waist_position": 0.50348100066185,
  "torso_ratio": 1.2761097392087946,
  "shoulder_prominence": 0.05099223926663399,
  "hip_prominence": 0.04446050897240639
}