{
  "shoulder_hip_ratio": 1.791369037681399,
  "waist_position": 0.5139419734477997,
  "torso_ratio": 1.1028701243407522,
  "shoulder_prominence": 0.061878303065896034,
  "hip_prominence": 0.022584362886846066
}