{
  "shoulder_hip_ratio": 1.6172791376714357,
  "waist_position": 0.47355787456035614,
  "torso_ratio": 1.4121722297612185,
  "shoulder_prominence": 0.2000112682580948,
  "hip_prominence": 0.12220144271850586
}