{
  "shoulder_hip_ratio": 1.6960170755147408,
  "waist_position": 0.5030535459518433,
  "torso_ratio": 1.1099543953215445,
  "shoulder_prominence": 0.05379889905452728,
  "hip_prominence": 0.047576071694493294
}