{
  "shoulder_hip_ratio": 1.7032308402349627,
  "waist_position": 0.5317929685115814,
  "torso_ratio": 1.3416899250441172,
  "shoulder_prominence": 0.093190373852849,
  "hip_prominence": 0.013167707715183496
}