{
  "shoulder_hip_ratio": 1.6804571982215977,
  "waist_position": 0.44774289429187775,
  "torso_ratio": 1.1890129284561668,
  "shoulder_prominence": 0.06420106440782547,
  "hip_prominence": 0.049163175746798515
}