{
  "shoulder_hip_ratio": 1.7736154655565701,
  "waist_position": 0.4900164157152176,
  "torso_ratio": 1.1606064371242226,
  "shoulder_prominence": 0.07537107914686203,
  "hip_prominence": 0.03623158112168312
}