{
  "shoulder_hip_ratio": 1.6878038091373229,
  "waist_position": 0.46131210029125214,
  "torso_ratio": 1.1688786290616755,
  "shoulder_prominence": 0.13301829248666763,
  "hip_prominence": 0.03618544898927212
}