{
  "shoulder_hip_ratio": 1.6437289458670417,
  "waist_position": 0.4908565580844879,
  "torso_ratio": 1.2315594647480397,
  "shoulder_prominence": 0.058202341198921204,
  "hip_prominence": 0.05286388657987118
}