{
  "shoulder_hip_ratio": 1.8467849810942978,
  "waist_position": 0.48881424963474274,
  "torso_ratio": 1.0886362033169077,
  "shoulder_prominence": 0.03279869630932808,
  "hip_prominence": 0.04837655648589134
}