{
  "shoulder_hip_ratio": 1.7731222171203018,
  "waist_position": 0.4800940603017807,
  "torso_ratio": 1.1774815164306174,
  "shoulder_prominence": 0.08593722060322762,
  "hip_prominence": 0.01597877126187086
}