{
  "shoulder_hip_ratio": 1.6619449287467873,
  "waist_position": 0.47031041979789734,
  "torso_ratio": 1.2331600865845413,
  "shoulder_prominence": 0.22201866656541824,
  "hip_prominence": 0.13385296612977982
}