{
  "shoulder_hip_ratio": 1.655881073790474,
  "waist_position": 0.47942976653575897,
  "torso_ratio": 1.341228155207846,
  "shoulder_prominence": 0.01578816957771778,
  "hip_prominence": 0.008822360541671515
}