{
  "shoulder_hip_ratio": 1.5700744411047947,
  "waist_position": 0.5118885934352875,
  "torso_ratio": 1.2444015574254368,
  "shoulder_prominence": 0.00526982918381691,
  "hip_prominence": 0.012956663500517607
}