{
  "shoulder_hip_ratio": 1.6235491001613147,
  "waist_position": 0.5844115912914276,
  "torso_ratio": 1.2565077334793044,
  "shoulder_prominence": 0.10065641719847918,
  "hip_prominence": 0.04961758479475975
}