{
  "shoulder_hip_ratio": 1.7964713440089173,
  "waist_position": 0.4934542626142502,
  "torso_ratio": 1.2590703164968935,
  "shoulder_prominence": 0.12548304349184036,
  "hip_prominence": 0.12889492511749268
}