{
  "shoulder_hip_ratio": 1.7782950761850005,
  "waist_position": 0.5173153877258301,
  "torso_ratio": 1.2693293076560617,
  "shoulder_prominence": 0.28475427627563477,
  "hip_prominence": 0.16199283301830292
}