{
  "shoulder_hip_ratio": 1.7062183519319474,
  "waist_position": 0.4492523670196533,
  "torso_ratio": 1.1218140573912556,
  "shoulder_prominence": 0.013925060629844666,
  "hip_prominence": 0.004021604894660413
}