{
  "shoulder_hip_ratio": 1.5448985926222403,
  "waist_position": 0.46898023784160614,
  "torso_ratio": 1.280159624188279,
  "shoulder_prominence": 0.029951516538858414,
  "hip_prominence": 0.00494182575494051
}