{
  "shoulder_hip_ratio": 1.8342467921076344,
  "waist_position": 0.51206374168396,
  "torso_ratio": 1.0890387481248276,
  "shoulder_prominence": 0.03141772001981735,
  "hip_prominence": 0.03720671311020851
}