{
  "shoulder_hip_ratio": 1.5124684820577792,
  "waist_position": 0.5204632878303528,
  "torso_ratio": 1.3445535111579667,
  "shoulder_prominence": 0.03113516792654991,
  "hip_prominence": 0.020536755211651325
}