{
  "shoulder_hip_ratio": 1.8284940408739474,
  "waist_position": 0.494015634059906,
  "torso_ratio": 1.1154657512774315,
  "shoulder_prominence": 0.03484212979674339,
  "hip_prominence": 0.012846502009779215
}