{
  "shoulder_hip_ratio": 1.7781144770034487,
  "waist_position": 0.4681163877248764,
  "torso_ratio": 1.1971708486344321,
  "shoulder_prominence": 0.2063520886003971,
  "hip_prominence": 0.18143317103385925
}