{
  "shoulder_hip_ratio": 1.716053250587849,
  "waist_position": 0.491906076669693,
  "torso_ratio": 1.1374550092871052,
  "shoulder_prominence": 0.015839763917028904,
  "hip_prominence": 0.050229182466864586
}