{
  "shoulder_hip_ratio": 1.7651754431447557,
  "waist_position": 0.45022644102573395,
  "torso_ratio": 1.162241294219131,
  "shoulder_prominence": 0.08703065663576126,
  "hip_prominence": 0.04259801283478737
}