{
  "shoulder_hip_ratio": 1.7637321807821746,
  "waist_position": 0.5413205325603485,
  "torso_ratio": 1.2009797241102198,
  "shoulder_prominence": 0.024944458156824112,
  "hip_prominence": 0.03185876086354256
}