{
  "shoulder_hip_ratio": 1.8665262852750335,
  "waist_position": 0.513161838054657,
  "torso_ratio": 1.3832940808116343,
  "shoulder_prominence": 0.14036549627780914,
  "hip_prominence": 0.08806441351771355
}