{
  "shoulder_hip_ratio": 1.7131409710737842,
  "waist_position": 0.501738503575325,
  "torso_ratio": 1.2399473540320751,
  "shoulder_prominence": 0.23830075562000275,
  "hip_prominence": 0.1220867671072483
}