{
  "shoulder_hip_ratio": 1.6146671643857131,
  "waist_position": 0.46758124232292175,
  "torso_ratio": 1.133661310271333,
  "shoulder_prominence": 0.036318421363830566,
  "hip_prominence": 0.023272686637938023
}