{
  "shoulder_hip_ratio": 1.7947020074525426,
  "waist_position": 0.48558923602104187,
  "torso_ratio": 1.1495819614191345,
  "shoulder_prominence": 0.03469780087471008,
  "hip_prominence": 0.03527035936713219
}