{
  "shoulder_hip_ratio": 1.5802976324081368,
  "waist_position": 0.4911402463912964,
  "torso_ratio": 1.2811000816535314,
  "shoulder_prominence": 0.03474630415439606,
  "hip_prominence": 0.054539209231734276
}