{
  "shoulder_hip_ratio": 1.5943489434586633,
  "waist_position": 0.4686465263366699,
  "torso_ratio": 1.1333624847189507,
  "shoulder_prominence": 0.24551410973072052,
  "hip_prominence": 0.1124178022146225
}