{
  "shoulder_hip_ratio": 1.5925429097663237,
  "waist_position": 0.46767981350421906,
  "torso_ratio": 1.1810022843207038,
  "shoulder_prominence": 0.23699155496433377,
  "hip_prominence": 0.16192705184221268
}