{
  "shoulder_hip_ratio": 1.6019740046847681,
  "waist_position": 0.49710430204868317,
  "torso_ratio": 1.3305266361313814,
  "shoulder_prominence": 0.0474361889064312,
  "hip_prominence": 0.01997608132660389
}