{
  "shoulder_hip_ratio": 1.6422057401082797,
  "waist_position": 0.5075820982456207,
  "torso_ratio": 1.3305740254036706,
  "shoulder_prominence": 0.06558147817850113,
  "hip_prominence": 0.05041891895234585
}