{
  "shoulder_hip_ratio": 1.766995776064518,
  "waist_position": 0.4874674677848816,
  "torso_ratio": 1.154049129304138,
  "shoulder_prominence": 0.06580805568955839,
  "hip_prominence": 0.039571961387991905
}