{
  "shoulder_hip_ratio": 1.6185972257860695,
  "waist_position": 0.5255674421787262,
  "torso_ratio": 1.2120375776241883,
  "shoulder_prominence": 0.08978378213942051,
  "hip_prominence": 0.05209066905081272
}