{
  "shoulder_hip_ratio": 1.8098575113859479,
  "waist_position": 0.4682253748178482,
  "torso_ratio": 1.0477122496567013,
  "shoulder_prominence": 0.011926651000976562,
  "hip_prominence": 0.00970416096970439
}