{
  "shoulder_hip_ratio": 1.7948742475148092,
  "waist_position": 0.5131050050258636,
  "torso_ratio": 1.184839311202004,
  "shoulder_prominence": 0.1906462125480175,
  "hip_prominence": 0.10644815862178802
}