{
  "shoulder_hip_ratio": 1.7869650510667459,
  "waist_position": 0.46552664041519165,
  "torso_ratio": 1.0380214568382617,
  "shoulder_prominence": 0.071503852494061,
  "hip_prominence": 0.018957109190523624
}