{
  "shoulder_hip_ratio": 1.8473164466599499,
  "waist_position": 0.46719591319561005,
  "torso_ratio": 1.1871851714782748,
  "shoulder_prominence": 0.16538841649889946,
  "hip_prominence": 0.10645818337798119
}