{
  "shoulder_hip_ratio": 1.8573538104012917,
  "waist_position": 0.4551292657852173,
  "torso_ratio": 1.1755469984468625,
  "shoulder_prominence": 0.10088907368481159,
  "hip_prominence": 0.08978154882788658
}