{
  "shoulder_hip_ratio": 1.5691931408743802,
  "waist_position": 0.5170222818851471,
  "torso_ratio": 1.5829242635349898,
  "shoulder_prominence": 0.30988915264606476,
  "hip_prominence": 0.1649632453918457
}