{
  "shoulder_hip_ratio": 1.7335544462897383,
  "waist_position": 0.4725317656993866,
  "torso_ratio": 1.0850584444054452,
  "shoulder_prominence": 0.10133146308362484,
  "hip_prominence": 0.06383731588721275
}