{
  "shoulder_hip_ratio": 1.701009869968563,
  "waist_position": 0.4987584501504898,
  "torso_ratio": 1.2292291027078122,
  "shoulder_prominence": 0.22451895475387573,
  "hip_prominence": 0.1726234257221222
}