{
  "shoulder_hip_ratio": 1.728523100144857,
  "waist_position": 0.5467749238014221,
  "torso_ratio": 1.1366277298999543,
  "shoulder_prominence": 0.011680498719215393,
  "hip_prominence": 0.016176466830074787
}