{
  "shoulder_hip_ratio": 1.6659513589573551,
  "waist_position": 0.49282705783843994,
  "torso_ratio": 1.2684756918632374,
  "shoulder_prominence": 0.01790329720824957,
  "hip_prominence": 0.003075819811783731
}