{
  "shoulder_hip_ratio": 1.6173600286606435,
  "waist_position": 0.5155176520347595,
  "torso_ratio": 1.2669079310773594,
  "shoulder_prominence": 0.030887998640537262,
  "hip_prominence": 0.0036618614103645086
}