{
  "shoulder_hip_ratio": 1.8114028617306535,
  "waist_position": 0.48646190762519836,
  "torso_ratio": 1.1670490571135763,
  "shoulder_prominence": 0.12390021793544292,
  "hip_prominence": 0.1185995526611805
}