{
  "shoulder_hip_ratio": 1.752846186432554,
  "waist_position": 0.4691881835460663,
  "torso_ratio": 1.1364967671778048,
  "shoulder_prominence": 0.17689138650894165,
  "hip_prominence": 0.09199941530823708
}