{
  "shoulder_hip_ratio": 1.7790886415306368,
  "waist_position": 0.5262861251831055,
  "torso_ratio": 1.082726900871303,
  "shoulder_prominence": 0.07420293986797333,
  "hip_prominence": 0.06350303068757057
}