{
  "shoulder_hip_ratio": 1.7669122414356562,
  "waist_position": 0.4996258020401001,
  "torso_ratio": 1.187973891894043,
  "shoulder_prominence": 0.08843686804175377,
  "hip_prominence": 0.06432612240314484
}