{
  "shoulder_hip_ratio": 1.7590274362294076,
  "waist_position": 0.4816190302371979,
  "torso_ratio": 1.1289546756235578,
  "shoulder_prominence": 0.030808471143245697,
  "hip_prominence": 0.029572400264441967
}