{
  "shoulder_hip_ratio": 1.5896092107885738,
  "waist_position": 0.5055630952119827,
  "torso_ratio": 1.2667107182093282,
  "shoulder_prominence": 0.053379736840724945,
  "hip_prominence": 0.0022710051271133125
}