{
  "shoulder_hip_ratio": 1.6769126899379914,
  "waist_position": 0.474994957447052,
  "torso_ratio": 1.2223444585203258,
  "shoulder_prominence": 0.18556615896523,
  "hip_prominence": 0.06433223932981491
}