{
  "shoulder_hip_ratio": 1.7580992966743603,
  "waist_position": 0.4883941411972046,
  "torso_ratio": 1.1888591493260454,
  "shoulder_prominence": 0.027749188244342804,
  "hip_prominence": 0.035028789192438126
}