{
  "shoulder_hip_ratio": 1.6736115098991848,
  "waist_position": 0.4843381494283676,
  "torso_ratio": 1.13945834137978,
  "shoulder_prominence": 0.04806773364543915,
  "hip_prominence": 0.008103079861029983
}