{
  "shoulder_hip_ratio": 1.728155582832832,
  "waist_position": 0.45295217633247375,
  "torso_ratio": 1.2359249318801895,
  "shoulder_prominence": 0.21230219304561615,
  "hip_prominence": 0.14248286187648773
}