{
  "shoulder_hip_ratio": 1.6714186753689908,
  "waist_position": 0.4764833450317383,
  "torso_ratio": 1.3111773616065658,
  "shoulder_prominence": 0.2650681138038635,
  "hip_prominence": 0.17479024827480316
}