{
  "shoulder_hip_ratio": 1.504701021326562,
  "waist_position": 0.4642598032951355,
  "torso_ratio": 1.2935277265135816,
  "shoulder_prominence": 0.12666019052267075,
  "hip_prominence": 0.06388334557414055
}