{
  "shoulder_hip_ratio": 1.6698734772898582,
  "waist_position": 0.4629279524087906,
  "torso_ratio": 1.2299855187865831,
  "shoulder_prominence": 0.02411636710166931,
  "hip_prominence": 0.015334692783653736
}