{
  "shoulder_hip_ratio": 1.6530386764093035,
  "waist_position": 0.5149962306022644,
  "torso_ratio": 1.124185488551797,
  "shoulder_prominence": 0.1033404041081667,
  "hip_prominence": 0.046059153974056244
}