{
  "shoulder_hip_ratio": 1.588870234668171,
  "waist_position": 0.4818786084651947,
  "torso_ratio": 1.3267431330085397,
  "shoulder_prominence": 0.010993555188179016,
  "hip_prominence": 0.011288214474916458
}