{
  "shoulder_hip_ratio": 1.7639883001898735,
  "waist_position": 0.4746292531490326,
  "torso_ratio": 1.0513161244980669,
  "shoulder_prominence": 0.15413494408130646,
  "hip_prominence": 0.08136722445487976
}