{
  "shoulder_hip_ratio": 1.797545135928978,
  "waist_position": 0.4673767536878586,
  "torso_ratio": 1.1155695641539216,
  "shoulder_prominence": 0.1360591985285282,
  "hip_prominence": 0.06320033967494965
}