{
  "shoulder_hip_ratio": 1.7058612897980385,
  "waist_position": 0.47846221923828125,
  "torso_ratio": 1.193072981086379,
  "shoulder_prominence": 0.10058987885713577,
  "hip_prominence": 0.0703115202486515
}