{
  "shoulder_hip_ratio": 1.694619267149188,
  "waist_position": 0.4611392319202423,
  "torso_ratio": 1.1863928348674082,
  "shoulder_prominence": 0.09910978004336357,
  "hip_prominence": 0.0905112475156784
}