{
  "shoulder_hip_ratio": 1.9005704285224378,
  "waist_position": 0.4826551228761673,
  "torso_ratio": 1.0521933996721673,
  "shoulder_prominence": 0.04355396330356598,
  "hip_prominence": 0.041331809014081955
}