{
  "shoulder_hip_ratio": 1.7210693771912249,
  "waist_position": 0.4867818355560303,
  "torso_ratio": 1.1190865501896943,
  "shoulder_prominence": 0.00622713565826416,
  "hip_prominence": 0.04518410749733448
}