{
  "shoulder_hip_ratio": 1.4830972767073503,
  "waist_position": 0.5384999513626099,
  "torso_ratio": 1.2317187201224056,
  "shoulder_prominence": 0.04940883070230484,
  "hip_prominence": 0.035898810252547264
}