{
  "shoulder_hip_ratio": 1.9192181204446779,
  "waist_position": 0.5160651355981827,
  "torso_ratio": 1.0890175498589585,
  "shoulder_prominence": 0.021534569561481476,
  "hip_prominence": 0.00024544395455450285
}