{
  "shoulder_hip_ratio": 1.6712603586679327,
  "waist_position": 0.4934217929840088,
  "torso_ratio": 1.2600692671828886,
  "shoulder_prominence": 0.011462554335594177,
  "hip_prominence": 0.026031751185655594
}