{
  "shoulder_hip_ratio": 1.7729073965633304,
  "waist_position": 0.4639459103345871,
  "torso_ratio": 1.2149257751700393,
  "shoulder_prominence": 0.2193070650100708,
  "hip_prominence": 0.13771579414606094
}