{
  "shoulder_hip_ratio": 1.6595451408618,
  "waist_position": 0.5169424116611481,
  "torso_ratio": 1.1187040504784633,
  "shoulder_prominence": 0.07238183543086052,
  "hip_prominence": 0.06233803182840347
}