{
  "shoulder_hip_ratio": 1.7233197891989223,
  "waist_position": 0.5277312695980072,
  "torso_ratio": 1.231739312374654,
  "shoulder_prominence": 0.022912441287189722,
  "hip_prominence": 0.020040681585669518
}