{
  "shoulder_hip_ratio": 1.6000649402531857,
  "waist_position": 0.5175288319587708,
  "torso_ratio": 1.2424696037759644,
  "shoulder_prominence": 0.020794153213500977,
  "hip_prominence": 0.013188696000725031
}