{
  "shoulder_hip_ratio": 1.7341796923343316,
  "waist_position": 0.43975263833999634,
  "torso_ratio": 1.1074499421791202,
  "shoulder_prominence": 0.05560668557882309,
  "hip_prominence": 0.03251289576292038
}