{
  "shoulder_hip_ratio": 1.5741647422381502,
  "waist_position": 0.5132502615451813,
  "torso_ratio": 1.1783680831836658,
  "shoulder_prominence": 0.05271933972835541,
  "hip_prominence": 0.02454119548201561
}