{
  "shoulder_hip_ratio": 1.7542793333861513,
  "waist_position": 0.46786271035671234,
  "torso_ratio": 1.1353814513775016,
  "shoulder_prominence": 0.18323562946170568,
  "hip_prominence": 0.0947653315961361
}