{
  "shoulder_hip_ratio": 1.7194657927887955,
  "waist_position": 0.5170805156230927,
  "torso_ratio": 1.1597872341501994,
  "shoulder_prominence": 0.004347324371337891,
  "hip_prominence": 0.01433877693489194
}