{
  "shoulder_hip_ratio": 1.6988340003109887,
  "waist_position": 0.47336694598197937,
  "torso_ratio": 1.208699024588569,
  "shoulder_prominence": 0.031359897926449776,
  "hip_prominence": 0.014170849230140448
}