{
  "shoulder_hip_ratio": 1.6379578911175374,
  "waist_position": 0.5055208802223206,
  "torso_ratio": 1.087966606552978,
  "shoulder_prominence": 0.0817166268825531,
  "hip_prominence": 0.03208409063518047
}