{
  "shoulder_hip_ratio": 1.7282927799615586,
  "waist_position": 0.4777156859636307,
  "torso_ratio": 1.1398543791889215,
  "shoulder_prominence": 0.24143337085843086,
  "hip_prominence": 0.1498909816145897
}