{
  "shoulder_hip_ratio": 1.5909075344207504,
  "waist_position": 0.5243833959102631,
  "torso_ratio": 1.2248072628251967,
  "shoulder_prominence": 0.04442554712295532,
  "hip_prominence": 0.0022905817604623735
}