{
  "shoulder_hip_ratio": 1.5953952081677862,
  "waist_position": 0.5219338834285736,
  "torso_ratio": 1.2663899764378437,
  "shoulder_prominence": 0.2200843021273613,
  "hip_prominence": 0.1521805226802826
}