{
  "shoulder_hip_ratio": 1.6998806688324053,
  "waist_position": 0.5145780146121979,
  "torso_ratio": 1.209001536012671,
  "shoulder_prominence": 0.017644532024860382,
  "hip_prominence": 0.020202086307108402
}