{
  "shoulder_hip_ratio": 1.6696074745762166,
  "waist_position": 0.49939318001270294,
  "torso_ratio": 1.181739463163402,
  "shoulder_prominence": 0.004773575812578201,
  "hip_prominence": 0.024495359510183334
}