{
  "shoulder_hip_ratio": 1.6221261479075448,
  "waist_position": 0.5150699019432068,
  "torso_ratio": 1.3283794701335292,
  "shoulder_prominence": 0.22665168531239033,
  "hip_prominence": 0.13662787526845932
}