{
  "shoulder_hip_ratio": 1.765692120827119,
  "waist_position": 0.46157407760620117,
  "torso_ratio": 1.238747519071973,
  "shoulder_prominence": 0.014827110804617405,
  "hip_prominence": 0.006537558510899544
}