{
  "shoulder_hip_ratio": 1.6049682617941337,
  "waist_position": 0.5360130369663239,
  "torso_ratio": 0.9649893635567032,
  "shoulder_prominence": 0.15703733172267675,
  "hip_prominence": 0.05884374491870403
}