{
  "shoulder_hip_ratio": 1.6010210645563177,
  "waist_position": 0.5223755240440369,
  "torso_ratio": 1.230395939239813,
  "shoulder_prominence": 0.020948820281773806,
  "hip_prominence": 0.007271992973983288
}