{
  "shoulder_hip_ratio": 1.8946920691787192,
  "waist_position": 0.4794825315475464,
  "torso_ratio": 1.1357130487819418,
  "shoulder_prominence": 0.06530401110649109,
  "hip_prominence": 0.05035005882382393
}