{
  "shoulder_hip_ratio": 1.6156818889502693,
  "waist_position": 0.5554193258285522,
  "torso_ratio": 1.3037501199565371,
  "shoulder_prominence": 0.005213484168052673,
  "hip_prominence": 0.02329439576715231
}