{
  "shoulder_hip_ratio": 1.7248882644149204,
  "waist_position": 0.5247561186552048,
  "torso_ratio": 1.1347715410893833,
  "shoulder_prominence": 0.012434378266334534,
  "hip_prominence": 0.02410014346241951
}