{
  "shoulder_hip_ratio": 1.6364271942514144,
  "waist_position": 0.49879521131515503,
  "torso_ratio": 1.1902178448149228,
  "shoulder_prominence": 0.02568751573562622,
  "hip_prominence": 0.00794540112838149
}