{
  "shoulder_hip_ratio": 1.7992270802454273,
  "waist_position": 0.4788052886724472,
  "torso_ratio": 1.1357638940367392,
  "shoulder_prominence": 0.028598248958587646,
  "hip_prominence": 0.0006912416429258883
}