{
  "shoulder_hip_ratio": 1.7544623256667333,
  "waist_position": 0.5001848489046097,
  "torso_ratio": 1.2901963239167291,
  "shoulder_prominence": 0.02796813566237688,
  "hip_prominence": 0.026142997667193413
}