{
  "shoulder_hip_ratio": 1.5958571756694326,
  "waist_position": 0.518462672829628,
  "torso_ratio": 1.3482348143037608,
  "shoulder_prominence": 0.1670638583600521,
  "hip_prominence": 0.11053672805428505
}