{
  "shoulder_hip_ratio": 1.7706940729597094,
  "waist_position": 0.4979289323091507,
  "torso_ratio": 1.0674142088136915,
  "shoulder_prominence": 0.0049301087856292725,
  "hip_prominence": 0.01404549740254879
}