{
  "shoulder_hip_ratio": 1.5715135742744717,
  "waist_position": 0.4503110200166702,
  "torso_ratio": 1.475469248296368,
  "shoulder_prominence": 0.18352852016687393,
  "hip_prominence": 0.10585558041930199
}