{
  "shoulder_hip_ratio": 1.7700053365599473,
  "waist_position": 0.4769740104675293,
  "torso_ratio": 1.1559313641285842,
  "shoulder_prominence": 0.18872729316353798,
  "hip_prominence": 0.11857696622610092
}