{
  "shoulder_hip_ratio": 1.8174172595466191,
  "waist_position": 0.4987732470035553,
  "torso_ratio": 1.2598774675187339,
  "shoulder_prominence": 0.1874551996588707,
  "hip_prominence": 0.10717632248997688
}