{
  "shoulder_hip_ratio": 1.6481082051647746,
  "waist_position": 0.48176562786102295,
  "torso_ratio": 1.1750196618808133,
  "shoulder_prominence": 0.07962115108966827,
  "hip_prominence": 0.03338857740163803
}