{
  "shoulder_hip_ratio": 1.7996424383023866,
  "waist_position": 0.45407597720623016,
  "torso_ratio": 1.3763298224309573,
  "shoulder_prominence": 0.023957572877407074,
  "hip_prominence": 0.0340689979493618
}