{
  "shoulder_hip_ratio": 1.8242731532865104,
  "waist_position": 0.47428059577941895,
  "torso_ratio": 1.1756050929741662,
  "shoulder_prominence": 0.04083813168108463,
  "hip_prominence": 0.01014732290059328
}