{
  "shoulder_hip_ratio": 1.5700542259028851,
  "waist_position": 0.4674051105976105,
  "torso_ratio": 0.9955189311096715,
  "shoulder_prominence": 0.14339381083846092,
  "hip_prominence": 0.04028918780386448
}