{
  "shoulder_hip_ratio": 1.8334363501328932,
  "waist_position": 0.5241903364658356,
  "torso_ratio": 1.0630227769370921,
  "shoulder_prominence": 0.031453222036361694,
  "hip_prominence": 0.026543911546468735
}