{
  "shoulder_hip_ratio": 1.7578808892196542,
  "waist_position": 0.5105252265930176,
  "torso_ratio": 1.1901893696744192,
  "shoulder_prominence": 0.09509627521038055,
  "hip_prominence": 0.051502251997590065
}