{
  "shoulder_hip_ratio": 1.646530956175363,
  "waist_position": 0.4759705066680908,
  "torso_ratio": 1.1905289023452825,
  "shoulder_prominence": 0.010209903120994568,
  "hip_prominence": 0.0026202339213341475
}