{
  "shoulder_hip_ratio": 1.6095550495279478,
  "waist_position": 0.5094617754220963,
  "torso_ratio": 1.3903141501583263,
  "shoulder_prominence": 0.006651818752288818,
  "hip_prominence": 0.006937261437997222
}