{
  "shoulder_hip_ratio": 1.5800477613491999,
  "waist_position": 0.4585512727499008,
  "torso_ratio": 1.1649198126350278,
  "shoulder_prominence": 0.03305066376924515,
  "hip_prominence": 0.012938257306814194
}