{
  "shoulder_hip_ratio": 1.6890962908780593,
  "waist_position": 0.4869617521762848,
  "torso_ratio": 1.2616772674510368,
  "shoulder_prominence": 0.06269478052854538,
  "hip_prominence": 0.028033451177179813
}