{
  "shoulder_hip_ratio": 1.7685188752684018,
  "waist_position": 0.49919991195201874,
  "torso_ratio": 1.134401068248189,
  "shoulder_prominence": 0.030523463152348995,
  "hip_prominence": 0.006033685291185975
}