{
  "shoulder_hip_ratio": 1.677015002646721,
  "waist_position": 0.46142643690109253,
  "torso_ratio": 1.1928201984579714,
  "shoulder_prominence": 0.03288730047643185,
  "hip_prominence": 0.01859318558126688
}