{
  "shoulder_hip_ratio": 1.6184417651875078,
  "waist_position": 0.4725133627653122,
  "torso_ratio": 1.2088563525830496,
  "shoulder_prominence": 0.01996430102735758,
  "hip_prominence": 0.0038441703654825687
}