{
  "shoulder_hip_ratio": 1.8204311560346964,
  "waist_position": 0.4947235584259033,
  "torso_ratio": 1.0721740327207119,
  "shoulder_prominence": 0.009919002652168274,
  "hip_prominence": 0.00019572048040572554
}