{
  "shoulder_hip_ratio": 1.6864086835538206,
  "waist_position": 0.4737939089536667,
  "torso_ratio": 1.2260905082830154,
  "shoulder_prominence": 0.00143522210419178,
  "hip_prominence": 0.02889636904001236
}