{
  "shoulder_hip_ratio": 1.7993147525002133,
  "waist_position": 0.45298299193382263,
  "torso_ratio": 1.1880062806964218,
  "shoulder_prominence": 0.1838884185999632,
  "hip_prominence": 0.11115074902772903
}