{
  "shoulder_hip_ratio": 1.6181832287403104,
  "waist_position": 0.48912371695041656,
  "torso_ratio": 1.4659411733956607,
  "shoulder_prominence": 0.2826395332813263,
  "hip_prominence": 0.16198693215847015
}