{
  "shoulder_hip_ratio": 1.6646518039128324,
  "waist_position": 0.4850423336029053,
  "torso_ratio": 1.3263894958358218,
  "shoulder_prominence": 0.007636399939656258,
  "hip_prominence": 0.007096754387021065
}