{
  "shoulder_hip_ratio": 1.7318075575690697,
  "waist_position": 0.5379683077335358,
  "torso_ratio": 1.214210600922438,
  "shoulder_prominence": 0.1252988837659359,
  "hip_prominence": 0.06281235069036484
}