{
  "shoulder_hip_ratio": 1.7923190389084251,
  "waist_position": 0.5151276588439941,
  "torso_ratio": 1.2317001620807495,
  "shoulder_prominence": 0.010002088733017445,
  "hip_prominence": 0.002813912113197148
}