{
  "shoulder_hip_ratio": 1.547360544428547,
  "waist_position": 0.4873787462711334,
  "torso_ratio": 1.2878415338174851,
  "shoulder_prominence": 0.014516323804855347,
  "hip_prominence": 0.0024444216396659613
}