{
  "shoulder_hip_ratio": 1.6857602914211893,
  "waist_position": 0.4622102975845337,
  "torso_ratio": 1.3171351682644263,
  "shoulder_prominence": 0.08585716784000397,
  "hip_prominence": 0.08913779258728027
}