{
  "shoulder_hip_ratio": 1.6036396460054816,
  "waist_position": 0.4906192719936371,
  "torso_ratio": 1.2872785933015416,
  "shoulder_prominence": 0.08229711279273033,
  "hip_prominence": 0.04045375622808933
}