{
  "shoulder_hip_ratio": 1.7294049821529505,
  "waist_position": 0.5125735700130463,
  "torso_ratio": 1.134348732467793,
  "shoulder_prominence": 0.04238090291619301,
  "hip_prominence": 0.02510317601263523
}