{
  "shoulder_hip_ratio": 1.715450377245219,
  "waist_position": 0.4590044319629669,
  "torso_ratio": 1.2632216264872511,
  "shoulder_prominence": 0.02841964829713106,
  "hip_prominence": 0.00310317100957036
}