{
  "shoulder_hip_ratio": 1.6996125215288966,
  "waist_position": 0.47760069370269775,
  "torso_ratio": 1.1934469007646242,
  "shoulder_prominence": 0.038001447916030884,
  "hip_prominence": 0.011901178397238255
}