{
  "shoulder_hip_ratio": 1.538370452608599,
  "waist_position": 0.4637763053178787,
  "torso_ratio": 1.173085238850836,
  "shoulder_prominence": 0.1302538551390171,
  "hip_prominence": 0.08493431657552719
}