{
  "shoulder_hip_ratio": 1.7632642483047838,
  "waist_position": 0.4524851441383362,
  "torso_ratio": 1.1704809944325585,
  "shoulder_prominence": 0.10315828770399094,
  "hip_prominence": 0.05091230943799019
}