{
  "shoulder_hip_ratio": 1.8154348747129292,
  "waist_position": 0.5145733058452606,
  "torso_ratio": 1.1815379154771743,
  "shoulder_prominence": 0.024144329130649567,
  "hip_prominence": 0.0037021914031356573
}