{
  "shoulder_hip_ratio": 1.6375579282652875,
  "waist_position": 0.49253740906715393,
  "torso_ratio": 1.1192513430045132,
  "shoulder_prominence": 0.20124681387096643,
  "hip_prominence": 0.15824942290782928
}