{
  "shoulder_hip_ratio": 1.8570380074056207,
  "waist_position": 0.4821600168943405,
  "torso_ratio": 1.0763344735101552,
  "shoulder_prominence": 0.05740073323249817,
  "hip_prominence": 0.021344555541872978
}