{
  "shoulder_hip_ratio": 1.6638322721305612,
  "waist_position": 0.4976336508989334,
  "torso_ratio": 1.2709022393818632,
  "shoulder_prominence": 0.15359118208289146,
  "hip_prominence": 0.12548767402768135
}