{
  "shoulder_hip_ratio": 1.6933608139237986,
  "waist_position": 0.47830305993556976,
  "torso_ratio": 1.2132122582255151,
  "shoulder_prominence": 0.05280581209808588,
  "hip_prominence": 0.03625842556357384
}