{
  "shoulder_hip_ratio": 1.8288552720356608,
  "waist_position": 0.5106829404830933,
  "torso_ratio": 1.1803870138555985,
  "shoulder_prominence": 0.04527292400598526,
  "hip_prominence": 0.02259382512420416
}