{
  "shoulder_hip_ratio": 1.7250746906489824,
  "waist_position": 0.5203053951263428,
  "torso_ratio": 1.2954821598687303,
  "shoulder_prominence": 0.12852511927485466,
  "hip_prominence": 0.07039083540439606
}