{
  "shoulder_hip_ratio": 1.9147754187658859,
  "waist_position": 0.4878266006708145,
  "torso_ratio": 1.15236432391256,
  "shoulder_prominence": 0.02054254710674286,
  "hip_prominence": 0.01721662748605013
}