{
  "shoulder_hip_ratio": 1.7476466107539494,
  "waist_position": 0.5351402163505554,
  "torso_ratio": 1.1402738902824303,
  "shoulder_prominence": 0.07242262735962868,
  "hip_prominence": 0.04373551160097122
}