{
  "shoulder_hip_ratio": 1.8282811433247947,
  "waist_position": 0.5107347667217255,
  "torso_ratio": 1.0871627438752853,
  "shoulder_prominence": 0.03113904595375061,
  "hip_prominence": 0.04143116623163223
}