{
  "shoulder_hip_ratio": 1.5583435834220731,
  "waist_position": 0.4825146347284317,
  "torso_ratio": 1.3995830915893024,
  "shoulder_prominence": 0.19049353525042534,
  "hip_prominence": 0.12837360054254532
}