{
  "shoulder_hip_ratio": 1.765823804198035,
  "waist_position": 0.47922518849372864,
  "torso_ratio": 1.18190629469498,
  "shoulder_prominence": 0.1523069590330124,
  "hip_prominence": 0.08993024751543999
}