{
  "shoulder_hip_ratio": 1.5974437532630321,
  "waist_position": 0.5145272314548492,
  "torso_ratio": 1.2469783761860211,
  "shoulder_prominence": 0.02077174186706543,
  "hip_prominence": 0.02001012209802866
}