{
  "shoulder_hip_ratio": 1.60553472101665,
  "waist_position": 0.5240663290023804,
  "torso_ratio": 1.2058207167493893,
  "shoulder_prominence": 0.19305260851979256,
  "hip_prominence": 0.10646719858050346
}