{
  "shoulder_hip_ratio": 1.8074585439919062,
  "waist_position": 0.5124124586582184,
  "torso_ratio": 1.2639711058766605,
  "shoulder_prominence": 0.13821636512875557,
  "hip_prominence": 0.07875286042690277
}