{
  "shoulder_hip_ratio": 1.6840470244856507,
  "waist_position": 0.4989992529153824,
  "torso_ratio": 1.2162672666847996,
  "shoulder_prominence": 0.00751689076423645,
  "hip_prominence": 0.002482720767147839
}