{
  "shoulder_hip_ratio": 1.7174902161738366,
  "waist_position": 0.5280694663524628,
  "torso_ratio": 1.081932292221768,
  "shoulder_prominence": 0.002336472272872925,
  "hip_prominence": 0.020677054300904274
}