{
  "shoulder_hip_ratio": 1.8090077883740343,
  "waist_position": 0.5067919492721558,
  "torso_ratio": 1.269060696790003,
  "shoulder_prominence": 0.16740492917597294,
  "hip_prominence": 0.0980868712067604
}