{
  "shoulder_hip_ratio": 1.479503058423501,
  "waist_position": 0.49413712322711945,
  "torso_ratio": 1.205524082962387,
  "shoulder_prominence": 0.04293619841337204,
  "hip_prominence": 0.03113431204110384
}