{
  "shoulder_hip_ratio": 1.7875626110550553,
  "waist_position": 0.49957746267318726,
  "torso_ratio": 1.1263387241978164,
  "shoulder_prominence": 0.024204021552577615,
  "hip_prominence": 0.010655190795660019
}