{
  "shoulder_hip_ratio": 1.5820420629792162,
  "waist_position": 0.48157456517219543,
  "torso_ratio": 1.553564849549965,
  "shoulder_prominence": 0.37917856872081757,
  "hip_prominence": 0.19588765501976013
}