{
  "shoulder_hip_ratio": 1.7728252902232857,
  "waist_position": 0.5256858915090561,
  "torso_ratio": 1.0320149129017238,
  "shoulder_prominence": 0.07099705934524536,
  "hip_prominence": 0.02463581971824169
}