{
  "shoulder_hip_ratio": 1.7822842488100195,
  "waist_position": 0.5066894888877869,
  "torso_ratio": 1.299531935536084,
  "shoulder_prominence": 0.1767134591937065,
  "hip_prominence": 0.10631131380796432
}