{
  "shoulder_hip_ratio": 1.5641919697804154,
  "waist_position": 0.4961841404438019,
  "torso_ratio": 1.2220575342756888,
  "shoulder_prominence": 0.19596461206674576,
  "hip_prominence": 0.1095677949488163
}