{
  "shoulder_hip_ratio": 1.7774321953561913,
  "waist_position": 0.5179031789302826,
  "torso_ratio": 1.2462876580669606,
  "shoulder_prominence": 0.28244648873806,
  "hip_prominence": 0.15524044632911682
}