{
  "shoulder_hip_ratio": 1.7571993372674948,
  "waist_position": 0.4743294268846512,
  "torso_ratio": 1.2647707948701568,
  "shoulder_prominence": 0.11278663575649261,
  "hip_prominence": 0.05829383805394173
}