{
  "shoulder_hip_ratio": 1.8252906387840382,
  "waist_position": 0.49228210747241974,
  "torso_ratio": 1.271524922804323,
  "shoulder_prominence": 0.13260688027366996,
  "hip_prominence": 0.13039766997098923
}