{
  "shoulder_hip_ratio": 1.6888982733958042,
  "waist_position": 0.4967323988676071,
  "torso_ratio": 1.4637833547271182,
  "shoulder_prominence": 0.10207819193601608,
  "hip_prominence": 0.05010733753442764
}