{
  "shoulder_hip_ratio": 1.79898127984733,
  "waist_position": 0.460056409239769,
  "torso_ratio": 1.1490482913334126,
  "shoulder_prominence": 0.014607260003685951,
  "hip_prominence": 0.043209126219153404
}