{
  "shoulder_hip_ratio": 1.749870503377622,
  "waist_position": 0.4834986925125122,
  "torso_ratio": 1.1534521763289787,
  "shoulder_prominence": 0.02671016752719879,
  "hip_prominence": 0.025760591961443424
}