{
  "shoulder_hip_ratio": 1.7861842079727164,
  "waist_position": 0.49531467258930206,
  "torso_ratio": 1.0911444129277692,
  "shoulder_prominence": 0.12007640302181244,
  "hip_prominence": 0.08743715658783913
}