{
  "shoulder_hip_ratio": 1.863614720143593,
  "waist_position": 0.516409307718277,
  "torso_ratio": 1.0987129191219234,
  "shoulder_prominence": 0.0384508240967989,
  "hip_prominence": 0.013009157031774521
}