{
  "shoulder_hip_ratio": 1.6334007610789258,
  "waist_position": 0.4873211681842804,
  "torso_ratio": 1.1321356198716686,
  "shoulder_prominence": 0.055458515882492065,
  "hip_prominence": 0.030950450338423252
}