{
  "shoulder_hip_ratio": 1.6831510375562526,
  "waist_position": 0.4657936990261078,
  "torso_ratio": 1.0829308401173938,
  "shoulder_prominence": 0.04605814814567566,
  "hip_prominence": 0.039728984236717224
}