{
  "shoulder_hip_ratio": 1.7084130179193295,
  "waist_position": 0.4808659851551056,
  "torso_ratio": 1.2140286123367736,
  "shoulder_prominence": 0.09000429511070251,
  "hip_prominence": 0.02877946011722088
}