{
  "shoulder_hip_ratio": 1.9393612550332249,
  "waist_position": 0.45095185935497284,
  "torso_ratio": 1.1147966554356679,
  "shoulder_prominence": 0.06115412712097168,
  "hip_prominence": 0.019210700877010822
}