{
  "shoulder_hip_ratio": 1.801938490307903,
  "waist_position": 0.5216451585292816,
  "torso_ratio": 1.0776756393117535,
  "shoulder_prominence": 0.10742080956697464,
  "hip_prominence": 0.04663261026144028
}