{
  "shoulder_hip_ratio": 1.7076854959556311,
  "waist_position": 0.4821122884750366,
  "torso_ratio": 1.157499217305918,
  "shoulder_prominence": 0.027386697009205818,
  "hip_prominence": 0.005071338964626193
}