{
  "shoulder_hip_ratio": 1.8445392817765398,
  "waist_position": 0.5039427578449249,
  "torso_ratio": 1.2689887282301442,
  "shoulder_prominence": 0.2558294292539358,
  "hip_prominence": 0.1778409704566002
}