{
  "shoulder_hip_ratio": 1.7914030026418803,
  "waist_position": 0.4681955426931381,
  "torso_ratio": 1.174288580715544,
  "shoulder_prominence": 0.03434024006128311,
  "hip_prominence": 0.03387228213250637
}