{
  "shoulder_hip_ratio": 1.8269684039351033,
  "waist_position": 0.5302414298057556,
  "torso_ratio": 1.1883268386901364,
  "shoulder_prominence": 0.006414987146854401,
  "hip_prominence": 0.0009504658810328692
}