{
  "shoulder_hip_ratio": 1.6649176242813368,
  "waist_position": 0.49220992624759674,
  "torso_ratio": 1.2555144096864608,
  "shoulder_prominence": 0.02070579305291176,
  "hip_prominence": 0.02024601772427559
}