{
  "shoulder_hip_ratio": 1.8178254623243046,
  "waist_position": 0.47149284183979034,
  "torso_ratio": 1.2141860100105974,
  "shoulder_prominence": 0.08049020543694496,
  "hip_prominence": 0.054563891142606735
}