{
  "shoulder_hip_ratio": 1.6722071470084707,
  "waist_position": 0.5116637349128723,
  "torso_ratio": 1.252514404686637,
  "shoulder_prominence": 0.06765438988804817,
  "hip_prominence": 0.07030338793992996
}