{
  "shoulder_hip_ratio": 1.6869270500000837,
  "waist_position": 0.46006910502910614,
  "torso_ratio": 1.1545812736925005,
  "shoulder_prominence": 0.12279675900936127,
  "hip_prominence": 0.051377417519688606
}