{
  "shoulder_hip_ratio": 1.61768226815575,
  "waist_position": 0.5015669018030167,
  "torso_ratio": 1.145439035984839,
  "shoulder_prominence": 0.07672694325447083,
  "hip_prominence": 0.008219094946980476
}