{
  "shoulder_hip_ratio": 1.7911354369460268,
  "waist_position": 0.5160773396492004,
  "torso_ratio": 1.1904348392716682,
  "shoulder_prominence": 0.016493313014507294,
  "hip_prominence": 0.027852908708155155
}