{
  "shoulder_hip_ratio": 1.7985008682086825,
  "waist_position": 0.482150062918663,
  "torso_ratio": 1.167591939333903,
  "shoulder_prominence": 0.2739989124238491,
  "hip_prominence": 0.18513444066047668
}