{
  "shoulder_hip_ratio": 1.8092480659163224,
  "waist_position": 0.48021525144577026,
  "torso_ratio": 1.185712950045053,
  "shoulder_prominence": 0.17159119248390198,
  "hip_prominence": 0.09366310760378838
}