{
  "shoulder_hip_ratio": 1.8313063583073015,
  "waist_position": 0.5011146813631058,
  "torso_ratio": 1.207804859026672,
  "shoulder_prominence": 0.019749073311686516,
  "hip_prominence": 0.027917388826608658
}