{
  "shoulder_hip_ratio": 1.6509147558139694,
  "waist_position": 0.5125777125358582,
  "torso_ratio": 1.2295930040324405,
  "shoulder_prominence": 0.029116638004779816,
  "hip_prominence": 0.021602410823106766
}