{
  "shoulder_hip_ratio": 1.851660885773494,
  "waist_position": 0.4948003590106964,
  "torso_ratio": 1.085182076917217,
  "shoulder_prominence": 0.14376411214470863,
  "hip_prominence": 0.07470964267849922
}