{
  "shoulder_hip_ratio": 1.9184020220034956,
  "waist_position": 0.4613637626171112,
  "torso_ratio": 1.1769744462505605,
  "shoulder_prominence": 0.10355310142040253,
  "hip_prominence": 0.09102925285696983
}