{
  "shoulder_hip_ratio": 1.7473906816918932,
  "waist_position": 0.4797120839357376,
  "torso_ratio": 1.1505214127796803,
  "shoulder_prominence": 0.0016201585531234741,
  "hip_prominence": 0.013990892563015223
}