{
  "shoulder_hip_ratio": 1.762486106817595,
  "waist_position": 0.493635892868042,
  "torso_ratio": 1.232604241408078,
  "shoulder_prominence": 0.008815780282020569,
  "hip_prominence": 0.027387729845941067
}