{
  "shoulder_hip_ratio": 1.663041673844902,
  "waist_position": 0.5494129806756973,
  "torso_ratio": 1.3150614681903374,
  "shoulder_prominence": 0.033491604030132294,
  "hip_prominence": 0.04385962150990963
}