{
  "shoulder_hip_ratio": 1.7288300563626553,
  "waist_position": 0.45104221999645233,
  "torso_ratio": 1.1142029125950974,
  "shoulder_prominence": 0.028371576219797134,
  "hip_prominence": 0.00035021628718823195
}