{
  "shoulder_hip_ratio": 1.8975973555652823,
  "waist_position": 0.4963688850402832,
  "torso_ratio": 1.115091010844385,
  "shoulder_prominence": 0.03173839533701539,
  "hip_prominence": 0.0021337500074878335
}