{
  "shoulder_hip_ratio": 1.759028944481811,
  "waist_position": 0.48280927538871765,
  "torso_ratio": 1.2534444364489616,
  "shoulder_prominence": 0.14928697422146797,
  "hip_prominence": 0.09511587396264076
}