{
  "shoulder_hip_ratio": 1.6757107412649845,
  "waist_position": 0.42700056731700897,
  "torso_ratio": 1.1748008391323062,
  "shoulder_prominence": 0.06763331592082977,
  "hip_prominence": 0.05830395221710205
}