{
  "shoulder_hip_ratio": 1.8883007257903472,
  "waist_position": 0.4980432987213135,
  "torso_ratio": 1.1429284346720503,
  "shoulder_prominence": 0.01976437121629715,
  "hip_prominence": 0.005642170086503029
}