{
  "shoulder_hip_ratio": 1.7766257887868224,
  "waist_position": 0.4638493210077286,
  "torso_ratio": 1.2990107360250722,
  "shoulder_prominence": 0.08402501046657562,
  "hip_prominence": 0.01963010895997286
}