{
  "shoulder_hip_ratio": 1.6247652838068278,
  "waist_position": 0.5020134747028351,
  "torso_ratio": 1.0166132584931167,
  "shoulder_prominence": 0.12982280179858208,
  "hip_prominence": 0.09500022232532501
}