{
  "shoulder_hip_ratio": 1.7878201451439781,
  "waist_position": 0.5104899108409882,
  "torso_ratio": 1.1279004050092334,
  "shoulder_prominence": 0.071475088596344,
  "hip_prominence": 0.022540220990777016
}