{
  "shoulder_hip_ratio": 1.8078567594462518,
  "waist_position": 0.5162384212017059,
  "torso_ratio": 1.3485765905741711,
  "shoulder_prominence": 0.2428780049085617,
  "hip_prominence": 0.20699947327375412
}