{
  "shoulder_hip_ratio": 1.702906912014708,
  "waist_position": 0.5342681109905243,
  "torso_ratio": 1.2300146286355957,
  "shoulder_prominence": 0.07650768756866455,
  "hip_prominence": 0.0274792592972517
}