{
  "shoulder_hip_ratio": 1.6322152624745017,
  "waist_position": 0.4763296842575073,
  "torso_ratio": 1.1886098673151224,
  "shoulder_prominence": 0.04838310182094574,
  "hip_prominence": 0.03425579331815243
}