{
  "shoulder_hip_ratio": 1.7766723647165223,
  "waist_position": 0.5274756848812103,
  "torso_ratio": 1.1572618392330414,
  "shoulder_prominence": 0.0010710228234529495,
  "hip_prominence": 0.010417529381811619
}