{
  "shoulder_hip_ratio": 1.7413481077739572,
  "waist_position": 0.4969905912876129,
  "torso_ratio": 1.3632075918422517,
  "shoulder_prominence": 0.11209646984934807,
  "hip_prominence": 0.07042983174324036
}