{
  "shoulder_hip_ratio": 1.724181032558103,
  "waist_position": 0.49175046384334564,
  "torso_ratio": 1.1010733698534296,
  "shoulder_prominence": 0.04527564346790314,
  "hip_prominence": 0.06451132893562317
}