{
  "shoulder_hip_ratio": 1.732739923852138,
  "waist_position": 0.4642038941383362,
  "torso_ratio": 1.2334782867856335,
  "shoulder_prominence": 0.03232616186141968,
  "hip_prominence": 0.04661835543811321
}