{
  "shoulder_hip_ratio": 1.7478692701200025,
  "waist_position": 0.5125706046819687,
  "torso_ratio": 1.2040566829815065,
  "shoulder_prominence": 0.09215328097343445,
  "hip_prominence": 0.022611066699028015
}