{
  "shoulder_hip_ratio": 1.6839050811473646,
  "waist_position": 0.485827311873436,
  "torso_ratio": 1.285810296032304,
  "shoulder_prominence": 0.05318034440279007,
  "hip_prominence": 0.03303808718919754
}