{
  "shoulder_hip_ratio": 1.688734609788491,
  "waist_position": 0.45923779904842377,
  "torso_ratio": 1.147335471458499,
  "shoulder_prominence": 0.11258560419082642,
  "hip_prominence": 0.04417097382247448
}