{
  "shoulder_hip_ratio": 1.6349494743903068,
  "waist_position": 0.49595247209072113,
  "torso_ratio": 1.2425055290422709,
  "shoulder_prominence": 0.05410649627447128,
  "hip_prominence": 0.05666160024702549
}