{
  "shoulder_hip_ratio": 1.7218389517821402,
  "waist_position": 0.5018453598022461,
  "torso_ratio": 1.1483740088838408,
  "shoulder_prominence": 0.0610201396048069,
  "hip_prominence": 0.06751612573862076
}