{
  "shoulder_hip_ratio": 1.823724864787186,
  "waist_position": 0.4912247806787491,
  "torso_ratio": 1.2675832497772805,
  "shoulder_prominence": 0.03402391076087952,
  "hip_prominence": 0.047870196402072906
}