{
  "shoulder_hip_ratio": 1.6548195477903187,
  "waist_position": 0.48124198615550995,
  "torso_ratio": 1.2995837278612403,
  "shoulder_prominence": 0.25313617289066315,
  "hip_prominence": 0.11400341615080833
}