{
  "shoulder_hip_ratio": 1.5272968665454512,
  "waist_position": 0.48799294233322144,
  "torso_ratio": 1.4600999449569827,
  "shoulder_prominence": 0.04946073144674301,
  "hip_prominence": 0.01407730346545577
}