{
  "shoulder_hip_ratio": 1.7670946813156931,
  "waist_position": 0.48986615240573883,
  "torso_ratio": 1.1080139212277635,
  "shoulder_prominence": 0.08906689286231995,
  "hip_prominence": 0.031727446243166924
}