{
  "shoulder_hip_ratio": 1.8771640753255345,
  "waist_position": 0.5516816973686218,
  "torso_ratio": 1.2685245652058232,
  "shoulder_prominence": 0.15742937102913857,
  "hip_prominence": 0.0867617204785347
}