{
  "shoulder_hip_ratio": 1.765476673835213,
  "waist_position": 0.4818814545869827,
  "torso_ratio": 1.107276874578965,
  "shoulder_prominence": 0.016303233802318573,
  "hip_prominence": 0.020593788474798203
}