{
  "shoulder_hip_ratio": 1.8319344458473195,
  "waist_position": 0.5157417058944702,
  "torso_ratio": 1.1855193104629353,
  "shoulder_prominence": 0.04996604938060045,
  "hip_prominence": 0.0017103057471103966
}