{
  "shoulder_hip_ratio": 1.676551464483436,
  "waist_position": 0.48424701392650604,
  "torso_ratio": 1.2454591951182945,
  "shoulder_prominence": 0.023181051015853882,
  "hip_prominence": 0.03756851516664028
}