{
  "shoulder_hip_ratio": 1.6901700564515558,
  "waist_position": 0.5135582089424133,
  "torso_ratio": 1.1894134592378356,
  "shoulder_prominence": 0.010409424139652401,
  "hip_prominence": 0.015293631702661514
}