{
  "shoulder_hip_ratio": 1.8985238042570187,
  "waist_position": 0.4764918088912964,
  "torso_ratio": 1.1237811868429708,
  "shoulder_prominence": 0.011183671653270721,
  "hip_prominence": 0.0017019120859913528
}