{
  "shoulder_hip_ratio": 1.820055513059889,
  "waist_position": 0.5209645628929138,
  "torso_ratio": 1.1687417112848282,
  "shoulder_prominence": 0.10728436708450317,
  "hip_prominence": 0.07445773854851723
}