{
  "shoulder_hip_ratio": 1.7325072609772623,
  "waist_position": 0.4749884307384491,
  "torso_ratio": 1.1457359342374285,
  "shoulder_prominence": 0.07416366040706635,
  "hip_prominence": 0.023713610135018826
}