{
  "shoulder_hip_ratio": 1.7471744575796495,
  "waist_position": 0.5304017066955566,
  "torso_ratio": 1.1934029203426466,
  "shoulder_prominence": 0.042061131447553635,
  "hip_prominence": 0.0028705333825200796
}