{
  "shoulder_hip_ratio": 1.6872923664480983,
  "waist_position": 0.5101547837257385,
  "torso_ratio": 1.2508609395233319,
  "shoulder_prominence": 0.12893342971801758,
  "hip_prominence": 0.043162690475583076
}