{
  "shoulder_hip_ratio": 1.7248372511226984,
  "waist_position": 0.4758283942937851,
  "torso_ratio": 1.1993462661165715,
  "shoulder_prominence": 0.04862508177757263,
  "hip_prominence": 0.0028621702222153544
}