{
  "shoulder_hip_ratio": 1.6766700260344625,
  "waist_position": 0.547601655125618,
  "torso_ratio": 1.302691141218797,
  "shoulder_prominence": 0.032539814710617065,
  "hip_prominence": 0.00821898179128766
}