{
  "shoulder_hip_ratio": 1.7073761945312367,
  "waist_position": 0.478925421833992,
  "torso_ratio": 1.3107486658123837,
  "shoulder_prominence": 0.05676043778657913,
  "hip_prominence": 0.028332311660051346
}