{
  "shoulder_hip_ratio": 1.8045744493097784,
  "waist_position": 0.4802536219358444,
  "torso_ratio": 1.1920423457453906,
  "shoulder_prominence": 0.17563559114933014,
  "hip_prominence": 0.09799821674823761
}