{
  "shoulder_hip_ratio": 1.735482186897659,
  "waist_position": 0.4816405177116394,
  "torso_ratio": 1.1624734111006472,
  "shoulder_prominence": 0.09513052180409431,
  "hip_prominence": 0.05911174789071083
}