{
  "shoulder_hip_ratio": 1.728553526321505,
  "waist_position": 0.4908980429172516,
  "torso_ratio": 1.1484650247857842,
  "shoulder_prominence": 0.09061587788164616,
  "hip_prominence": 0.05687491595745087
}