{
  "shoulder_hip_ratio": 1.806254556406945,
  "waist_position": 0.49105705320835114,
  "torso_ratio": 1.1276711848228855,
  "shoulder_prominence": 0.18490971252322197,
  "hip_prominence": 0.08657098188996315
}