{
  "shoulder_hip_ratio": 1.793207731082131,
  "waist_position": 0.5290026366710663,
  "torso_ratio": 1.0751005690943134,
  "shoulder_prominence": 0.0021626949310302734,
  "hip_prominence": 0.005670706741511822
}