{
  "shoulder_hip_ratio": 1.5821258645765486,
  "waist_position": 0.477950781583786,
  "torso_ratio": 1.3514261762510449,
  "shoulder_prominence": 0.16285365726798773,
  "hip_prominence": 0.10877923294901848
}