{
  "shoulder_hip_ratio": 1.8112937146033272,
  "waist_position": 0.49857644736766815,
  "torso_ratio": 1.1347552066615012,
  "shoulder_prominence": 0.0213497132062912,
  "hip_prominence": 0.017771841026842594
}