{
  "shoulder_hip_ratio": 1.775284210691483,
  "waist_position": 0.511219710111618,
  "torso_ratio": 1.1733961565562887,
  "shoulder_prominence": 0.14249148522503674,
  "hip_prominence": 0.07595513015985489
}