{
  "shoulder_hip_ratio": 1.6166350570005599,
  "waist_position": 0.4716506451368332,
  "torso_ratio": 1.194181951660172,
  "shoulder_prominence": 0.015533573925495148,
  "hip_prominence": 0.0015013949596323073
}