{
  "shoulder_hip_ratio": 1.8914284512421786,
  "waist_position": 0.48596876859664917,
  "torso_ratio": 1.1674559718813184,
  "shoulder_prominence": 0.0659721465781331,
  "hip_prominence": 0.07270831987261772
}