{
  "shoulder_hip_ratio": 1.7161214253762749,
  "waist_position": 0.5050974786281586,
  "torso_ratio": 1.3076312310320581,
  "shoulder_prominence": 0.12605173235351685,
  "hip_prominence": 0.04802365228533745
}