{
  "shoulder_hip_ratio": 1.7770444048337726,
  "waist_position": 0.5034041702747345,
  "torso_ratio": 1.2414707576485802,
  "shoulder_prominence": 0.08375377953052521,
  "hip_prominence": 0.033776456490159035
}