{
  "shoulder_hip_ratio": 1.7334331153677467,
  "waist_position": 0.5259347558021545,
  "torso_ratio": 1.1380160449177879,
  "shoulder_prominence": 0.0708601102232933,
  "hip_prominence": 0.04944505728781223
}