{
  "shoulder_hip_ratio": 1.82626162933414,
  "waist_position": 0.4688778519630432,
  "torso_ratio": 1.209795377131002,
  "shoulder_prominence": 0.0979883186519146,
  "hip_prominence": 0.06161013804376125
}