{
  "shoulder_hip_ratio": 1.6860339483770643,
  "waist_position": 0.4854116141796112,
  "torso_ratio": 1.277754786736109,
  "shoulder_prominence": 0.05039471387863159,
  "hip_prominence": 0.030862441286444664
}