{
  "shoulder_hip_ratio": 1.5510684505431969,
  "waist_position": 0.4814424067735672,
  "torso_ratio": 1.2038706508907397,
  "shoulder_prominence": 0.07251046970486641,
  "hip_prominence": 0.0011401806841604412
}