{
  "shoulder_hip_ratio": 1.5659298441112852,
  "waist_position": 0.5118580758571625,
  "torso_ratio": 1.345074731479002,
  "shoulder_prominence": 0.09836087003350258,
  "hip_prominence": 0.056563276797533035
}