{
  "shoulder_hip_ratio": 1.8017403132277339,
  "waist_position": 0.5410022288560867,
  "torso_ratio": 1.0954834588963691,
  "shoulder_prominence": 0.02053014561533928,
  "hip_prominence": 0.023279568180441856
}