{
  "shoulder_hip_ratio": 1.8161344418073404,
  "waist_position": 0.4793356657028198,
  "torso_ratio": 1.1300841591737132,
  "shoulder_prominence": 0.08752883970737457,
  "hip_prominence": 0.059499116614460945
}