{
  "shoulder_hip_ratio": 1.825524380484934,
  "waist_position": 0.5049116313457489,
  "torso_ratio": 1.116005331890459,
  "shoulder_prominence": 0.24462762475013733,
  "hip_prominence": 0.11247817426919937
}