{
  "shoulder_hip_ratio": 1.711047150723342,
  "waist_position": 0.4897356778383255,
  "torso_ratio": 1.219068466837118,
  "shoulder_prominence": 0.03499799221754074,
  "hip_prominence": 0.058287253603339195
}