{
  "shoulder_hip_ratio": 1.7362713778125936,
  "waist_position": 0.515119880437851,
  "torso_ratio": 1.1285909740847748,
  "shoulder_prominence": 0.043424248695373535,
  "hip_prominence": 0.010199829936027527
}