{
  "shoulder_hip_ratio": 1.9105196389713224,
  "waist_position": 0.5117798447608948,
  "torso_ratio": 1.1536056911605888,
  "shoulder_prominence": 0.14840079843997955,
  "hip_prominence": 0.13430140167474747
}