{
  "shoulder_hip_ratio": 1.715080539809738,
  "waist_position": 0.4995594173669815,
  "torso_ratio": 1.2800253198803866,
  "shoulder_prominence": 0.21368154883384705,
  "hip_prominence": 0.11438874527812004
}