{
  "shoulder_hip_ratio": 1.8279642610827311,
  "waist_position": 0.4822201430797577,
  "torso_ratio": 1.153949891032704,
  "shoulder_prominence": 0.09257280640304089,
  "hip_prominence": 0.08528502658009529
}