{
  "shoulder_hip_ratio": 1.4834516144969518,
  "waist_position": 0.4970570057630539,
  "torso_ratio": 1.608378086333446,
  "shoulder_prominence": 0.2384423203766346,
  "hip_prominence": 0.1421162188053131
}