{
  "shoulder_hip_ratio": 1.8435547120903124,
  "waist_position": 0.5022110939025879,
  "torso_ratio": 1.1627291000319235,
  "shoulder_prominence": 0.1660450198687613,
  "hip_prominence": 0.06638908013701439
}