{
  "shoulder_hip_ratio": 1.7256173706595967,
  "waist_position": 0.5103063583374023,
  "torso_ratio": 1.2049151860260636,
  "shoulder_prominence": 0.06424644961953163,
  "hip_prominence": 0.0702078752219677
}