{
  "shoulder_hip_ratio": 1.7463593059472047,
  "waist_position": 0.4942350387573242,
  "torso_ratio": 1.1877347807596743,
  "shoulder_prominence": 0.1423343566711992,
  "hip_prominence": 0.08666277304291725
}