{
  "shoulder_hip_ratio": 1.787501758111559,
  "waist_position": 0.5153812170028687,
  "torso_ratio": 1.1384377942844954,
  "shoulder_prominence": 0.08037090301513672,
  "hip_prominence": 0.01594516495242715
}