{
  "shoulder_hip_ratio": 1.7414935573778465,
  "waist_position": 0.5057626962661743,
  "torso_ratio": 1.1263609619046386,
  "shoulder_prominence": 0.009821340441703796,
  "hip_prominence": 0.006113164592534304
}