{
  "shoulder_hip_ratio": 1.6848588915360732,
  "waist_position": 0.5117612779140472,
  "torso_ratio": 1.1854036811743978,
  "shoulder_prominence": 0.025019383989274502,
  "hip_prominence": 0.005839102203026414
}