{
  "shoulder_hip_ratio": 1.7829619645965946,
  "waist_position": 0.5248062312602997,
  "torso_ratio": 1.1166057258910425,
  "shoulder_prominence": 0.005383849143981934,
  "hip_prominence": 0.029784482903778553
}