{
  "shoulder_hip_ratio": 1.9304564573542236,
  "waist_position": 0.4628317803144455,
  "torso_ratio": 1.120285639307877,
  "shoulder_prominence": 0.019957546144723892,
  "hip_prominence": 0.05261271260678768
}