{
  "shoulder_hip_ratio": 1.7689008018576038,
  "waist_position": 0.46302013099193573,
  "torso_ratio": 1.0909483680663188,
  "shoulder_prominence": 0.016808925895020366,
  "hip_prominence": 0.0379574503749609
}