{
  "shoulder_hip_ratio": 1.940356861471333,
  "waist_position": 0.4946621507406235,
  "torso_ratio": 1.0851797423911789,
  "shoulder_prominence": 0.08389000780880451,
  "hip_prominence": 0.0062818690203130245
}