{
  "shoulder_hip_ratio": 1.73680194981452,
  "waist_position": 0.4732804149389267,
  "torso_ratio": 1.1128187955180542,
  "shoulder_prominence": 0.08860224112868309,
  "hip_prominence": 0.05767162702977657
}