{
  "shoulder_hip_ratio": 1.9126543685473107,
  "waist_position": 0.48077717423439026,
  "torso_ratio": 1.0885043546515205,
  "shoulder_prominence": 0.044908128678798676,
  "hip_prominence": 0.036863695830106735
}