{
  "shoulder_hip_ratio": 1.6737211975719952,
  "waist_position": 0.49723605811595917,
  "torso_ratio": 1.2069329626676633,
  "shoulder_prominence": 0.08588818181306124,
  "hip_prominence": 0.024446158669888973
}