{
  "shoulder_hip_ratio": 1.6862261250912332,
  "waist_position": 0.46822895109653473,
  "torso_ratio": 1.0997606030894613,
  "shoulder_prominence": 0.1113099455833435,
  "hip_prominence": 0.07228410616517067
}