{
  "shoulder_hip_ratio": 1.9105285201729296,
  "waist_position": 0.4753427952528,
  "torso_ratio": 1.1408611857664286,
  "shoulder_prominence": 0.0004378724843263626,
  "hip_prominence": 0.01782319601625204
}