{
  "shoulder_hip_ratio": 1.6528349335977182,
  "waist_position": 0.4677686393260956,
  "torso_ratio": 1.1612740945058553,
  "shoulder_prominence": 0.009485796093940735,
  "hip_prominence": 0.0029663441237062216
}