{
  "shoulder_hip_ratio": 1.7132292445450232,
  "waist_position": 0.5049659907817841,
  "torso_ratio": 1.150109979894383,
  "shoulder_prominence": 0.08061210438609123,
  "hip_prominence": 0.023899231106042862
}