{
  "shoulder_hip_ratio": 1.725314344711551,
  "waist_position": 0.4839397668838501,
  "torso_ratio": 1.1822983544754264,
  "shoulder_prominence": 0.09379225969314575,
  "hip_prominence": 0.04726667329668999
}