{
  "shoulder_hip_ratio": 1.7144855335039004,
  "waist_position": 0.49895647168159485,
  "torso_ratio": 1.1689760968481488,
  "shoulder_prominence": 0.07377160340547562,
  "hip_prominence": 0.028802010230720043
}