{
  "shoulder_hip_ratio": 1.6081086170984253,
  "waist_position": 0.5163342505693436,
  "torso_ratio": 1.2075246280459804,
  "shoulder_prominence": 0.13692406751215458,
  "hip_prominence": 0.08549317345023155
}