{
  "shoulder_hip_ratio": 1.7484231237035868,
  "waist_position": 0.5253930687904358,
  "torso_ratio": 1.1318204291195888,
  "shoulder_prominence": 0.057093244045972824,
  "hip_prominence": 0.04329777508974075
}