{
  "shoulder_hip_ratio": 1.7498312261227333,
  "waist_position": 0.5050350725650787,
  "torso_ratio": 1.3197626168960237,
  "shoulder_prominence": 0.05321061168797314,
  "hip_prominence": 0.024766367860138416
}