{
  "shoulder_hip_ratio": 1.7556421429129165,
  "waist_position": 0.5056364834308624,
  "torso_ratio": 1.144376525408888,
  "shoulder_prominence": 0.043108999729156494,
  "hip_prominence": 0.058099616318941116
}