{
  "shoulder_hip_ratio": 1.7162675882619132,
  "waist_position": 0.4477512985467911,
  "torso_ratio": 1.2405093130099774,
  "shoulder_prominence": 0.009320303797721863,
  "hip_prominence": 0.008328439202159643
}