{
  "shoulder_hip_ratio": 1.651577362408755,
  "waist_position": 0.474199503660202,
  "torso_ratio": 0.960960279315207,
  "shoulder_prominence": 0.1466654520481825,
  "hip_prominence": 0.11118637770414352
}