{
  "shoulder_hip_ratio": 1.7674281241413512,
  "waist_position": 0.48735882341861725,
  "torso_ratio": 1.3061827801275074,
  "shoulder_prominence": 0.06876872014254332,
  "hip_prominence": 0.044582413509488106
}