{
  "shoulder_hip_ratio": 1.5664092378486523,
  "waist_position": 0.557663232088089,
  "torso_ratio": 1.4305770359966716,
  "shoulder_prominence": 0.23911297880113125,
  "hip_prominence": 0.14878114312887192
}