{
  "shoulder_hip_ratio": 1.7633363591537867,
  "waist_position": 0.4992596209049225,
  "torso_ratio": 1.17036948844692,
  "shoulder_prominence": 0.05804212763905525,
  "hip_prominence": 0.008695696946233511
}