{
  "shoulder_hip_ratio": 1.820174403218789,
  "waist_position": 0.5148400515317917,
  "torso_ratio": 1.0537292147536041,
  "shoulder_prominence": 0.035298627695738105,
  "hip_prominence": 0.03752323053777218
}