{
  "shoulder_hip_ratio": 1.8194869612700548,
  "waist_position": 0.48036910593509674,
  "torso_ratio": 1.1609220327545315,
  "shoulder_prominence": 0.04117824137210846,
  "hip_prominence": 0.006162503967061639
}