{
  "shoulder_hip_ratio": 1.7680200922056124,
  "waist_position": 0.503093808889389,
  "torso_ratio": 1.1782572398085835,
  "shoulder_prominence": 0.0589123978279531,
  "hip_prominence": 0.02063673920929432
}