{
  "shoulder_hip_ratio": 1.965989369901116,
  "waist_position": 0.49368543922901154,
  "torso_ratio": 1.0750119417202404,
  "shoulder_prominence": 0.08997781202197075,
  "hip_prominence": 0.002456911373883486
}