{
  "shoulder_hip_ratio": 1.8838759716937827,
  "waist_position": 0.49181774258613586,
  "torso_ratio": 1.0743425735311358,
  "shoulder_prominence": 0.07630433887243271,
  "hip_prominence": 0.0057658301666378975
}