{
  "shoulder_hip_ratio": 1.759369049321313,
  "waist_position": 0.48041707277297974,
  "torso_ratio": 1.0902689377080705,
  "shoulder_prominence": 0.058861419558525085,
  "hip_prominence": 0.059201277792453766
}