{
  "shoulder_hip_ratio": 1.6965590758846885,
  "waist_position": 0.46823497116565704,
  "torso_ratio": 1.0960127712556047,
  "shoulder_prominence": 0.11448222398757935,
  "hip_prominence": 0.07163100317120552
}