{
  "shoulder_hip_ratio": 1.7189943126716587,
  "waist_position": 0.49414390325546265,
  "torso_ratio": 1.1857091794508805,
  "shoulder_prominence": 0.011973071843385696,
  "hip_prominence": 0.02330673113465309
}