{
  "shoulder_hip_ratio": 1.7100457637980877,
  "waist_position": 0.5665054023265839,
  "torso_ratio": 1.2265673183293024,
  "shoulder_prominence": 0.1440645419061184,
  "hip_prominence": 0.11001958698034286
}