{
  "shoulder_hip_ratio": 1.8044739726730998,
  "waist_position": 0.538034588098526,
  "torso_ratio": 1.196179372841728,
  "shoulder_prominence": 0.10622590035200119,
  "hip_prominence": 0.058973779901862144
}