{
  "shoulder_hip_ratio": 1.740866101382781,
  "waist_position": 0.506017804145813,
  "torso_ratio": 1.3137008584698642,
  "shoulder_prominence": 0.127072817645967,
  "hip_prominence": 0.050038689747452736
}