{
  "shoulder_hip_ratio": 1.7084600616561274,
  "waist_position": 0.543975442647934,
  "torso_ratio": 1.0980800889802687,
  "shoulder_prominence": 0.08480039238929749,
  "hip_prominence": 0.055622631683945656
}