{
  "shoulder_hip_ratio": 1.7884086263731211,
  "waist_position": 0.47121967375278473,
  "torso_ratio": 1.2335788180899276,
  "shoulder_prominence": 0.00934947282075882,
  "hip_prominence": 0.018930907361209393
}