{
  "shoulder_hip_ratio": 1.6451446074743101,
  "waist_position": 0.4917355328798294,
  "torso_ratio": 1.140875958604794,
  "shoulder_prominence": 0.24281083047389984,
  "hip_prominence": 0.14937077462673187
}