{
  "shoulder_hip_ratio": 1.6513873658865093,
  "waist_position": 0.4403545707464218,
  "torso_ratio": 1.1844065182017995,
  "shoulder_prominence": 0.03635324165225029,
  "hip_prominence": 0.018539728596806526
}