{
  "shoulder_hip_ratio": 1.794272072156568,
  "waist_position": 0.511426255106926,
  "torso_ratio": 1.1643769475995265,
  "shoulder_prominence": 0.02315424382686615,
  "hip_prominence": 0.014536515809595585
}