{
  "shoulder_hip_ratio": 1.645341669510385,
  "waist_position": 0.488506942987442,
  "torso_ratio": 1.2568031193016957,
  "shoulder_prominence": 0.018475770950317383,
  "hip_prominence": 0.029181143268942833
}