{
  "shoulder_hip_ratio": 1.6986775086206656,
  "waist_position": 0.5367004573345184,
  "torso_ratio": 1.203896158548836,
  "shoulder_prominence": 0.023089826107025146,
  "hip_prominence": 0.039168959483504295
}