{
  "shoulder_hip_ratio": 1.8872598845955457,
  "waist_position": 0.45539967715740204,
  "torso_ratio": 1.2801215698807256,
  "shoulder_prominence": 0.0941060115583241,
  "hip_prominence": 0.0461737047880888
}