{
  "shoulder_hip_ratio": 1.733620869446906,
  "waist_position": 0.49334582686424255,
  "torso_ratio": 1.1685660521375378,
  "shoulder_prominence": 0.006555784493684769,
  "hip_prominence": 0.0039180913008749485
}