{
  "shoulder_hip_ratio": 1.57535310813076,
  "waist_position": 0.5207172632217407,
  "torso_ratio": 1.3130819890066578,
  "shoulder_prominence": 0.0836649239063263,
  "hip_prominence": 0.038465144112706184
}