{
  "shoulder_hip_ratio": 1.8719671482667413,
  "waist_position": 0.5223574340343475,
  "torso_ratio": 1.0226734480922202,
  "shoulder_prominence": 0.12045218050479889,
  "hip_prominence": 0.061140112578868866
}