{
  "shoulder_hip_ratio": 1.7536230276638227,
  "waist_position": 0.50387904047966,
  "torso_ratio": 1.267241760165158,
  "shoulder_prominence": 0.08603907376527786,
  "hip_prominence": 0.025860518217086792
}