{
  "shoulder_hip_ratio": 1.8669239385957188,
  "waist_position": 0.5311529040336609,
  "torso_ratio": 1.2519541358654218,
  "shoulder_prominence": 0.17330140992999077,
  "hip_prominence": 0.12306584045290947
}