{
  "shoulder_hip_ratio": 1.7177072362876582,
  "waist_position": 0.5192373394966125,
  "torso_ratio": 1.0959869152345767,
  "shoulder_prominence": 0.07351024448871613,
  "hip_prominence": 0.025050985626876354
}