{
  "shoulder_hip_ratio": 1.7817425861914529,
  "waist_position": 0.5174309313297272,
  "torso_ratio": 1.1626470992282822,
  "shoulder_prominence": 0.01005449891090393,
  "hip_prominence": 0.01884233020246029
}