{
  "shoulder_hip_ratio": 1.8004820878982457,
  "waist_position": 0.523729532957077,
  "torso_ratio": 1.128258921753067,
  "shoulder_prominence": 0.0448378233704716,
  "hip_prominence": 0.006853438215330243
}