{
  "shoulder_hip_ratio": 1.6583710101268974,
  "waist_position": 0.4948861598968506,
  "torso_ratio": 1.3482679644237092,
  "shoulder_prominence": 0.0229138545691967,
  "hip_prominence": 0.0032215944956988096
}