{
  "shoulder_hip_ratio": 1.6361412402547713,
  "waist_position": 0.48839937150478363,
  "torso_ratio": 1.4166248829210406,
  "shoulder_prominence": 0.049582354724407196,
  "hip_prominence": 0.022474088706076145
}