{
  "shoulder_hip_ratio": 1.6977552034591064,
  "waist_position": 0.48316390812397003,
  "torso_ratio": 1.1589174216262403,
  "shoulder_prominence": 0.028452511876821518,
  "hip_prominence": 0.006884875008836389
}