{
  "shoulder_hip_ratio": 1.6411805453721076,
  "waist_position": 0.4981438219547272,
  "torso_ratio": 1.20108356097968,
  "shoulder_prominence": 0.06945365108549595,
  "hip_prominence": 0.03170685563236475
}