{
  "shoulder_hip_ratio": 1.7088295766417254,
  "waist_position": 0.5298380255699158,
  "torso_ratio": 1.2304919321352243,
  "shoulder_prominence": 0.1082305982708931,
  "hip_prominence": 0.04807834513485432
}