{
  "shoulder_hip_ratio": 1.8341917478672856,
  "waist_position": 0.5195963233709335,
  "torso_ratio": 1.0825584649521875,
  "shoulder_prominence": 0.015864968299865723,
  "hip_prominence": 0.0010422378836665303
}