{
  "shoulder_hip_ratio": 1.3561342988285785,
  "waist_position": 0.5059179067611694,
  "torso_ratio": 1.5500607387158751,
  "shoulder_prominence": 0.2275887718424201,
  "hip_prominence": 0.10869821533560753
}