{
  "shoulder_hip_ratio": 1.8232883045868096,
  "waist_position": 0.5138336420059204,
  "torso_ratio": 1.1820105555423739,
  "shoulder_prominence": 0.18213440477848053,
  "hip_prominence": 0.11423362791538239
}