{
  "shoulder_hip_ratio": 1.7012312783527996,
  "waist_position": 0.4940021336078644,
  "torso_ratio": 1.1524629639077748,
  "shoulder_prominence": 0.10427809320390224,
  "hip_prominence": 0.052171412855386734
}