{
  "shoulder_hip_ratio": 1.7357466111069604,
  "waist_position": 0.4838328957557678,
  "torso_ratio": 1.2134807242370487,
  "shoulder_prominence": 0.05612155795097351,
  "hip_prominence": 0.06256590224802494
}