{
  "shoulder_hip_ratio": 1.6861250248926598,
  "waist_position": 0.4566807448863983,
  "torso_ratio": 1.1620900621316053,
  "shoulder_prominence": 0.01953059434890747,
  "hip_prominence": 0.03318488784134388
}