{
  "shoulder_hip_ratio": 1.921371189681937,
  "waist_position": 0.48221641778945923,
  "torso_ratio": 1.199698951583694,
  "shoulder_prominence": 0.16597886756062508,
  "hip_prominence": 0.06191963702440262
}