{
  "shoulder_hip_ratio": 1.7162326176493434,
  "waist_position": 0.4583712965250015,
  "torso_ratio": 1.2140417711023088,
  "shoulder_prominence": 0.11516617983579636,
  "hip_prominence": 0.04228428564965725
}