{
  "shoulder_hip_ratio": 1.7597884756301863,
  "waist_position": 0.4877220541238785,
  "torso_ratio": 1.162095291615977,
  "shoulder_prominence": 0.10105631500482559,
  "hip_prominence": 0.05531720444560051
}