{
  "shoulder_hip_ratio": 1.9109730839265684,
  "waist_position": 0.481497123837471,
  "torso_ratio": 1.1894887703939716,
  "shoulder_prominence": 0.15565548092126846,
  "hip_prominence": 0.056336259469389915
}