{
  "shoulder_hip_ratio": 1.6133011855645634,
  "waist_position": 0.4948873817920685,
  "torso_ratio": 1.4498208001068742,
  "shoulder_prominence": 0.10856273025274277,
  "hip_prominence": 0.07802615314722061
}