{
  "shoulder_hip_ratio": 1.898911693807359,
  "waist_position": 0.5195718705654144,
  "torso_ratio": 1.1831228891958923,
  "shoulder_prominence": 0.08508212212473154,
  "hip_prominence": 0.0018730604206211865
}