{
  "shoulder_hip_ratio": 1.8643034368006723,
  "waist_position": 0.46839962899684906,
  "torso_ratio": 1.0619268185608957,
  "shoulder_prominence": 0.060461223125457764,
  "hip_prominence": 0.021752526983618736
}