{
  "shoulder_hip_ratio": 1.6999293694273816,
  "waist_position": 0.4894620329141617,
  "torso_ratio": 1.2262622032102066,
  "shoulder_prominence": 0.055111780762672424,
  "hip_prominence": 0.020036844536662102
}