{
  "shoulder_hip_ratio": 1.5140586134486607,
  "waist_position": 0.4873143434524536,
  "torso_ratio": 1.4429961861117813,
  "shoulder_prominence": 0.039479367434978485,
  "hip_prominence": 0.001808379776775837
}