{
  "shoulder_hip_ratio": 1.7498541197581812,
  "waist_position": 0.5185993313789368,
  "torso_ratio": 1.0927261745674501,
  "shoulder_prominence": 0.07349103316664696,
  "hip_prominence": 0.023577312938869
}