{
  "shoulder_hip_ratio": 1.8150603841783315,
  "waist_position": 0.510235071182251,
  "torso_ratio": 1.1246687412450385,
  "shoulder_prominence": 0.017429791390895844,
  "hip_prominence": 0.017592405900359154
}