{
  "shoulder_hip_ratio": 1.8156796748592037,
  "waist_position": 0.4849453270435333,
  "torso_ratio": 1.1350587868844169,
  "shoulder_prominence": 0.08077199757099152,
  "hip_prominence": 0.026700729504227638
}