{
  "shoulder_hip_ratio": 1.8650020790201978,
  "waist_position": 0.4728933721780777,
  "torso_ratio": 1.1151016004678689,
  "shoulder_prominence": 0.024735167622566223,
  "hip_prominence": 0.0013253661745693535
}