{
  "shoulder_hip_ratio": 1.6645762211887092,
  "waist_position": 0.49565795063972473,
  "torso_ratio": 1.3725124890910068,
  "shoulder_prominence": 0.08058103919029236,
  "hip_prominence": 0.055039841681718826
}