{
  "shoulder_hip_ratio": 1.8914553123779239,
  "waist_position": 0.512479305267334,
  "torso_ratio": 1.140250876969704,
  "shoulder_prominence": 0.02334463596343994,
  "hip_prominence": 0.033302515745162964
}