{
  "shoulder_hip_ratio": 1.7533293161462407,
  "waist_position": 0.49336303770542145,
  "torso_ratio": 1.0705942415319951,
  "shoulder_prominence": 0.12199810147285461,
  "hip_prominence": 0.06396506726741791
}