{
  "shoulder_hip_ratio": 1.769379518485841,
  "waist_position": 0.5474065691232681,
  "torso_ratio": 1.2433911561449635,
  "shoulder_prominence": 0.15840640291571617,
  "hip_prominence": 0.09978676214814186
}