{
  "shoulder_hip_ratio": 1.6578806088961255,
  "waist_position": 0.46708332002162933,
  "torso_ratio": 1.1596870911591441,
  "shoulder_prominence": 0.013273373246192932,
  "hip_prominence": 0.004797977628186345
}