{
  "shoulder_hip_ratio": 1.7812057523390432,
  "waist_position": 0.4493889808654785,
  "torso_ratio": 1.2405030967435204,
  "shoulder_prominence": 0.06205353885889053,
  "hip_prominence": 0.06293255649507046
}