{
  "shoulder_hip_ratio": 1.8005165386937365,
  "waist_position": 0.48232850432395935,
  "torso_ratio": 1.155737749263816,
  "shoulder_prominence": 0.054517678916454315,
  "hip_prominence": 0.012797828298062086
}