{
  "shoulder_hip_ratio": 1.7508352920705903,
  "waist_position": 0.5041391253471375,
  "torso_ratio": 1.1208139538455493,
  "shoulder_prominence": 0.0606689527630806,
  "hip_prominence": 0.05925673805177212
}