{
  "shoulder_hip_ratio": 1.9068090184235107,
  "waist_position": 0.4916326701641083,
  "torso_ratio": 1.1612504960691366,
  "shoulder_prominence": 0.05755092203617096,
  "hip_prominence": 0.03830692358314991
}