{
  "shoulder_hip_ratio": 1.76869091064266,
  "waist_position": 0.49927303194999695,
  "torso_ratio": 1.1735362184290192,
  "shoulder_prominence": 0.05821945145726204,
  "hip_prominence": 0.006864800350740552
}