{
  "shoulder_hip_ratio": 1.621275968529598,
  "waist_position": 0.5191992521286011,
  "torso_ratio": 1.249004942504638,
  "shoulder_prominence": 0.15283855516463518,
  "hip_prominence": 0.12114490941166878
}