{
  "shoulder_hip_ratio": 1.642990259955544,
  "waist_position": 0.5353437662124634,
  "torso_ratio": 1.2568605479635253,
  "shoulder_prominence": 0.023719891905784607,
  "hip_prominence": 0.03743811510503292
}