{
  "shoulder_hip_ratio": 1.7064348807543719,
  "waist_position": 0.48581352829933167,
  "torso_ratio": 1.2905438756755003,
  "shoulder_prominence": 0.2219272570218891,
  "hip_prominence": 0.09197472780942917
}