{
  "shoulder_hip_ratio": 1.8166530922467348,
  "waist_position": 0.5096226632595062,
  "torso_ratio": 1.10178422811647,
  "shoulder_prominence": 0.05877262353897095,
  "hip_prominence": 0.049476133659482
}