{
  "shoulder_hip_ratio": 1.7789240084633737,
  "waist_position": 0.5073088705539703,
  "torso_ratio": 1.2603451522271263,
  "shoulder_prominence": 0.0842740386724472,
  "hip_prominence": 0.04055491462349892
}