{
  "shoulder_hip_ratio": 1.71812393207603,
  "waist_position": 0.4954807460308075,
  "torso_ratio": 1.1514386000474184,
  "shoulder_prominence": 0.03134090453386307,
  "hip_prominence": 0.04158354736864567
}