{
  "shoulder_hip_ratio": 1.5377635028601295,
  "waist_position": 0.49771521985530853,
  "torso_ratio": 1.3679563744909653,
  "shoulder_prominence": 0.19382935669273138,
  "hip_prominence": 0.12741177529096603
}