{
  "shoulder_hip_ratio": 1.7717092644917656,
  "waist_position": 0.5282613039016724,
  "torso_ratio": 1.1584029462593202,
  "shoulder_prominence": 0.004787446931004524,
  "hip_prominence": 0.008735179901123047
}