{
  "shoulder_hip_ratio": 1.8258671128922968,
  "waist_position": 0.5083001852035522,
  "torso_ratio": 1.1342715793360718,
  "shoulder_prominence": 0.1316598802804947,
  "hip_prominence": 0.05018351599574089
}