{
  "shoulder_hip_ratio": 1.8316526907565445,
  "waist_position": 0.4681885093450546,
  "torso_ratio": 1.2032971582446963,
  "shoulder_prominence": 0.08793305233120918,
  "hip_prominence": 0.05426851287484169
}