{
  "shoulder_hip_ratio": 1.7806273218642341,
  "waist_position": 0.4461890608072281,
  "torso_ratio": 1.1324634134878258,
  "shoulder_prominence": 0.15963110327720642,
  "hip_prominence": 0.13306598365306854
}