{
  "shoulder_hip_ratio": 1.6599631065324087,
  "waist_position": 0.49119870364665985,
  "torso_ratio": 1.3752421543583355,
  "shoulder_prominence": 0.013564050197601318,
  "hip_prominence": 0.012078799307346344
}