{
  "shoulder_hip_ratio": 1.8064524099543042,
  "waist_position": 0.5212089419364929,
  "torso_ratio": 1.1750673682760087,
  "shoulder_prominence": 0.09029962122440338,
  "hip_prominence": 0.060125552117824554
}