{
  "shoulder_hip_ratio": 1.753634903325924,
  "waist_position": 0.49341103434562683,
  "torso_ratio": 1.0694118652331208,
  "shoulder_prominence": 0.10930763185024261,
  "hip_prominence": 0.055925700813531876
}