{
  "shoulder_hip_ratio": 1.841403910293734,
  "waist_position": 0.47921739518642426,
  "torso_ratio": 1.333186289592608,
  "shoulder_prominence": 0.29432564973831177,
  "hip_prominence": 0.2296779751777649
}