{
  "shoulder_hip_ratio": 1.7649294926848653,
  "waist_position": 0.5033389925956726,
  "torso_ratio": 1.1910005820634382,
  "shoulder_prominence": 0.16517012240365148,
  "hip_prominence": 0.11567407101392746
}