{
  "shoulder_hip_ratio": 1.859781748250682,
  "waist_position": 0.47754189372062683,
  "torso_ratio": 1.3430821178769956,
  "shoulder_prominence": 0.2901809364557266,
  "hip_prominence": 0.22613880038261414
}