{
  "shoulder_hip_ratio": 1.6335038855898811,
  "waist_position": 0.5367048382759094,
  "torso_ratio": 1.4372397746334389,
  "shoulder_prominence": 0.05888829380273819,
  "hip_prominence": 0.023617765866219997
}