{
  "shoulder_hip_ratio": 1.645897884778562,
  "waist_position": 0.5236548185348511,
  "torso_ratio": 1.117060166653833,
  "shoulder_prominence": 0.10464149713516235,
  "hip_prominence": 0.07625928148627281
}