{
  "shoulder_hip_ratio": 1.621470711160519,
  "waist_position": 0.5269711464643478,
  "torso_ratio": 1.1993501269193232,
  "shoulder_prominence": 0.08011761610396206,
  "hip_prominence": 0.042294902727007866
}