{
  "shoulder_hip_ratio": 1.7718807702263206,
  "waist_position": 0.5125808417797089,
  "torso_ratio": 1.2063197828349923,
  "shoulder_prominence": 0.12006539292633533,
  "hip_prominence": 0.06218994781374931
}