{
  "shoulder_hip_ratio": 1.686934196712983,
  "waist_position": 0.492261677980423,
  "torso_ratio": 1.143724997739869,
  "shoulder_prominence": 0.04664735496044159,
  "hip_prominence": 0.0017487284494563937
}