{
  "shoulder_hip_ratio": 1.6342714102241296,
  "waist_position": 0.5082607269287109,
  "torso_ratio": 1.1613125374168234,
  "shoulder_prominence": 0.00898229330778122,
  "hip_prominence": 0.01482669822871685
}