{
  "shoulder_hip_ratio": 1.733225819606959,
  "waist_position": 0.4461537152528763,
  "torso_ratio": 1.1223445072804126,
  "shoulder_prominence": 0.23411283642053604,
  "hip_prominence": 0.17574001848697662
}