{
  "shoulder_hip_ratio": 1.7322188286547227,
  "waist_position": 0.5087887942790985,
  "torso_ratio": 1.2326534362733348,
  "shoulder_prominence": 0.004500865936279297,
  "hip_prominence": 0.03633386082947254
}