{
  "shoulder_hip_ratio": 1.6672317109266297,
  "waist_position": 0.5016271024942398,
  "torso_ratio": 1.2860595074907177,
  "shoulder_prominence": 0.03895396739244461,
  "hip_prominence": 0.033408625051379204
}