{
  "shoulder_hip_ratio": 1.7089934233564634,
  "waist_position": 0.5380336195230484,
  "torso_ratio": 1.204232545369236,
  "shoulder_prominence": 0.05880807340145111,
  "hip_prominence": 0.06020023673772812
}