{
  "shoulder_hip_ratio": 1.714187766110027,
  "waist_position": 0.4931621551513672,
  "torso_ratio": 1.1142086624285177,
  "shoulder_prominence": 0.004425346851348877,
  "hip_prominence": 0.03860686533153057
}