{
  "shoulder_hip_ratio": 1.7969756204472382,
  "waist_position": 0.5235495269298553,
  "torso_ratio": 1.143342935790983,
  "shoulder_prominence": 0.004465013742446899,
  "hip_prominence": 0.036556487902998924
}