{
  "shoulder_hip_ratio": 1.756759740167818,
  "waist_position": 0.47330039739608765,
  "torso_ratio": 1.1687132123349546,
  "shoulder_prominence": 0.023848339915275574,
  "hip_prominence": 0.013977364636957645
}