{
  "shoulder_hip_ratio": 1.68806992533017,
  "waist_position": 0.43405768275260925,
  "torso_ratio": 1.3387471525697299,
  "shoulder_prominence": 0.1810803897678852,
  "hip_prominence": 0.1182694062590599
}