{
  "shoulder_hip_ratio": 1.7059051978319568,
  "waist_position": 0.5032688081264496,
  "torso_ratio": 1.207955685539458,
  "shoulder_prominence": 0.030197130516171455,
  "hip_prominence": 0.03296578489243984
}