{
  "shoulder_hip_ratio": 1.864781539887178,
  "waist_position": 0.4880433827638626,
  "torso_ratio": 1.1579991995648045,
  "shoulder_prominence": 0.10516346991062164,
  "hip_prominence": 0.07847556471824646
}