{
  "shoulder_hip_ratio": 1.8547842053220738,
  "waist_position": 0.46583180129528046,
  "torso_ratio": 1.1694992736509557,
  "shoulder_prominence": 0.07792133931070566,
  "hip_prominence": 0.05603017844259739
}