{
  "shoulder_hip_ratio": 1.8402260961953782,
  "waist_position": 0.4739852547645569,
  "torso_ratio": 1.1320270904990755,
  "shoulder_prominence": 0.0043003857135772705,
  "hip_prominence": 0.032633913680911064
}