{
  "shoulder_hip_ratio": 1.6525061340082454,
  "waist_position": 0.46646110713481903,
  "torso_ratio": 1.216614941921308,
  "shoulder_prominence": 0.04935796558856964,
  "hip_prominence": 0.011099207680672407
}