{
  "shoulder_hip_ratio": 1.6495659912474716,
  "waist_position": 0.4836587607860565,
  "torso_ratio": 1.3299147281054364,
  "shoulder_prominence": 0.0025990940630435944,
  "hip_prominence": 0.02795269526541233
}