{
  "shoulder_hip_ratio": 1.6521695263924907,
  "waist_position": 0.4958345592021942,
  "torso_ratio": 1.2115096110450971,
  "shoulder_prominence": 0.09940364677459002,
  "hip_prominence": 0.036476098001003265
}