{
  "shoulder_hip_ratio": 1.787045270210691,
  "waist_position": 0.4853275269269943,
  "torso_ratio": 1.0965934466694447,
  "shoulder_prominence": 0.043856412172317505,
  "hip_prominence": 0.04435327090322971
}