{
  "shoulder_hip_ratio": 1.6701660474383277,
  "waist_position": 0.5048462748527527,
  "torso_ratio": 1.1397544288272545,
  "shoulder_prominence": 0.09998989850282669,
  "hip_prominence": 0.054230568930506706
}