{
  "shoulder_hip_ratio": 1.8143588019079215,
  "waist_position": 0.4846276491880417,
  "torso_ratio": 1.1267038416319288,
  "shoulder_prominence": 0.08441558293998241,
  "hip_prominence": 0.02835069876164198
}