{
  "shoulder_hip_ratio": 1.716478744061377,
  "waist_position": 0.49854065477848053,
  "torso_ratio": 1.2582416959801068,
  "shoulder_prominence": 0.22876888886094093,
  "hip_prominence": 0.12875840812921524
}