{
  "shoulder_hip_ratio": 1.6760759561023353,
  "waist_position": 0.5045730769634247,
  "torso_ratio": 1.2253242507164128,
  "shoulder_prominence": 0.039642900228500366,
  "hip_prominence": 0.01889852713793516
}