{
  "shoulder_hip_ratio": 1.6517819777722114,
  "waist_position": 0.4726773202419281,
  "torso_ratio": 1.2123107556340633,
  "shoulder_prominence": 0.07694295793771744,
  "hip_prominence": 0.05313235707581043
}