{
  "shoulder_hip_ratio": 1.692604212078064,
  "waist_position": 0.45846864581108093,
  "torso_ratio": 1.444136171537619,
  "shoulder_prominence": 0.20986139588057995,
  "hip_prominence": 0.12213606387376785
}