{
  "shoulder_hip_ratio": 1.895466247404304,
  "waist_position": 0.5110453963279724,
  "torso_ratio": 1.0834657214404166,
  "shoulder_prominence": 0.07408146746456623,
  "hip_prominence": 0.005225408356636763
}