{
  "shoulder_hip_ratio": 1.7825322777337818,
  "waist_position": 0.4829535633325577,
  "torso_ratio": 1.282334917122154,
  "shoulder_prominence": 0.13831432163715363,
  "hip_prominence": 0.1253889761865139
}