{
  "shoulder_hip_ratio": 1.7947750706317385,
  "waist_position": 0.5326122939586639,
  "torso_ratio": 1.0800387012182704,
  "shoulder_prominence": 0.04618021845817566,
  "hip_prominence": 0.017769109457731247
}