{
  "shoulder_hip_ratio": 1.786351139530923,
  "waist_position": 0.4779406189918518,
  "torso_ratio": 1.1480950005031263,
  "shoulder_prominence": 0.03591164480894804,
  "hip_prominence": 0.0052010719664394855
}