{
  "shoulder_hip_ratio": 1.6911166261311366,
  "waist_position": 0.4561367332935333,
  "torso_ratio": 1.1695625654539348,
  "shoulder_prominence": 0.017212465405464172,
  "hip_prominence": 0.033401623368263245
}