{
  "shoulder_hip_ratio": 1.772064588720542,
  "waist_position": 0.4778408855199814,
  "torso_ratio": 1.1568946230053851,
  "shoulder_prominence": 0.08549128100275993,
  "hip_prominence": 0.004882472567260265
}