{
  "shoulder_hip_ratio": 1.8372092194602347,
  "waist_position": 0.5110876262187958,
  "torso_ratio": 1.1568913257535864,
  "shoulder_prominence": 0.045634157955646515,
  "hip_prominence": 0.00016908156976569444
}