{
  "shoulder_hip_ratio": 1.802698737951742,
  "waist_position": 0.4861290156841278,
  "torso_ratio": 1.2356373050867495,
  "shoulder_prominence": 0.05515553569421172,
  "hip_prominence": 0.040051376447081566
}