{
  "shoulder_hip_ratio": 1.7584932558423394,
  "waist_position": 0.5027054995298386,
  "torso_ratio": 1.1189051891256747,
  "shoulder_prominence": 0.01580822467803955,
  "hip_prominence": 0.020248779095709324
}