{
  "shoulder_hip_ratio": 1.8059795735978057,
  "waist_position": 0.5474164187908173,
  "torso_ratio": 1.218182653679242,
  "shoulder_prominence": 0.24121594429016113,
  "hip_prominence": 0.15177352726459503
}