{
  "shoulder_hip_ratio": 1.6425593141179768,
  "waist_position": 0.5116864442825317,
  "torso_ratio": 1.2333798273314882,
  "shoulder_prominence": 0.08174694702029228,
  "hip_prominence": 0.05339156463742256
}