{
  "shoulder_hip_ratio": 1.8299735393654835,
  "waist_position": 0.5063602030277252,
  "torso_ratio": 1.0754806977273723,
  "shoulder_prominence": 0.01027745008468628,
  "hip_prominence": 0.01773154642432928
}