{
  "shoulder_hip_ratio": 1.4615919017602874,
  "waist_position": 0.48659782111644745,
  "torso_ratio": 1.4254837737225945,
  "shoulder_prominence": 0.1928720884025097,
  "hip_prominence": 0.07491040229797363
}