{
  "shoulder_hip_ratio": 1.6670324362069542,
  "waist_position": 0.4475550055503845,
  "torso_ratio": 1.0997108625418697,
  "shoulder_prominence": 0.008869662880897522,
  "hip_prominence": 0.022264227271080017
}