{
  "shoulder_hip_ratio": 1.5827665613642923,
  "waist_position": 0.4556388407945633,
  "torso_ratio": 1.2626086884385967,
  "shoulder_prominence": 0.1444399282336235,
  "hip_prominence": 0.08300136402249336
}