{
  "shoulder_hip_ratio": 1.6986643475980028,
  "waist_position": 0.512402206659317,
  "torso_ratio": 1.3141214428009937,
  "shoulder_prominence": 0.05129661038517952,
  "hip_prominence": 0.013455655425786972
}