{
  "shoulder_hip_ratio": 1.6247945431128652,
  "waist_position": 0.5050710141658783,
  "torso_ratio": 1.320562672623273,
  "shoulder_prominence": 0.015225404873490334,
  "hip_prominence": 0.01685876678675413
}