{
  "shoulder_hip_ratio": 1.8254771259091302,
  "waist_position": 0.510122537612915,
  "torso_ratio": 1.1042923739132797,
  "shoulder_prominence": 0.062128402292728424,
  "hip_prominence": 0.05107230506837368
}