{
  "shoulder_hip_ratio": 1.8042882271380802,
  "waist_position": 0.4697253555059433,
  "torso_ratio": 1.157222421837136,
  "shoulder_prominence": 0.006942316889762878,
  "hip_prominence": 0.007831268012523651
}