{
  "shoulder_hip_ratio": 1.6365344938953903,
  "waist_position": 0.47702756524086,
  "torso_ratio": 0.9663301251897214,
  "shoulder_prominence": 0.14368428546003997,
  "hip_prominence": 0.10636031627655029
}