{
  "shoulder_hip_ratio": 1.6520245735366905,
  "waist_position": 0.5139180421829224,
  "torso_ratio": 1.2607556969242062,
  "shoulder_prominence": 0.011773331090807915,
  "hip_prominence": 0.020731229335069656
}