{
  "shoulder_hip_ratio": 1.7589718102543468,
  "waist_position": 0.4777369797229767,
  "torso_ratio": 1.165832214747516,
  "shoulder_prominence": 0.2636023163795471,
  "hip_prominence": 0.18825837224721909
}