{
  "shoulder_hip_ratio": 1.673078053331738,
  "waist_position": 0.4967809021472931,
  "torso_ratio": 1.1974236498129902,
  "shoulder_prominence": 0.08507063612341881,
  "hip_prominence": 0.025683868676424026
}