{
  "shoulder_hip_ratio": 1.990516019944717,
  "waist_position": 0.4875151813030243,
  "torso_ratio": 1.1773693634530193,
  "shoulder_prominence": 0.218855663202703,
  "hip_prominence": 0.08779089525341988
}