{
  "shoulder_hip_ratio": 1.80888283658297,
  "waist_position": 0.5270808935165405,
  "torso_ratio": 1.079851236486065,
  "shoulder_prominence": 0.031096115708351135,
  "hip_prominence": 0.038569141179323196
}