{
  "shoulder_hip_ratio": 1.8313460930343268,
  "waist_position": 0.5247408747673035,
  "torso_ratio": 1.0543096940975,
  "shoulder_prominence": 0.07528882473707199,
  "hip_prominence": 0.0457104928791523
}