{
  "shoulder_hip_ratio": 1.6609063050675008,
  "waist_position": 0.44972141087055206,
  "torso_ratio": 1.1766288907312623,
  "shoulder_prominence": 0.021321192383766174,
  "hip_prominence": 0.05048825778067112
}