{
  "shoulder_hip_ratio": 1.7188105871945827,
  "waist_position": 0.510216474533081,
  "torso_ratio": 1.1702090026620822,
  "shoulder_prominence": 0.0002138996496796608,
  "hip_prominence": 0.002335952769499272
}