{
  "shoulder_hip_ratio": 1.6524131565995543,
  "waist_position": 0.48661400377750397,
  "torso_ratio": 1.116035118704008,
  "shoulder_prominence": 0.012759119272232056,
  "hip_prominence": 0.0382863525301218
}