{
  "shoulder_hip_ratio": 1.7400094632429575,
  "waist_position": 0.5120019912719727,
  "torso_ratio": 1.192758711673884,
  "shoulder_prominence": 0.027828120160847902,
  "hip_prominence": 0.02975084725767374
}