{
  "shoulder_hip_ratio": 1.790476464176313,
  "waist_position": 0.4875993877649307,
  "torso_ratio": 1.2626958993752146,
  "shoulder_prominence": 0.04966435581445694,
  "hip_prominence": 0.01527265552431345
}