{
  "shoulder_hip_ratio": 1.7771379767233377,
  "waist_position": 0.4632817804813385,
  "torso_ratio": 1.290836340579414,
  "shoulder_prominence": 0.07640299201011658,
  "hip_prominence": 0.01689938921481371
}