{
  "shoulder_hip_ratio": 1.9250932921390642,
  "waist_position": 0.5159536898136139,
  "torso_ratio": 1.0266607805252321,
  "shoulder_prominence": 0.07175664138048887,
  "hip_prominence": 0.02741626277565956
}