{
  "shoulder_hip_ratio": 1.8433168928633972,
  "waist_position": 0.522962749004364,
  "torso_ratio": 1.0333472750917596,
  "shoulder_prominence": 0.12416699435561895,
  "hip_prominence": 0.06483003124594688
}