{
  "shoulder_hip_ratio": 1.7746699972177682,
  "waist_position": 0.4983149766921997,
  "torso_ratio": 1.1523943436833934,
  "shoulder_prominence": 0.14520515501499176,
  "hip_prominence": 0.06832828745245934
}