{
  "shoulder_hip_ratio": 1.7493310551310832,
  "waist_position": 0.485781654715538,
  "torso_ratio": 1.1969849212528982,
  "shoulder_prominence": 0.010821163654327393,
  "hip_prominence": 0.009590855333954096
}