{
  "shoulder_hip_ratio": 1.6562006544975876,
  "waist_position": 0.5457741618156433,
  "torso_ratio": 1.1175768926926768,
  "shoulder_prominence": 0.04905278980731964,
  "hip_prominence": 0.04308008588850498
}