{
  "shoulder_hip_ratio": 1.8950079779945308,
  "waist_position": 0.49677877128124237,
  "torso_ratio": 1.0715510627597922,
  "shoulder_prominence": 0.028910398483276367,
  "hip_prominence": 0.015535318292677402
}