{
  "shoulder_hip_ratio": 1.5725400145839716,
  "waist_position": 0.5041023790836334,
  "torso_ratio": 1.3381046919717405,
  "shoulder_prominence": 0.09200960025191307,
  "hip_prominence": 0.06105039268732071
}