{
  "shoulder_hip_ratio": 1.8932636674929806,
  "waist_position": 0.49970486760139465,
  "torso_ratio": 1.2564929253837753,
  "shoulder_prominence": 0.075098417699337,
  "hip_prominence": 0.060464588925242424
}