{
  "shoulder_hip_ratio": 1.7873990313566004,
  "waist_position": 0.512340635061264,
  "torso_ratio": 1.2659559257596575,
  "shoulder_prominence": 0.06531778816133738,
  "hip_prominence": 0.03778412379324436
}