{
  "shoulder_hip_ratio": 1.7737394644485012,
  "waist_position": 0.5065006762742996,
  "torso_ratio": 1.3726832673398197,
  "shoulder_prominence": 0.17089586076326668,
  "hip_prominence": 0.09362075105309486
}