{
  "shoulder_hip_ratio": 1.7089498831674734,
  "waist_position": 0.5006159842014313,
  "torso_ratio": 1.151386083931991,
  "shoulder_prominence": 0.03937151428544894,
  "hip_prominence": 0.056992532685399055
}