{
  "shoulder_hip_ratio": 1.7609449144673706,
  "waist_position": 0.4982519894838333,
  "torso_ratio": 1.1837348457950883,
  "shoulder_prominence": 0.012153193354606628,
  "hip_prominence": 0.007967515150085092
}