{
  "shoulder_hip_ratio": 1.704761843786447,
  "waist_position": 0.5050989091396332,
  "torso_ratio": 1.2448027725757271,
  "shoulder_prominence": 0.07664578780531883,
  "hip_prominence": 0.04844118840992451
}