{
  "shoulder_hip_ratio": 1.7887799763686814,
  "waist_position": 0.5152378976345062,
  "torso_ratio": 1.083242193395934,
  "shoulder_prominence": 0.1330047808587551,
  "hip_prominence": 0.0794895812869072
}