{
  "shoulder_hip_ratio": 1.7765837010730487,
  "waist_position": 0.4490993916988373,
  "torso_ratio": 1.2903342155601984,
  "shoulder_prominence": 0.1792944073677063,
  "hip_prominence": 0.1089496947824955
}