{
  "shoulder_hip_ratio": 1.6806685611898113,
  "waist_position": 0.496104896068573,
  "torso_ratio": 1.2189436205610538,
  "shoulder_prominence": 0.029920728353317827,
  "hip_prominence": 0.003343165386468172
}