{
  "shoulder_hip_ratio": 1.6980193651379456,
  "waist_position": 0.4876439571380615,
  "torso_ratio": 1.2958326193157665,
  "shoulder_prominence": 0.2277786210179329,
  "hip_prominence": 0.09577004984021187
}