{
  "shoulder_hip_ratio": 1.714009886656596,
  "waist_position": 0.46475812792778015,
  "torso_ratio": 1.2792121447339646,
  "shoulder_prominence": 0.10904732346534729,
  "hip_prominence": 0.0641108825802803
}