{
  "shoulder_hip_ratio": 1.6393039433884287,
  "waist_position": 0.49177582561969757,
  "torso_ratio": 1.3271232274146427,
  "shoulder_prominence": 0.023020129650831223,
  "hip_prominence": 0.0032462822273373604
}