{
  "shoulder_hip_ratio": 1.8415577764553193,
  "waist_position": 0.5146656930446625,
  "torso_ratio": 1.275982956353659,
  "shoulder_prominence": 0.21824183501303196,
  "hip_prominence": 0.1364050805568695
}