{
  "shoulder_hip_ratio": 1.7880686877681318,
  "waist_position": 0.48857301473617554,
  "torso_ratio": 1.1311400336551232,
  "shoulder_prominence": 0.0013115433976054192,
  "hip_prominence": 0.020764436572790146
}