{
  "shoulder_hip_ratio": 1.8001512358646026,
  "waist_position": 0.43554528057575226,
  "torso_ratio": 1.1275053709534562,
  "shoulder_prominence": 0.06265080906450748,
  "hip_prominence": 0.03877267614006996
}