{
  "shoulder_hip_ratio": 1.7375160432948342,
  "waist_position": 0.5163716971874237,
  "torso_ratio": 1.088037086099415,
  "shoulder_prominence": 0.05781611241400242,
  "hip_prominence": 0.01163746789097786
}