{
  "shoulder_hip_ratio": 1.6885301714245482,
  "waist_position": 0.48638997972011566,
  "torso_ratio": 1.1398341931644187,
  "shoulder_prominence": 0.08753157407045364,
  "hip_prominence": 0.05527736246585846
}