{
  "shoulder_hip_ratio": 1.700302048822608,
  "waist_position": 0.5409573614597321,
  "torso_ratio": 1.1272507736440618,
  "shoulder_prominence": 0.04711959511041641,
  "hip_prominence": 0.04538002051413059
}