{
  "shoulder_hip_ratio": 1.7668303913033472,
  "waist_position": 0.4852258563041687,
  "torso_ratio": 1.229900997960608,
  "shoulder_prominence": 0.04388300608843565,
  "hip_prominence": 0.044051554054021835
}