{
  "shoulder_hip_ratio": 1.8452201298356146,
  "waist_position": 0.46769605576992035,
  "torso_ratio": 1.0870637919828652,
  "shoulder_prominence": 0.048027053475379944,
  "hip_prominence": 0.014440647326409817
}