{
  "shoulder_hip_ratio": 1.6642173129591233,
  "waist_position": 0.5726596713066101,
  "torso_ratio": 1.1786645460911416,
  "shoulder_prominence": 0.08993236720561981,
  "hip_prominence": 0.06203145906329155
}