{
  "shoulder_hip_ratio": 1.7520301856933655,
  "waist_position": 0.5013851821422577,
  "torso_ratio": 1.1247190065203216,
  "shoulder_prominence": 0.017937064170837402,
  "hip_prominence": 0.020594149827957153
}