{
  "shoulder_hip_ratio": 1.6397607067149595,
  "waist_position": 0.5550809800624847,
  "torso_ratio": 1.1641329983402047,
  "shoulder_prominence": 0.025780361145734787,
  "hip_prominence": 0.021158065646886826
}