{
  "shoulder_hip_ratio": 1.8333790248934727,
  "waist_position": 0.49189460277557373,
  "torso_ratio": 1.145737096850905,
  "shoulder_prominence": 0.024779781699180603,
  "hip_prominence": 0.02440067194402218
}