{
  "shoulder_hip_ratio": 1.7373880785898077,
  "waist_position": 0.4861624538898468,
  "torso_ratio": 1.128819402961975,
  "shoulder_prominence": 0.029830374754965305,
  "hip_prominence": 0.01677632611244917
}