{
  "shoulder_hip_ratio": 1.688640519644719,
  "waist_position": 0.4850325435400009,
  "torso_ratio": 1.1418906653944074,
  "shoulder_prominence": 0.09260927140712738,
  "hip_prominence": 0.05790971964597702
}