{
  "shoulder_hip_ratio": 1.6445724186723805,
  "waist_position": 0.49443528056144714,
  "torso_ratio": 1.204298296155987,
  "shoulder_prominence": 0.0018430054187774658,
  "hip_prominence": 0.0052035178523510695
}