{
  "shoulder_hip_ratio": 1.6157537499918209,
  "waist_position": 0.48554301261901855,
  "torso_ratio": 1.1647629961668502,
  "shoulder_prominence": 0.08702174574136734,
  "hip_prominence": 0.01511742826551199
}