{
  "shoulder_hip_ratio": 1.7076175574638761,
  "waist_position": 0.5015780478715897,
  "torso_ratio": 1.3563762597832099,
  "shoulder_prominence": 0.11632717028260231,
  "hip_prominence": 0.06334059685468674
}