{
  "shoulder_hip_ratio": 1.769354810619686,
  "waist_position": 0.5095507204532623,
  "torso_ratio": 1.1611996962488815,
  "shoulder_prominence": 0.034233301877975464,
  "hip_prominence": 0.03447745926678181
}