{
  "shoulder_hip_ratio": 1.8918569173458695,
  "waist_position": 0.5225611627101898,
  "torso_ratio": 1.136654080460839,
  "shoulder_prominence": 0.1268169805407524,
  "hip_prominence": 0.05630878545343876
}