{
  "shoulder_hip_ratio": 1.5885336376066113,
  "waist_position": 0.4829478859901428,
  "torso_ratio": 1.5214573808752032,
  "shoulder_prominence": 0.03105819970369339,
  "hip_prominence": 0.01994704082608223
}