{
  "shoulder_hip_ratio": 1.6536716121890485,
  "waist_position": 0.5162272602319717,
  "torso_ratio": 1.2101412012892585,
  "shoulder_prominence": 0.02652348205447197,
  "hip_prominence": 0.0115461815148592
}