{
  "shoulder_hip_ratio": 1.5851794486512758,
  "waist_position": 0.4632744640111923,
  "torso_ratio": 1.3688444792736716,
  "shoulder_prominence": 0.004561007022857666,
  "hip_prominence": 0.0008055275393417105
}