{
  "shoulder_hip_ratio": 1.823701571839889,
  "waist_position": 0.48710399866104126,
  "torso_ratio": 1.162598820407575,
  "shoulder_prominence": 0.009704232215881348,
  "hip_prominence": 0.01564802462235093
}