{
  "shoulder_hip_ratio": 1.627342286301995,
  "waist_position": 0.49436475336551666,
  "torso_ratio": 1.153064193402031,
  "shoulder_prominence": 0.12186939734965563,
  "hip_prominence": 0.06375756859779358
}