{
  "shoulder_hip_ratio": 1.9430699720857503,
  "waist_position": 0.4840652495622635,
  "torso_ratio": 1.1290845402896097,
  "shoulder_prominence": 0.048156291246414185,
  "hip_prominence": 0.013726073782891035
}