{
  "shoulder_hip_ratio": 1.699921389501272,
  "waist_position": 0.485428050160408,
  "torso_ratio": 1.2862581044404455,
  "shoulder_prominence": 0.11945115216076374,
  "hip_prominence": 0.081869937479496
}