{
  "shoulder_hip_ratio": 1.8591713387853355,
  "waist_position": 0.4689043015241623,
  "torso_ratio": 1.0680904182594648,
  "shoulder_prominence": 0.0588303804397583,
  "hip_prominence": 0.02415650151669979
}