{
  "shoulder_hip_ratio": 1.7116772941284257,
  "waist_position": 0.4869798570871353,
  "torso_ratio": 1.1851427443481237,
  "shoulder_prominence": 0.17301347851753235,
  "hip_prominence": 0.06075599789619446
}