{
  "shoulder_hip_ratio": 1.8073772985816985,
  "waist_position": 0.4723878651857376,
  "torso_ratio": 1.2138228078798883,
  "shoulder_prominence": 0.06547854887321591,
  "hip_prominence": 0.037167347967624664
}