{
  "shoulder_hip_ratio": 1.6271970327195926,
  "waist_position": 0.45822225511074066,
  "torso_ratio": 1.4048061566690442,
  "shoulder_prominence": 0.16110173612833023,
  "hip_prominence": 0.07362066954374313
}