{
  "shoulder_hip_ratio": 1.5774028509904012,
  "waist_position": 0.5053484290838242,
  "torso_ratio": 1.3110012130329987,
  "shoulder_prominence": 0.09559997171163559,
  "hip_prominence": 0.06606132909655571
}