{
  "shoulder_hip_ratio": 1.743974554509501,
  "waist_position": 0.48393242061138153,
  "torso_ratio": 1.2406496079178657,
  "shoulder_prominence": 0.033326417207717896,
  "hip_prominence": 0.043333625420928
}