{
  "shoulder_hip_ratio": 1.742513613751832,
  "waist_position": 0.49437353014945984,
  "torso_ratio": 1.2738932475021987,
  "shoulder_prominence": 0.0026167631149291992,
  "hip_prominence": 0.0038206513272598386
}