{
  "shoulder_hip_ratio": 1.7797716984060736,
  "waist_position": 0.4981008917093277,
  "torso_ratio": 1.1240262435032962,
  "shoulder_prominence": 0.07618673145771027,
  "hip_prominence": 0.031025754287838936
}