{
  "shoulder_hip_ratio": 1.7999980454992988,
  "waist_position": 0.4487064927816391,
  "torso_ratio": 1.2401553456816214,
  "shoulder_prominence": 0.062344908714294434,
  "hip_prominence": 0.06255634315311909
}