{
  "shoulder_hip_ratio": 1.524958858793939,
  "waist_position": 0.5003195255994797,
  "torso_ratio": 1.455372207146958,
  "shoulder_prominence": 0.03643772006034851,
  "hip_prominence": 0.003699403954669833
}