{
  "shoulder_hip_ratio": 1.5334695525581699,
  "waist_position": 0.5070508420467377,
  "torso_ratio": 1.3205520154866028,
  "shoulder_prominence": 0.11571782268583775,
  "hip_prominence": 0.014138743281364441
}