{
  "shoulder_hip_ratio": 1.8553474102566925,
  "waist_position": 0.47921235859394073,
  "torso_ratio": 1.3493477346609093,
  "shoulder_prominence": 0.3018139749765396,
  "hip_prominence": 0.2310652807354927
}