{
  "shoulder_hip_ratio": 1.4750586884782009,
  "waist_position": 0.4968067407608032,
  "torso_ratio": 1.3885398104282187,
  "shoulder_prominence": 0.055696532130241394,
  "hip_prominence": 0.006772491615265608
}