{
  "shoulder_hip_ratio": 1.966328353008617,
  "waist_position": 0.4662724584341049,
  "torso_ratio": 1.1683206737721115,
  "shoulder_prominence": 0.21131879091262817,
  "hip_prominence": 0.06558914482593536
}