{
  "shoulder_hip_ratio": 1.8149799357638674,
  "waist_position": 0.5292204767465591,
  "torso_ratio": 1.1963041413024869,
  "shoulder_prominence": 0.00984242558479309,
  "hip_prominence": 0.010602359659969807
}