{
  "shoulder_hip_ratio": 1.5179974991338874,
  "waist_position": 0.49753889441490173,
  "torso_ratio": 1.3848858180750017,
  "shoulder_prominence": 0.2301359921693802,
  "hip_prominence": 0.10781701654195786
}