{
  "shoulder_hip_ratio": 1.7502749470662167,
  "waist_position": 0.4754105508327484,
  "torso_ratio": 1.115719209028544,
  "shoulder_prominence": 0.12472141161561012,
  "hip_prominence": 0.031300547532737255
}