{
  "shoulder_hip_ratio": 1.7502133952755012,
  "waist_position": 0.5112904906272888,
  "torso_ratio": 1.193258232285348,
  "shoulder_prominence": 0.029633650789037347,
  "hip_prominence": 0.0341676902025938
}