{
  "shoulder_hip_ratio": 1.8003015508317892,
  "waist_position": 0.4724213629961014,
  "torso_ratio": 1.1370490428974565,
  "shoulder_prominence": 0.08811628073453903,
  "hip_prominence": 0.07348643243312836
}