{
  "shoulder_hip_ratio": 1.668204750593436,
  "waist_position": 0.5527239143848419,
  "torso_ratio": 1.3895311911637491,
  "shoulder_prominence": 0.1493009109981358,
  "hip_prominence": 0.07797574251890182
}