{
  "shoulder_hip_ratio": 1.7106958011484235,
  "waist_position": 0.50265733897686,
  "torso_ratio": 1.3681836990885186,
  "shoulder_prominence": 0.12063994631171227,
  "hip_prominence": 0.0630229003727436
}