{
  "shoulder_hip_ratio": 1.690928022594041,
  "waist_position": 0.4899410605430603,
  "torso_ratio": 1.2091380118424382,
  "shoulder_prominence": 0.11696933954954147,
  "hip_prominence": 0.05373253487050533
}