{
  "shoulder_hip_ratio": 1.6478402623957322,
  "waist_position": 0.484198197722435,
  "torso_ratio": 1.3249601166299432,
  "shoulder_prominence": 0.00357263907790184,
  "hip_prominence": 0.02965731918811798
}