{
  "shoulder_hip_ratio": 1.5981125697412166,
  "waist_position": 0.49562086164951324,
  "torso_ratio": 1.3514380514313875,
  "shoulder_prominence": 0.07377590239048004,
  "hip_prominence": 0.027983585372567177
}