{
  "shoulder_hip_ratio": 1.8156929136980302,
  "waist_position": 0.4792608767747879,
  "torso_ratio": 1.1529913372928347,
  "shoulder_prominence": 0.05291244573891163,
  "hip_prominence": 0.041825782507658005
}