{
  "shoulder_hip_ratio": 1.6629451195742242,
  "waist_position": 0.4953375458717346,
  "torso_ratio": 1.1754148054161413,
  "shoulder_prominence": 0.01503773033618927,
  "hip_prominence": 0.015323075000196695
}