{
  "shoulder_hip_ratio": 1.7690158911903908,
  "waist_position": 0.4777161329984665,
  "torso_ratio": 1.1794994683003597,
  "shoulder_prominence": 0.0009646564722061157,
  "hip_prominence": 0.03336404263973236
}