{
  "shoulder_hip_ratio": 1.6397492429859366,
  "waist_position": 0.5054011642932892,
  "torso_ratio": 1.2551218589261195,
  "shoulder_prominence": 0.009026013314723969,
  "hip_prominence": 0.0044168715830892324
}