{
  "shoulder_hip_ratio": 1.8472037705715645,
  "waist_position": 0.4817126840353012,
  "torso_ratio": 1.1460222798074016,
  "shoulder_prominence": 0.08984136022627354,
  "hip_prominence": 0.08641766384243965
}