{
  "shoulder_hip_ratio": 1.8339272292792965,
  "waist_position": 0.48064473271369934,
  "torso_ratio": 1.162753605167037,
  "shoulder_prominence": 0.025992393493652344,
  "hip_prominence": 0.01573298219591379
}