{
  "shoulder_hip_ratio": 1.6196355415338666,
  "waist_position": 0.48420317471027374,
  "torso_ratio": 1.2998214049391004,
  "shoulder_prominence": 0.022856518626213074,
  "hip_prominence": 0.04082846827805042
}