{
  "shoulder_hip_ratio": 1.641193961944176,
  "waist_position": 0.517571747303009,
  "torso_ratio": 1.3279736764908925,
  "shoulder_prominence": 0.2771056294441223,
  "hip_prominence": 0.1356259062886238
}