{
  "shoulder_hip_ratio": 1.81086051290984,
  "waist_position": 0.4482796788215637,
  "torso_ratio": 1.2756426875819715,
  "shoulder_prominence": 0.08971540397033095,
  "hip_prominence": 0.036313172429800034
}