{
  "shoulder_hip_ratio": 1.6317440424275123,
  "waist_position": 0.5181407630443573,
  "torso_ratio": 1.3259648503138435,
  "shoulder_prominence": 0.2832459434866905,
  "hip_prominence": 0.1401871293783188
}