{
  "shoulder_hip_ratio": 1.8281651436597406,
  "waist_position": 0.46884748339653015,
  "torso_ratio": 1.115522870572828,
  "shoulder_prominence": 0.055150583386421204,
  "hip_prominence": 0.009987302124500275
}