{
  "shoulder_hip_ratio": 1.6617675174162503,
  "waist_position": 0.5102627277374268,
  "torso_ratio": 1.3071203497037616,
  "shoulder_prominence": 0.06205642782151699,
  "hip_prominence": 0.0359825324267149
}