{
  "shoulder_hip_ratio": 1.6912362614245922,
  "waist_position": 0.5100742280483246,
  "torso_ratio": 1.2685269632796377,
  "shoulder_prominence": 0.01762692630290985,
  "hip_prominence": 0.013917943462729454
}