{
  "shoulder_hip_ratio": 1.7776242703110305,
  "waist_position": 0.47933080792427063,
  "torso_ratio": 1.243510285403943,
  "shoulder_prominence": 0.03331334888935089,
  "hip_prominence": 0.03354446217417717
}