{
  "shoulder_hip_ratio": 1.7993784897973242,
  "waist_position": 0.4811725616455078,
  "torso_ratio": 1.1134581399249524,
  "shoulder_prominence": 0.005721312016248703,
  "hip_prominence": 0.0030014890944585204
}