{
  "shoulder_hip_ratio": 1.8613148717604169,
  "waist_position": 0.4468512684106827,
  "torso_ratio": 1.0760974510267525,
  "shoulder_prominence": 0.004022091627120972,
  "hip_prominence": 0.044430991634726524
}