{
  "shoulder_hip_ratio": 1.5500511509846153,
  "waist_position": 0.4951767325401306,
  "torso_ratio": 1.3648339238037033,
  "shoulder_prominence": 0.15406903997063637,
  "hip_prominence": 0.10414530336856842
}