{
  "shoulder_hip_ratio": 1.7399550701416062,
  "waist_position": 0.4753352850675583,
  "torso_ratio": 1.1440401193507843,
  "shoulder_prominence": 0.07662521302700043,
  "hip_prominence": 0.024238474667072296
}