{
  "shoulder_hip_ratio": 1.7370373041674316,
  "waist_position": 0.4889000803232193,
  "torso_ratio": 1.1701219901196782,
  "shoulder_prominence": 0.10131905972957611,
  "hip_prominence": 0.044604428112506866
}