{
  "shoulder_hip_ratio": 1.6030360635243444,
  "waist_position": 0.4887853413820267,
  "torso_ratio": 1.2486510971210725,
  "shoulder_prominence": 0.05829217471182346,
  "hip_prominence": 0.021328918635845184
}