{
  "shoulder_hip_ratio": 1.7158423754998722,
  "waist_position": 0.513979434967041,
  "torso_ratio": 1.1504348568858542,
  "shoulder_prominence": 0.05407179147005081,
  "hip_prominence": 0.0432125274091959
}