{
  "shoulder_hip_ratio": 1.8356690946741039,
  "waist_position": 0.47755858302116394,
  "torso_ratio": 1.0041436552252982,
  "shoulder_prominence": 0.04562605917453766,
  "hip_prominence": 0.01247535040602088
}