{
  "shoulder_hip_ratio": 1.5504280972574074,
  "waist_position": 0.510076254606247,
  "torso_ratio": 1.3726164743586253,
  "shoulder_prominence": 0.1588563248515129,
  "hip_prominence": 0.08522826805710793
}