{
  "shoulder_hip_ratio": 1.769901755589815,
  "waist_position": 0.4712502807378769,
  "torso_ratio": 1.2827430378238858,
  "shoulder_prominence": 0.13031718879938126,
  "hip_prominence": 0.1072765663266182
}