{
  "shoulder_hip_ratio": 1.763433192238747,
  "waist_position": 0.4749547839164734,
  "torso_ratio": 1.1256826137584655,
  "shoulder_prominence": 0.03214014694094658,
  "hip_prominence": 0.00871875649318099
}