{
  "shoulder_hip_ratio": 1.844585139656337,
  "waist_position": 0.5287675857543945,
  "torso_ratio": 1.1840913137760096,
  "shoulder_prominence": 0.0064536407589912415,
  "hip_prominence": 0.0051725790835917
}