{
  "shoulder_hip_ratio": 1.7608812218969223,
  "waist_position": 0.4955274164676666,
  "torso_ratio": 1.1315110306154743,
  "shoulder_prominence": 0.07541819661855698,
  "hip_prominence": 0.027597665786743164
}