{
  "shoulder_hip_ratio": 1.6750881993551139,
  "waist_position": 0.4849957823753357,
  "torso_ratio": 1.2613232887312564,
  "shoulder_prominence": 0.03464586636982858,
  "hip_prominence": 0.019476206973195076
}