{
  "shoulder_hip_ratio": 1.7407112421454745,
  "waist_position": 0.451524093747139,
  "torso_ratio": 1.1136208258806273,
  "shoulder_prominence": 0.017886066809296608,
  "hip_prominence": 0.014828963205218315
}