{
  "shoulder_hip_ratio": 1.6246294332776607,
  "waist_position": 0.48528337478637695,
  "torso_ratio": 1.162128507092645,
  "shoulder_prominence": 0.0728251114487648,
  "hip_prominence": 0.005392442224547267
}