{
  "shoulder_hip_ratio": 1.6988602642184283,
  "waist_position": 0.5013401061296463,
  "torso_ratio": 1.327967125553406,
  "shoulder_prominence": 0.00789208710193634,
  "hip_prominence": 0.00011568673653528094
}