{
  "shoulder_hip_ratio": 1.719557532115211,
  "waist_position": 0.48953594267368317,
  "torso_ratio": 1.2754196441780092,
  "shoulder_prominence": 0.2500086575746536,
  "hip_prominence": 0.1802796572446823
}