{
  "shoulder_hip_ratio": 1.8612670593926308,
  "waist_position": 0.48788338899612427,
  "torso_ratio": 1.1593084129314064,
  "shoulder_prominence": 0.1126973107457161,
  "hip_prominence": 0.08148547261953354
}