{
  "shoulder_hip_ratio": 1.7889140492786375,
  "waist_position": 0.4628540128469467,
  "torso_ratio": 1.155821205381726,
  "shoulder_prominence": 0.09144246205687523,
  "hip_prominence": 0.047999681904911995
}