{
  "shoulder_hip_ratio": 1.6843728598239394,
  "waist_position": 0.4925897568464279,
  "torso_ratio": 1.257823130088235,
  "shoulder_prominence": 0.14916446432471275,
  "hip_prominence": 0.05388810485601425
}