{
  "shoulder_hip_ratio": 1.6953757806518033,
  "waist_position": 0.5136483907699585,
  "torso_ratio": 1.321682776899486,
  "shoulder_prominence": 0.05330184940248728,
  "hip_prominence": 0.014860545750707388
}