{
  "shoulder_hip_ratio": 1.7250938964906306,
  "waist_position": 0.4975959062576294,
  "torso_ratio": 1.1602696582569607,
  "shoulder_prominence": 0.04087260365486145,
  "hip_prominence": 0.0182240791618824
}