{
  "shoulder_hip_ratio": 1.7934154269922193,
  "waist_position": 0.48645955324172974,
  "torso_ratio": 1.210899838910916,
  "shoulder_prominence": 0.17779843509197235,
  "hip_prominence": 0.07167143002152443
}