{
  "shoulder_hip_ratio": 1.7310043022579935,
  "waist_position": 0.4973161667585373,
  "torso_ratio": 1.2500839002165642,
  "shoulder_prominence": 0.17432963103055954,
  "hip_prominence": 0.096285879611969
}