{
  "shoulder_hip_ratio": 1.703722831090285,
  "waist_position": 0.4946035295724869,
  "torso_ratio": 1.1266645059391356,
  "shoulder_prominence": 0.08305206149816513,
  "hip_prominence": 0.037100424990057945
}