{
  "shoulder_hip_ratio": 1.7414933326357143,
  "waist_position": 0.5145283043384552,
  "torso_ratio": 1.1353834212618439,
  "shoulder_prominence": 0.00259341299533844,
  "hip_prominence": 0.011010589078068733
}