{
  "shoulder_hip_ratio": 1.7577321106984225,
  "waist_position": 0.4997796267271042,
  "torso_ratio": 1.2185559530538557,
  "shoulder_prominence": 0.22710487619042397,
  "hip_prominence": 0.13236884027719498
}