{
  "shoulder_hip_ratio": 1.6851115507008059,
  "waist_position": 0.5003933906555176,
  "torso_ratio": 1.2569857872530155,
  "shoulder_prominence": 0.037497439654543996,
  "hip_prominence": 0.008885675575584173
}