{
  "shoulder_hip_ratio": 1.862455700104591,
  "waist_position": 0.4695453345775604,
  "torso_ratio": 1.1294629680240538,
  "shoulder_prominence": 0.06545860320329666,
  "hip_prominence": 0.04675900191068649
}