{
  "shoulder_hip_ratio": 1.7459023496201935,
  "waist_position": 0.494211807847023,
  "torso_ratio": 1.3247266070373622,
  "shoulder_prominence": 0.18529323488473892,
  "hip_prominence": 0.11856897547841072
}