{
  "shoulder_hip_ratio": 1.7286526648017873,
  "waist_position": 0.5322272479534149,
  "torso_ratio": 1.1337697097217114,
  "shoulder_prominence": 0.030943244695663452,
  "hip_prominence": 0.029075964353978634
}