{
  "shoulder_hip_ratio": 1.9268560996856685,
  "waist_position": 0.5247101783752441,
  "torso_ratio": 1.1335329071610183,
  "shoulder_prominence": 0.23948578909039497,
  "hip_prominence": 0.11127835884690285
}