{
  "shoulder_hip_ratio": 1.7906424149501543,
  "waist_position": 0.5111856162548065,
  "torso_ratio": 1.1567913413718096,
  "shoulder_prominence": 0.14068733295425773,
  "hip_prominence": 0.07773619517683983
}