{
  "shoulder_hip_ratio": 1.6266835912214777,
  "waist_position": 0.5044184327125549,
  "torso_ratio": 1.3057823606822714,
  "shoulder_prominence": 0.053888045251369476,
  "hip_prominence": 0.04733952321112156
}