{
  "shoulder_hip_ratio": 1.7290219485663274,
  "waist_position": 0.5382270514965057,
  "torso_ratio": 1.1024129572752308,
  "shoulder_prominence": 0.04337385296821594,
  "hip_prominence": 0.03089437261223793
}