{
  "shoulder_hip_ratio": 1.5212397171758416,
  "waist_position": 0.5033138990402222,
  "torso_ratio": 1.5359349979465569,
  "shoulder_prominence": 0.24699174030683935,
  "hip_prominence": 0.13907919824123383
}