{
  "shoulder_hip_ratio": 1.7652908802997764,
  "waist_position": 0.503808319568634,
  "torso_ratio": 1.1903698203710564,
  "shoulder_prominence": 0.15987501107156277,
  "hip_prominence": 0.11093452572822571
}