{
  "shoulder_hip_ratio": 1.8432246586828145,
  "waist_position": 0.4736873209476471,
  "torso_ratio": 1.138496473166564,
  "shoulder_prominence": 0.005792945623397827,
  "hip_prominence": 0.0318329893052578
}