{
  "shoulder_hip_ratio": 1.7168407310023635,
  "waist_position": 0.47469621896743774,
  "torso_ratio": 1.2724219557461607,
  "shoulder_prominence": 0.06756842136383057,
  "hip_prominence": 0.03929495811462402
}