{
  "shoulder_hip_ratio": 1.9333408565764252,
  "waist_position": 0.4549482613801956,
  "torso_ratio": 1.1141496366380994,
  "shoulder_prominence": 0.0910019762814045,
  "hip_prominence": 0.0813979022204876
}