{
  "shoulder_hip_ratio": 1.767926680769955,
  "waist_position": 0.4980095624923706,
  "torso_ratio": 1.1220988027602106,
  "shoulder_prominence": 0.028946474194526672,
  "hip_prominence": 0.008574821520596743
}