{
  "shoulder_hip_ratio": 1.765129911234419,
  "waist_position": 0.4430420398712158,
  "torso_ratio": 1.062260238323029,
  "shoulder_prominence": 0.031176581978797913,
  "hip_prominence": 0.012483093421906233
}