{
  "shoulder_hip_ratio": 1.7675448659263893,
  "waist_position": 0.521438717842102,
  "torso_ratio": 1.083871433385424,
  "shoulder_prominence": 0.11855516955256462,
  "hip_prominence": 0.05974281206727028
}