{
  "shoulder_hip_ratio": 1.9212744843588088,
  "waist_position": 0.5133006721735001,
  "torso_ratio": 1.1298144250550937,
  "shoulder_prominence": 0.2000369941815734,
  "hip_prominence": 0.09851302206516266
}