{
  "shoulder_hip_ratio": 1.8482513381676502,
  "waist_position": 0.5012231767177582,
  "torso_ratio": 1.1535288886471422,
  "shoulder_prominence": 0.16422811240772717,
  "hip_prominence": 0.06743763759732246
}