{
  "shoulder_hip_ratio": 1.6978595468433524,
  "waist_position": 0.49835868179798126,
  "torso_ratio": 1.2440376916249791,
  "shoulder_prominence": 0.06159339100122452,
  "hip_prominence": 0.042100727558135986
}