{
  "shoulder_hip_ratio": 1.6612052471135348,
  "waist_position": 0.5327148735523224,
  "torso_ratio": 1.1583219667854896,
  "shoulder_prominence": 0.03473302721977234,
  "hip_prominence": 0.04610005021095276
}