{
  "shoulder_hip_ratio": 1.8504847000121936,
  "waist_position": 0.4895065426826477,
  "torso_ratio": 1.2565868704485088,
  "shoulder_prominence": 0.33124564588069916,
  "hip_prominence": 0.2149600312113762
}