{
  "shoulder_hip_ratio": 1.6822578358322713,
  "waist_position": 0.43263816833496094,
  "torso_ratio": 1.3377134129271808,
  "shoulder_prominence": 0.18147366121411324,
  "hip_prominence": 0.12104720249772072
}