{
  "shoulder_hip_ratio": 1.704609317363494,
  "waist_position": 0.49861860275268555,
  "torso_ratio": 1.236337919675338,
  "shoulder_prominence": 0.06316771917045116,
  "hip_prominence": 0.0312569560483098
}