{
  "shoulder_hip_ratio": 1.7860724545148023,
  "waist_position": 0.5133826434612274,
  "torso_ratio": 1.1664602640835995,
  "shoulder_prominence": 0.054683612659573555,
  "hip_prominence": 0.0013131679443176836
}