{
  "shoulder_hip_ratio": 1.814498375524989,
  "waist_position": 0.4823179244995117,
  "torso_ratio": 1.2697086248681726,
  "shoulder_prominence": 0.19108452182263136,
  "hip_prominence": 0.13057499378919601
}