{
  "shoulder_hip_ratio": 1.6904022591774526,
  "waist_position": 0.5158775746822357,
  "torso_ratio": 1.1003065875878202,
  "shoulder_prominence": 0.04623824544250965,
  "hip_prominence": 0.005934162065386772
}