{
  "shoulder_hip_ratio": 1.6907999635711586,
  "waist_position": 0.4807211309671402,
  "torso_ratio": 1.0992221131705517,
  "shoulder_prominence": 0.0986381433904171,
  "hip_prominence": 0.057942673563957214
}