{
  "shoulder_hip_ratio": 1.8738070281476364,
  "waist_position": 0.5349292457103729,
  "torso_ratio": 1.2125617434102787,
  "shoulder_prominence": 0.0317605584859848,
  "hip_prominence": 0.0010413786803837866
}