{
  "shoulder_hip_ratio": 1.5933587241468998,
  "waist_position": 0.47428806126117706,
  "torso_ratio": 1.1992378550168699,
  "shoulder_prominence": 0.026094138622283936,
  "hip_prominence": 0.03761003352701664
}