{
  "shoulder_hip_ratio": 1.8844859300191206,
  "waist_position": 0.500332698225975,
  "torso_ratio": 1.14326279365951,
  "shoulder_prominence": 0.14600736275315285,
  "hip_prominence": 0.05729066953063011
}