{
  "shoulder_hip_ratio": 1.8016668646483287,
  "waist_position": 0.511925458908081,
  "torso_ratio": 1.1463503852044168,
  "shoulder_prominence": 0.06063371628988534,
  "hip_prominence": 0.0175467561930418
}