{
  "shoulder_hip_ratio": 1.750897644354185,
  "waist_position": 0.49695153534412384,
  "torso_ratio": 1.1533625914504686,
  "shoulder_prominence": 0.05000729858875275,
  "hip_prominence": 0.012170138768851757
}