{
  "shoulder_hip_ratio": 1.947409329735145,
  "waist_position": 0.4992627501487732,
  "torso_ratio": 1.1374793340008558,
  "shoulder_prominence": 0.013801369816064835,
  "hip_prominence": 0.020520920865237713
}