{
  "shoulder_hip_ratio": 1.6630002735580924,
  "waist_position": 0.47000162303447723,
  "torso_ratio": 1.2439261790793414,
  "shoulder_prominence": 0.026407064869999886,
  "hip_prominence": 0.031960420310497284
}