{
  "shoulder_hip_ratio": 1.7042888174511155,
  "waist_position": 0.4514206051826477,
  "torso_ratio": 1.1639608788939104,
  "shoulder_prominence": 0.01278996467590332,
  "hip_prominence": 0.04295004904270172
}