{
  "shoulder_hip_ratio": 1.7460500399877967,
  "waist_position": 0.4666425883769989,
  "torso_ratio": 1.1283818777180803,
  "shoulder_prominence": 0.002462519332766533,
  "hip_prominence": 0.02134415041655302
}