{
  "shoulder_hip_ratio": 1.7677766363727117,
  "waist_position": 0.48917582631111145,
  "torso_ratio": 1.2130568240692463,
  "shoulder_prominence": 0.04091508686542511,
  "hip_prominence": 0.04069039970636368
}