{
  "shoulder_hip_ratio": 1.8724153891190969,
  "waist_position": 0.47571368515491486,
  "torso_ratio": 1.1156483467487586,
  "shoulder_prominence": 0.05757416784763336,
  "hip_prominence": 0.03039626684039831
}