{
  "shoulder_hip_ratio": 1.7855479888418309,
  "waist_position": 0.5176597535610199,
  "torso_ratio": 1.1519409654920225,
  "shoulder_prominence": 0.011327601969242096,
  "hip_prominence": 0.019516522996127605
}