{
  "shoulder_hip_ratio": 1.865944724153456,
  "waist_position": 0.4804677814245224,
  "torso_ratio": 1.1457314930520892,
  "shoulder_prominence": 0.05329187214374542,
  "hip_prominence": 0.012498864438384771
}