{
  "shoulder_hip_ratio": 1.6372874829272612,
  "waist_position": 0.46373140811920166,
  "torso_ratio": 1.2666894422083104,
  "shoulder_prominence": 0.08417941257357597,
  "hip_prominence": 0.05537245236337185
}