{
  "shoulder_hip_ratio": 1.7312750901116105,
  "waist_position": 0.5169114470481873,
  "torso_ratio": 1.1228347028366055,
  "shoulder_prominence": 0.001890614628791809,
  "hip_prominence": 0.03979175165295601
}