{
  "shoulder_hip_ratio": 1.7301917240169948,
  "waist_position": 0.4890434443950653,
  "torso_ratio": 1.1681290921543812,
  "shoulder_prominence": 0.08607230708003044,
  "hip_prominence": 0.034857919439673424
}