{
  "shoulder_hip_ratio": 1.6661714286186444,
  "waist_position": 0.4904889464378357,
  "torso_ratio": 1.2971414496124751,
  "shoulder_prominence": 0.07057534903287888,
  "hip_prominence": 0.036082472652196884
}