{
  "shoulder_hip_ratio": 1.614241863698595,
  "waist_position": 0.4683895856142044,
  "torso_ratio": 1.1650784899930604,
  "shoulder_prominence": 0.04595077037811279,
  "hip_prominence": 0.025661728344857693
}