{
  "shoulder_hip_ratio": 1.915547072402197,
  "waist_position": 0.513726681470871,
  "torso_ratio": 1.1365464142290165,
  "shoulder_prominence": 0.13355810940265656,
  "hip_prominence": 0.12729188054800034
}