{
  "shoulder_hip_ratio": 1.7840109293390491,
  "waist_position": 0.4758543372154236,
  "torso_ratio": 1.0896518064596612,
  "shoulder_prominence": 0.005054503679275513,
  "hip_prominence": 0.012358281295746565
}