{
  "shoulder_hip_ratio": 1.5220056606551957,
  "waist_position": 0.4995904117822647,
  "torso_ratio": 1.2971450913508318,
  "shoulder_prominence": 0.11055686324834824,
  "hip_prominence": 0.021509768441319466
}