{
  "shoulder_hip_ratio": 1.9205492940811,
  "waist_position": 0.5193493366241455,
  "torso_ratio": 1.189101904414882,
  "shoulder_prominence": 0.11056922562420368,
  "hip_prominence": 0.009624317288398743
}