{
  "shoulder_hip_ratio": 1.729707914109309,
  "waist_position": 0.4735592156648636,
  "torso_ratio": 1.2201218587146712,
  "shoulder_prominence": 0.011206008493900299,
  "hip_prominence": 0.028637763112783432
}