{
  "shoulder_hip_ratio": 1.6699924904503838,
  "waist_position": 0.4732522964477539,
  "torso_ratio": 1.2034327186873097,
  "shoulder_prominence": 0.0603964701294899,
  "hip_prominence": 0.04090089723467827
}