{
  "shoulder_hip_ratio": 1.6827939969923889,
  "waist_position": 0.5069136619567871,
  "torso_ratio": 1.311413494640094,
  "shoulder_prominence": 0.07671074941754341,
  "hip_prominence": 0.013567117974162102
}