{
  "shoulder_hip_ratio": 1.6984538584973738,
  "waist_position": 0.5131251513957977,
  "torso_ratio": 1.1862340590136273,
  "shoulder_prominence": 0.004219451289827703,
  "hip_prominence": 0.028022823855280876
}