{
  "shoulder_hip_ratio": 2.0235430551184903,
  "waist_position": 0.4659106284379959,
  "torso_ratio": 1.141223830655019,
  "shoulder_prominence": 0.18778102099895477,
  "hip_prominence": 0.050357723608613014
}