{
  "shoulder_hip_ratio": 1.6557892041012994,
  "waist_position": 0.49153873324394226,
  "torso_ratio": 1.1792701850447678,
  "shoulder_prominence": 0.05548422411084175,
  "hip_prominence": 0.017564457841217518
}