{
  "shoulder_hip_ratio": 1.7199939610820105,
  "waist_position": 0.4628758728504181,
  "torso_ratio": 1.2766108536631695,
  "shoulder_prominence": 0.24436946585774422,
  "hip_prominence": 0.11417010053992271
}