{
  "shoulder_hip_ratio": 1.7866985460438498,
  "waist_position": 0.482048436999321,
  "torso_ratio": 1.196450899517541,
  "shoulder_prominence": 0.007182195782661438,
  "hip_prominence": 0.030376244336366653
}