{
  "shoulder_hip_ratio": 1.6683021588592344,
  "waist_position": 0.47079625725746155,
  "torso_ratio": 1.291799824566613,
  "shoulder_prominence": 0.043063447752501816,
  "hip_prominence": 0.031062304973602295
}