{
  "shoulder_hip_ratio": 1.6235268575845527,
  "waist_position": 0.500206246972084,
  "torso_ratio": 1.2350977416923812,
  "shoulder_prominence": 0.10293497680686414,
  "hip_prominence": 0.06241730414330959
}