{
  "shoulder_hip_ratio": 1.7428738545632347,
  "waist_position": 0.47600050270557404,
  "torso_ratio": 1.2058846082719061,
  "shoulder_prominence": 0.04534432291984558,
  "hip_prominence": 0.0024084748583845794
}