{
  "shoulder_hip_ratio": 1.6845532515659944,
  "waist_position": 0.4845029413700104,
  "torso_ratio": 1.2563944339549575,
  "shoulder_prominence": 5.826354026794434e-06,
  "hip_prominence": 0.027770509012043476
}