{
  "shoulder_hip_ratio": 1.8910301392516273,
  "waist_position": 0.45487967133522034,
  "torso_ratio": 1.2788041083019206,
  "shoulder_prominence": 0.09627706045284867,
  "hip_prominence": 0.04713304154574871
}