{
  "shoulder_hip_ratio": 1.7741908864560134,
  "waist_position": 0.4877522587776184,
  "torso_ratio": 1.137151621534626,
  "shoulder_prominence": 0.0005828291177749634,
  "hip_prominence": 0.016373028978705406
}