{
  "shoulder_hip_ratio": 1.7456929854617174,
  "waist_position": 0.47726669907569885,
  "torso_ratio": 1.2013204942421967,
  "shoulder_prominence": 0.04685784876346588,
  "hip_prominence": 0.0006562499620486051
}