{
  "shoulder_hip_ratio": 1.7287763232155295,
  "waist_position": 0.5159378200769424,
  "torso_ratio": 1.1699104474649165,
  "shoulder_prominence": 0.007399704307317734,
  "hip_prominence": 0.010597786866128445
}