{
  "shoulder_hip_ratio": 1.6136345947987365,
  "waist_position": 0.5124947428703308,
  "torso_ratio": 1.235505597457402,
  "shoulder_prominence": 0.14467591047286987,
  "hip_prominence": 0.07870138809084892
}