{
  "shoulder_hip_ratio": 2.011881289121213,
  "waist_position": 0.48589155077934265,
  "torso_ratio": 1.1861912768451481,
  "shoulder_prominence": 0.2372070513665676,
  "hip_prominence": 0.09853535518050194
}