{
  "shoulder_hip_ratio": 1.627612588222259,
  "waist_position": 0.48757442831993103,
  "torso_ratio": 1.3691452026132656,
  "shoulder_prominence": 0.23240152932703495,
  "hip_prominence": 0.13232211768627167
}