{
  "shoulder_hip_ratio": 1.6563361673324133,
  "waist_position": 0.4699696749448776,
  "torso_ratio": 1.1438964777525757,
  "shoulder_prominence": 0.050767604261636734,
  "hip_prominence": 0.029601039364933968
}