{
  "shoulder_hip_ratio": 1.7229633128514843,
  "waist_position": 0.48164673149585724,
  "torso_ratio": 1.2004575493660832,
  "shoulder_prominence": 0.04451807588338852,
  "hip_prominence": 0.0565889198333025
}