{
  "shoulder_hip_ratio": 1.8244318118290666,
  "waist_position": 0.5088025331497192,
  "torso_ratio": 1.121064591530948,
  "shoulder_prominence": 0.009517952799797058,
  "hip_prominence": 0.007273767609149218
}