{
  "shoulder_hip_ratio": 1.9266039282912968,
  "waist_position": 0.5204642117023468,
  "torso_ratio": 1.025389606629766,
  "shoulder_prominence": 0.051082149147987366,
  "hip_prominence": 0.03269004449248314
}