{
  "shoulder_hip_ratio": 1.8541878773664873,
  "waist_position": 0.4725297689437866,
  "torso_ratio": 1.148379053899907,
  "shoulder_prominence": 0.033494106493890285,
  "hip_prominence": 0.02134012710303068
}