{
  "shoulder_hip_ratio": 1.7030118936149012,
  "waist_position": 0.4762067198753357,
  "torso_ratio": 1.2862129497136416,
  "shoulder_prominence": 0.042809764854609966,
  "hip_prominence": 0.014610178768634796
}