{
  "shoulder_hip_ratio": 1.6799472774336015,
  "waist_position": 0.49102891981601715,
  "torso_ratio": 1.1833208667843902,
  "shoulder_prominence": 0.007121141999959946,
  "hip_prominence": 0.018168398179113865
}