{
  "shoulder_hip_ratio": 1.754885432695872,
  "waist_position": 0.5269332677125931,
  "torso_ratio": 1.2235971783227495,
  "shoulder_prominence": 0.040588583797216415,
  "hip_prominence": 0.039536990225315094
}