{
  "shoulder_hip_ratio": 1.7837703407755539,
  "waist_position": 0.5054987668991089,
  "torso_ratio": 1.1196227496501543,
  "shoulder_prominence": 0.18889031559228897,
  "hip_prominence": 0.08480674028396606
}