{
  "shoulder_hip_ratio": 1.6838049453724029,
  "waist_position": 0.497305765748024,
  "torso_ratio": 1.1350596048353074,
  "shoulder_prominence": 0.025840792804956436,
  "hip_prominence": 0.01200887281447649
}