{
  "shoulder_hip_ratio": 1.6689141187758822,
  "waist_position": 0.52677783370018,
  "torso_ratio": 1.308588803546404,
  "shoulder_prominence": 0.018674954771995544,
  "hip_prominence": 0.0165037140250206
}