{
  "shoulder_hip_ratio": 1.752084092168766,
  "waist_position": 0.5063692331314087,
  "torso_ratio": 1.1399022795880747,
  "shoulder_prominence": 0.017905570566654205,
  "hip_prominence": 0.006498730042949319
}