{
  "shoulder_hip_ratio": 1.8358740945404775,
  "waist_position": 0.5013217031955719,
  "torso_ratio": 1.1578107976669811,
  "shoulder_prominence": 0.03154553472995758,
  "hip_prominence": 0.001346471719443798
}