{
  "shoulder_hip_ratio": 1.7839055404120063,
  "waist_position": 0.5370389372110367,
  "torso_ratio": 1.1471861008047881,
  "shoulder_prominence": 0.20210320502519608,
  "hip_prominence": 0.10273837298154831
}