{
  "shoulder_hip_ratio": 1.7201358602588028,
  "waist_position": 0.49159350991249084,
  "torso_ratio": 1.1977864426983402,
  "shoulder_prominence": 0.06053399574011564,
  "hip_prominence": 0.024799845181405544
}