{
  "shoulder_hip_ratio": 1.6516964480214549,
  "waist_position": 0.5121443569660187,
  "torso_ratio": 1.2445125123716807,
  "shoulder_prominence": 0.03191320225596428,
  "hip_prominence": 0.022990642115473747
}