{
  "shoulder_hip_ratio": 1.6629417460915885,
  "waist_position": 0.47807231545448303,
  "torso_ratio": 1.219848397367926,
  "shoulder_prominence": 0.10127053037285805,
  "hip_prominence": 0.05440916679799557
}