{
  "shoulder_hip_ratio": 1.934249488942497,
  "waist_position": 0.5123569369316101,
  "torso_ratio": 1.1336272972307089,
  "shoulder_prominence": 0.1365714892745018,
  "hip_prominence": 0.12571045756340027
}