{
  "shoulder_hip_ratio": 1.697443528284979,
  "waist_position": 0.4611017107963562,
  "torso_ratio": 1.2211862249427015,
  "shoulder_prominence": 0.004971049260348082,
  "hip_prominence": 0.000789550002082251
}