{
  "shoulder_hip_ratio": 1.671202733815309,
  "waist_position": 0.5148206651210785,
  "torso_ratio": 1.2105871310084724,
  "shoulder_prominence": 0.09324429742991924,
  "hip_prominence": 0.06797157600522041
}