{
  "shoulder_hip_ratio": 1.6418710188198034,
  "waist_position": 0.4502777010202408,
  "torso_ratio": 1.1665323347664154,
  "shoulder_prominence": 0.02862238883972168,
  "hip_prominence": 0.048142557963728905
}