{
  "shoulder_hip_ratio": 1.7002442392254826,
  "waist_position": 0.5058445632457733,
  "torso_ratio": 1.1854017666343009,
  "shoulder_prominence": 0.0587412565946579,
  "hip_prominence": 0.022692589089274406
}