{
  "shoulder_hip_ratio": 1.6573509424955655,
  "waist_position": 0.4924714118242264,
  "torso_ratio": 1.2601438950665562,
  "shoulder_prominence": 0.025957539677619934,
  "hip_prominence": 0.022035010159015656
}