{
  "shoulder_hip_ratio": 1.7877156826055012,
  "waist_position": 0.5279398262500763,
  "torso_ratio": 1.118286094963096,
  "shoulder_prominence": 0.05539964884519577,
  "hip_prominence": 0.04773695021867752
}