{
  "shoulder_hip_ratio": 1.7574846219994855,
  "waist_position": 0.47642096877098083,
  "torso_ratio": 1.1266042634781621,
  "shoulder_prominence": 0.08712787181138992,
  "hip_prominence": 0.05632579326629639
}