{
  "shoulder_hip_ratio": 1.7970411761786425,
  "waist_position": 0.5142791569232941,
  "torso_ratio": 1.174266752512127,
  "shoulder_prominence": 0.06069454364478588,
  "hip_prominence": 9.285871055908501e-05
}