{
  "shoulder_hip_ratio": 1.7479977862229885,
  "waist_position": 0.49384142458438873,
  "torso_ratio": 1.3124015946732426,
  "shoulder_prominence": 0.17818697169423103,
  "hip_prominence": 0.11392588168382645
}