{
  "shoulder_hip_ratio": 1.83880257163436,
  "waist_position": 0.5120666027069092,
  "torso_ratio": 1.1565530585167203,
  "shoulder_prominence": 0.04538010060787201,
  "hip_prominence": 0.0012790167820639908
}