{
  "shoulder_hip_ratio": 1.7231581005059218,
  "waist_position": 0.492287740111351,
  "torso_ratio": 1.1974236006549692,
  "shoulder_prominence": 0.05470035597681999,
  "hip_prominence": 0.021613833494484425
}