{
  "shoulder_hip_ratio": 1.70808455079777,
  "waist_position": 0.4943789690732956,
  "torso_ratio": 1.125829196788489,
  "shoulder_prominence": 0.07984860241413116,
  "hip_prominence": 0.03455917164683342
}