{
  "shoulder_hip_ratio": 1.6824706935994718,
  "waist_position": 0.49762603640556335,
  "torso_ratio": 1.2323126886354772,
  "shoulder_prominence": 0.02426723693497479,
  "hip_prominence": 0.0005530031630769372
}