{
  "shoulder_hip_ratio": 1.8121429937854794,
  "waist_position": 0.4993169605731964,
  "torso_ratio": 1.1641635638684913,
  "shoulder_prominence": 0.1517801135778427,
  "hip_prominence": 0.06567277386784554
}