{
  "shoulder_hip_ratio": 1.6058385577044403,
  "waist_position": 0.4646133780479431,
  "torso_ratio": 1.3715132780357617,
  "shoulder_prominence": 0.0259186252951622,
  "hip_prominence": 0.006848331540822983
}