{
  "shoulder_hip_ratio": 1.7450711861533357,
  "waist_position": 0.4502875357866287,
  "torso_ratio": 1.1063043500071594,
  "shoulder_prominence": 0.008287876844406128,
  "hip_prominence": 0.02685934118926525
}