{
  "shoulder_hip_ratio": 1.7763782584130163,
  "waist_position": 0.4738832265138626,
  "torso_ratio": 1.1241541671806057,
  "shoulder_prominence": 0.03479461744427681,
  "hip_prominence": 0.006487967446446419
}