{
  "shoulder_hip_ratio": 1.7743872370485805,
  "waist_position": 0.5096824169158936,
  "torso_ratio": 1.1992674869628315,
  "shoulder_prominence": 0.00110689114080742,
  "hip_prominence": 0.0003079051330132643
}