{
  "shoulder_hip_ratio": 1.5932083939322201,
  "waist_position": 0.49421077966690063,
  "torso_ratio": 1.3461942161756195,
  "shoulder_prominence": 0.07342835515737534,
  "hip_prominence": 0.030441702343523502
}