{
  "shoulder_hip_ratio": 1.6651168586324707,
  "waist_position": 0.48460930585861206,
  "torso_ratio": 1.2675295873729049,
  "shoulder_prominence": 0.029054843820631504,
  "hip_prominence": 0.013898222707211971
}