{
  "shoulder_hip_ratio": 1.5998301877385286,
  "waist_position": 0.5013469755649567,
  "torso_ratio": 1.3259695411548498,
  "shoulder_prominence": 0.21368872001767159,
  "hip_prominence": 0.09734582155942917
}