{
  "shoulder_hip_ratio": 1.6393667377838865,
  "waist_position": 0.5109805762767792,
  "torso_ratio": 1.2840408075852936,
  "shoulder_prominence": 0.1614438146352768,
  "hip_prominence": 0.057051967829465866
}