{
  "shoulder_hip_ratio": 1.5759401065857868,
  "waist_position": 0.5064294040203094,
  "torso_ratio": 1.3273600127372047,
  "shoulder_prominence": 0.10516735166311264,
  "hip_prominence": 0.07151785492897034
}