{
  "shoulder_hip_ratio": 1.785342152973731,
  "waist_position": 0.5485922992229462,
  "torso_ratio": 1.2108982292088588,
  "shoulder_prominence": 0.22038617730140686,
  "hip_prominence": 0.1440323442220688
}