{
  "shoulder_hip_ratio": 1.7454417284329757,
  "waist_position": 0.4968652129173279,
  "torso_ratio": 1.158589986612354,
  "shoulder_prominence": 0.01886184746399522,
  "hip_prominence": 0.029792925342917442
}