{
  "shoulder_hip_ratio": 1.6422545308209855,
  "waist_position": 0.5074676871299744,
  "torso_ratio": 1.148910696469268,
  "shoulder_prominence": 0.01215325202792883,
  "hip_prominence": 0.014073661994189024
}