{
  "shoulder_hip_ratio": 1.6181279716551278,
  "waist_position": 0.4700171798467636,
  "torso_ratio": 1.1885567814112605,
  "shoulder_prominence": 0.008204713463783264,
  "hip_prominence": 0.007227154215797782
}