{
  "shoulder_hip_ratio": 1.622554916365535,
  "waist_position": 0.48613372445106506,
  "torso_ratio": 1.3666285774042286,
  "shoulder_prominence": 0.22853412106633186,
  "hip_prominence": 0.12855816632509232
}