{
  "shoulder_hip_ratio": 1.849215664058637,
  "waist_position": 0.4722491651773453,
  "torso_ratio": 1.0923154079517856,
  "shoulder_prominence": 0.043806612491607666,
  "hip_prominence": 0.047385018318891525
}