{
  "shoulder_hip_ratio": 1.8456640673789706,
  "waist_position": 0.5193564295768738,
  "torso_ratio": 1.065091305920029,
  "shoulder_prominence": 0.07344192266464233,
  "hip_prominence": 0.03877227008342743
}