{
  "shoulder_hip_ratio": 1.8650757997817884,
  "waist_position": 0.5492449700832367,
  "torso_ratio": 1.0805175724964113,
  "shoulder_prominence": 0.015784353017807007,
  "hip_prominence": 0.04884558543562889
}