{
  "shoulder_hip_ratio": 1.6613326721943558,
  "waist_position": 0.5106376707553864,
  "torso_ratio": 1.3411680471827216,
  "shoulder_prominence": 0.01783479005098343,
  "hip_prominence": 0.003449439536780119
}