{
  "shoulder_hip_ratio": 1.6556621851957416,
  "waist_position": 0.5333761274814606,
  "torso_ratio": 1.123622888731027,
  "shoulder_prominence": 0.03388562798500061,
  "hip_prominence": 0.027390570379793644
}