{
  "shoulder_hip_ratio": 1.6811356026818765,
  "waist_position": 0.48037460446357727,
  "torso_ratio": 1.2224903859849643,
  "shoulder_prominence": 0.1639784649014473,
  "hip_prominence": 0.1194852739572525
}