{
  "shoulder_hip_ratio": 1.7894478437311514,
  "waist_position": 0.5075095891952515,
  "torso_ratio": 1.1789660961312882,
  "shoulder_prominence": 0.09519489109516144,
  "hip_prominence": 0.03218085132539272
}