{
  "shoulder_hip_ratio": 1.7013050566338022,
  "waist_position": 0.5070058405399323,
  "torso_ratio": 1.2190440884670593,
  "shoulder_prominence": 0.16364747006446123,
  "hip_prominence": 0.058600302785634995
}