{
  "shoulder_hip_ratio": 1.671711146829235,
  "waist_position": 0.4826523959636688,
  "torso_ratio": 1.2712495973332263,
  "shoulder_prominence": 0.018234606832265854,
  "hip_prominence": 0.006590872537344694
}