{
  "shoulder_hip_ratio": 1.7250987758937768,
  "waist_position": 0.49053750932216644,
  "torso_ratio": 1.1030317897197683,
  "shoulder_prominence": 0.046657294034957886,
  "hip_prominence": 0.0658574104309082
}