{
  "shoulder_hip_ratio": 1.7022069185155697,
  "waist_position": 0.521216630935669,
  "torso_ratio": 1.2211886706950774,
  "shoulder_prominence": 0.07461616024374962,
  "hip_prominence": 0.04855610616505146
}