{
  "shoulder_hip_ratio": 1.6040087898170763,
  "waist_position": 0.5035595297813416,
  "torso_ratio": 1.1496012185644071,
  "shoulder_prominence": 0.19664037600159645,
  "hip_prominence": 0.12002461776137352
}