{
  "shoulder_hip_ratio": 1.7665842988959495,
  "waist_position": 0.501650407910347,
  "torso_ratio": 1.12538535055798,
  "shoulder_prominence": 0.013748407363891602,
  "hip_prominence": 0.02314868103712797
}