{
  "shoulder_hip_ratio": 1.6571060450275263,
  "waist_position": 0.5026072859764099,
  "torso_ratio": 1.2218174762275618,
  "shoulder_prominence": 0.0906071625649929,
  "hip_prominence": 0.02821260131895542
}