{
  "shoulder_hip_ratio": 1.752049458234354,
  "waist_position": 0.48405537009239197,
  "torso_ratio": 1.2575470519016256,
  "shoulder_prominence": 0.14296908304095268,
  "hip_prominence": 0.09015429392457008
}