{
  "shoulder_hip_ratio": 1.4883158864818247,
  "waist_position": 0.4960835576057434,
  "torso_ratio": 1.6090220394073111,
  "shoulder_prominence": 0.25730860605835915,
  "hip_prominence": 0.15213488787412643
}