{
  "shoulder_hip_ratio": 1.7072919021702424,
  "waist_position": 0.48799729347229004,
  "torso_ratio": 1.1033685784688718,
  "shoulder_prominence": 0.07574642822146416,
  "hip_prominence": 0.03362192213535309
}