{
  "shoulder_hip_ratio": 1.710391730320541,
  "waist_position": 0.4612624943256378,
  "torso_ratio": 1.195551645614267,
  "shoulder_prominence": 0.06981566548347473,
  "hip_prominence": 0.03725009970366955
}