{
  "shoulder_hip_ratio": 1.9022862070717554,
  "waist_position": 0.5187146365642548,
  "torso_ratio": 1.2209876362639824,
  "shoulder_prominence": 0.18215828761458397,
  "hip_prominence": 0.09563727676868439
}