{
  "shoulder_hip_ratio": 1.736817014932959,
  "waist_position": 0.481934517621994,
  "torso_ratio": 1.2123301130121211,
  "shoulder_prominence": 0.030203141272068024,
  "hip_prominence": 0.04613941349089146
}