{
  "shoulder_hip_ratio": 1.5964663380690602,
  "waist_position": 0.4540760964155197,
  "torso_ratio": 1.3493988593813988,
  "shoulder_prominence": 0.41351527720689774,
  "hip_prominence": 0.22549301385879517
}