{
  "shoulder_hip_ratio": 1.842660052182436,
  "waist_position": 0.442305788397789,
  "torso_ratio": 1.10191906182643,
  "shoulder_prominence": 0.07054582238197327,
  "hip_prominence": 0.033226821571588516
}