{
  "shoulder_hip_ratio": 1.7448452304745847,
  "waist_position": 0.5116167664527893,
  "torso_ratio": 1.2119274426032032,
  "shoulder_prominence": 0.05841679871082306,
  "hip_prominence": 0.028256773948669434
}