{
  "shoulder_hip_ratio": 1.7001798548118814,
  "waist_position": 0.4651266783475876,
  "torso_ratio": 1.1838899384358563,
  "shoulder_prominence": 0.016588136553764343,
  "hip_prominence": 0.010532037820667028
}