{
  "shoulder_hip_ratio": 1.6168607760621156,
  "waist_position": 0.4889782965183258,
  "torso_ratio": 1.3997828876080658,
  "shoulder_prominence": 0.23547648638486862,
  "hip_prominence": 0.1298929527401924
}