{
  "shoulder_hip_ratio": 1.6471471693289161,
  "waist_position": 0.5195471942424774,
  "torso_ratio": 1.3063035990381573,
  "shoulder_prominence": 0.08102964516729116,
  "hip_prominence": 0.03270099125802517
}