{
  "shoulder_hip_ratio": 1.7359623430329352,
  "waist_position": 0.4935915321111679,
  "torso_ratio": 1.1495290620306529,
  "shoulder_prominence": 0.012377038598060608,
  "hip_prominence": 0.016307114623486996
}