{
  "shoulder_hip_ratio": 1.7667452440139584,
  "waist_position": 0.4860573559999466,
  "torso_ratio": 1.1901363965265808,
  "shoulder_prominence": 0.009502306580543518,
  "hip_prominence": 0.0534436646848917
}