{
  "shoulder_hip_ratio": 1.6727742365484541,
  "waist_position": 0.478477880358696,
  "torso_ratio": 1.0980363193067189,
  "shoulder_prominence": 0.11439797841012478,
  "hip_prominence": 0.07156815379858017
}