{
  "shoulder_hip_ratio": 1.6362161797754085,
  "waist_position": 0.4823026657104492,
  "torso_ratio": 1.2815891027639181,
  "shoulder_prominence": 0.08805569261312485,
  "hip_prominence": 0.04807770811021328
}