{
  "shoulder_hip_ratio": 1.8079959186006902,
  "waist_position": 0.5224999487400055,
  "torso_ratio": 1.0766948631257875,
  "shoulder_prominence": 0.0498046800494194,
  "hip_prominence": 0.041355205699801445
}