{
  "shoulder_hip_ratio": 1.7564185849854417,
  "waist_position": 0.5269273221492767,
  "torso_ratio": 1.0423908556117647,
  "shoulder_prominence": 0.028635622700676322,
  "hip_prominence": 0.02652917057275772
}