{
  "shoulder_hip_ratio": 1.7914872500035295,
  "waist_position": 0.5116808712482452,
  "torso_ratio": 1.2142714329982094,
  "shoulder_prominence": 0.17684753239154816,
  "hip_prominence": 0.10678111761808395
}