{
  "shoulder_hip_ratio": 1.8668997243095076,
  "waist_position": 0.476699560880661,
  "torso_ratio": 1.0362856516920134,
  "shoulder_prominence": 0.12393652275204659,
  "hip_prominence": 0.06770802661776543
}