{
  "shoulder_hip_ratio": 1.6899150848885225,
  "waist_position": 0.48110638558864594,
  "torso_ratio": 1.1127923398509418,
  "shoulder_prominence": 0.09287792444229126,
  "hip_prominence": 0.0561642125248909
}