{
  "shoulder_hip_ratio": 1.8157160457859467,
  "waist_position": 0.522325336933136,
  "torso_ratio": 1.0867025227441405,
  "shoulder_prominence": 0.00454133003950119,
  "hip_prominence": 0.001401490590069443
}