{
  "shoulder_hip_ratio": 1.7986392452260682,
  "waist_position": 0.5067764222621918,
  "torso_ratio": 1.1214857473021118,
  "shoulder_prominence": 0.19019244611263275,
  "hip_prominence": 0.08763476461172104
}