{
  "shoulder_hip_ratio": 1.9118243184086194,
  "waist_position": 0.46337853372097015,
  "torso_ratio": 1.131116816330736,
  "shoulder_prominence": 0.025204671430401504,
  "hip_prominence": 0.05253361724317074
}