{
  "shoulder_hip_ratio": 1.7669831044171311,
  "waist_position": 0.5118487477302551,
  "torso_ratio": 1.1944565026825327,
  "shoulder_prominence": 0.013590890914201736,
  "hip_prominence": 0.04108671844005585
}