{
  "shoulder_hip_ratio": 1.7988065690754023,
  "waist_position": 0.49529021978378296,
  "torso_ratio": 1.198434935728581,
  "shoulder_prominence": 0.08488206565380096,
  "hip_prominence": 0.01433372450992465
}