{
  "shoulder_hip_ratio": 1.8608852256167856,
  "waist_position": 0.5301423966884613,
  "torso_ratio": 1.1281515103694646,
  "shoulder_prominence": 0.19220122694969177,
  "hip_prominence": 0.053454045206308365
}