{
  "shoulder_hip_ratio": 1.8267778465992224,
  "waist_position": 0.48067064583301544,
  "torso_ratio": 1.120814413599305,
  "shoulder_prominence": 0.10054631531238556,
  "hip_prominence": 0.033641889691352844
}