{
  "shoulder_hip_ratio": 1.6176094051760772,
  "waist_position": 0.4915388226509094,
  "torso_ratio": 1.3027588395388898,
  "shoulder_prominence": 0.07340000104159117,
  "hip_prominence": 0.02897980809211731
}