{
  "shoulder_hip_ratio": 1.7366234853901843,
  "waist_position": 0.4866870194673538,
  "torso_ratio": 1.136519473570117,
  "shoulder_prominence": 0.040861085057258606,
  "hip_prominence": 0.03600814566016197
}