{
  "shoulder_hip_ratio": 1.6701659882665056,
  "waist_position": 0.4853289872407913,
  "torso_ratio": 1.2730026283847082,
  "shoulder_prominence": 0.09750205278396606,
  "hip_prominence": 0.028730967082083225
}