{
  "shoulder_hip_ratio": 1.7418673404122265,
  "waist_position": 0.4501046985387802,
  "torso_ratio": 1.1052401478227605,
  "shoulder_prominence": 0.007068529725074768,
  "hip_prominence": 0.028053322806954384
}