{
  "shoulder_hip_ratio": 1.6727710291733242,
  "waist_position": 0.4608381986618042,
  "torso_ratio": 1.1976114510483187,
  "shoulder_prominence": 0.03337295353412628,
  "hip_prominence": 0.04098731093108654
}