{
  "shoulder_hip_ratio": 1.699145060843874,
  "waist_position": 0.5264062285423279,
  "torso_ratio": 1.1601097856298912,
  "shoulder_prominence": 0.04341478645801544,
  "hip_prominence": 0.050913894549012184
}