{
  "shoulder_hip_ratio": 1.8653364454785009,
  "waist_position": 0.5147741138935089,
  "torso_ratio": 1.1159796697091042,
  "shoulder_prominence": 0.01527489721775055,
  "hip_prominence": 0.014045133721083403
}