{
  "shoulder_hip_ratio": 1.7738643793757143,
  "waist_position": 0.5091403722763062,
  "torso_ratio": 1.2751942130655944,
  "shoulder_prominence": 0.03100581467151642,
  "hip_prominence": 0.008190807420760393
}