{
  "shoulder_hip_ratio": 1.6807159326918821,
  "waist_position": 0.4555153101682663,
  "torso_ratio": 1.1680629906159297,
  "shoulder_prominence": 0.022437110543251038,
  "hip_prominence": 0.02973464410752058
}