{
  "shoulder_hip_ratio": 1.5883177452519257,
  "waist_position": 0.4775455892086029,
  "torso_ratio": 1.3563046612150595,
  "shoulder_prominence": 0.1542747605126351,
  "hip_prominence": 0.10591848194599152
}