{
  "shoulder_hip_ratio": 1.6692899096339464,
  "waist_position": 0.5083263516426086,
  "torso_ratio": 1.1593337144652582,
  "shoulder_prominence": 0.0018280167132616043,
  "hip_prominence": 0.020825455896556377
}