{
  "shoulder_hip_ratio": 1.7059518679517418,
  "waist_position": 0.5376200377941132,
  "torso_ratio": 1.268938628747317,
  "shoulder_prominence": 0.10671999305486679,
  "hip_prominence": 0.05306507460772991
}