{
  "shoulder_hip_ratio": 1.7571915353046723,
  "waist_position": 0.45291198790073395,
  "torso_ratio": 1.2627527684205841,
  "shoulder_prominence": 0.07124324142932892,
  "hip_prominence": 0.06914960965514183
}