{
  "shoulder_hip_ratio": 1.7152463188204674,
  "waist_position": 0.4895104914903641,
  "torso_ratio": 1.1450451264316834,
  "shoulder_prominence": 0.005879204720258713,
  "hip_prominence": 0.025469904765486717
}