{
  "shoulder_hip_ratio": 1.7368561783565926,
  "waist_position": 0.5057041943073273,
  "torso_ratio": 1.1828565644426945,
  "shoulder_prominence": 0.014736339449882507,
  "hip_prominence": 0.012851539999246597
}