{
  "shoulder_hip_ratio": 1.6937328280361985,
  "waist_position": 0.4912753254175186,
  "torso_ratio": 1.176249291442436,
  "shoulder_prominence": 0.08361110091209412,
  "hip_prominence": 0.027262222953140736
}