{
  "shoulder_hip_ratio": 1.690073657197048,
  "waist_position": 0.536164253950119,
  "torso_ratio": 1.2997515597631193,
  "shoulder_prominence": 0.23417343641631305,
  "hip_prominence": 0.1166667751967907
}