{
  "shoulder_hip_ratio": 1.6375396642009261,
  "waist_position": 0.5129824876785278,
  "torso_ratio": 1.1734033221451337,
  "shoulder_prominence": 0.06782077252864838,
  "hip_prominence": 0.013338101096451283
}