{
  "shoulder_hip_ratio": 1.763244036438842,
  "waist_position": 0.5068550556898117,
  "torso_ratio": 1.144714480629149,
  "shoulder_prominence": 0.017396414652466774,
  "hip_prominence": 0.008875539060682058
}