{
  "shoulder_hip_ratio": 1.7074324554566078,
  "waist_position": 0.503915935754776,
  "torso_ratio": 1.1879695719354684,
  "shoulder_prominence": 0.04758934676647186,
  "hip_prominence": 0.04824107140302658
}