{
  "shoulder_hip_ratio": 1.7561346659578876,
  "waist_position": 0.5321528315544128,
  "torso_ratio": 1.1899882299571825,
  "shoulder_prominence": 0.17994466423988342,
  "hip_prominence": 0.13976695388555527
}