{
  "shoulder_hip_ratio": 1.8447424658398175,
  "waist_position": 0.5046412348747253,
  "torso_ratio": 1.1659532118553984,
  "shoulder_prominence": 0.17354481853544712,
  "hip_prominence": 0.0751250684261322
}