{
  "shoulder_hip_ratio": 1.6378701524008505,
  "waist_position": 0.5116705894470215,
  "torso_ratio": 1.3358444761929298,
  "shoulder_prominence": 0.09679363761097193,
  "hip_prominence": 0.040486522018909454
}