{
  "shoulder_hip_ratio": 1.6796375459843196,
  "waist_position": 0.5018721222877502,
  "torso_ratio": 1.12261930064477,
  "shoulder_prominence": 0.05247686058282852,
  "hip_prominence": 0.04523442126810551
}