{
  "shoulder_hip_ratio": 1.6858889770751058,
  "waist_position": 0.5305242538452148,
  "torso_ratio": 1.2252313699428714,
  "shoulder_prominence": 0.020182263106107712,
  "hip_prominence": 0.013092399574816227
}