{
  "shoulder_hip_ratio": 1.72993861500649,
  "waist_position": 0.5186405181884766,
  "torso_ratio": 1.1716369073937298,
  "shoulder_prominence": 0.1508006975054741,
  "hip_prominence": 0.059705598279833794
}