{
  "shoulder_hip_ratio": 1.6450818680981762,
  "waist_position": 0.5657712519168854,
  "torso_ratio": 1.3679594623418467,
  "shoulder_prominence": 0.20901993662118912,
  "hip_prominence": 0.13257770985364914
}