{
  "shoulder_hip_ratio": 1.782597982237591,
  "waist_position": 0.4886564165353775,
  "torso_ratio": 1.1392227126376737,
  "shoulder_prominence": 0.01353137195110321,
  "hip_prominence": 0.008351075928658247
}