{
  "shoulder_hip_ratio": 1.8072507864676781,
  "waist_position": 0.501814067363739,
  "torso_ratio": 1.0887753261609314,
  "shoulder_prominence": 0.034026339650154114,
  "hip_prominence": 0.008410166250541806
}