{
  "shoulder_hip_ratio": 1.7540609375506346,
  "waist_position": 0.4780765175819397,
  "torso_ratio": 1.139219580001091,
  "shoulder_prominence": 0.07574494928121567,
  "hip_prominence": 0.000503131806908641
}