{
  "shoulder_hip_ratio": 1.8035574026751608,
  "waist_position": 0.5112929046154022,
  "torso_ratio": 1.2324025105488863,
  "shoulder_prominence": 0.188866525888443,
  "hip_prominence": 0.11770526692271233
}