{
  "shoulder_hip_ratio": 1.962745363133921,
  "waist_position": 0.4685831367969513,
  "torso_ratio": 1.0706359733614217,
  "shoulder_prominence": 0.20168046653270721,
  "hip_prominence": 0.07443192601203918
}