{
  "shoulder_hip_ratio": 1.7007919559963736,
  "waist_position": 0.5152348577976227,
  "torso_ratio": 1.2030859824239784,
  "shoulder_prominence": 0.02793562412261963,
  "hip_prominence": 0.007496604463085532
}