{
  "shoulder_hip_ratio": 1.735892585665632,
  "waist_position": 0.4963087886571884,
  "torso_ratio": 1.1023147537400484,
  "shoulder_prominence": 0.083174929022789,
  "hip_prominence": 0.02211811114102602
}