{
  "shoulder_hip_ratio": 1.8474389142897039,
  "waist_position": 0.4771852195262909,
  "torso_ratio": 1.0033120059765768,
  "shoulder_prominence": 0.048245109617710114,
  "hip_prominence": 0.012589894235134125
}