{
  "shoulder_hip_ratio": 1.8541020636718644,
  "waist_position": 0.5000704526901245,
  "torso_ratio": 1.1434541903521773,
  "shoulder_prominence": 0.017081208527088165,
  "hip_prominence": 0.031184627674520016
}