{
  "shoulder_hip_ratio": 1.7423311076232812,
  "waist_position": 0.5102121233940125,
  "torso_ratio": 1.1524426496570226,
  "shoulder_prominence": 0.03605198860168457,
  "hip_prominence": 0.001075328647857532
}