{
  "shoulder_hip_ratio": 1.7262330861303312,
  "waist_position": 0.5481018573045731,
  "torso_ratio": 1.1747051653760734,
  "shoulder_prominence": 0.009581148624420166,
  "hip_prominence": 0.016780070960521698
}