{
  "shoulder_hip_ratio": 1.6384156077231915,
  "waist_position": 0.511767715215683,
  "torso_ratio": 1.2368378687495414,
  "shoulder_prominence": 0.0759393759071827,
  "hip_prominence": 0.0506358090788126
}