{
  "shoulder_hip_ratio": 1.755481631699998,
  "waist_position": 0.4709739089012146,
  "torso_ratio": 1.282073123131656,
  "shoulder_prominence": 0.1366409845650196,
  "hip_prominence": 0.11044742912054062
}