{
  "shoulder_hip_ratio": 1.7291372997637777,
  "waist_position": 0.49491705000400543,
  "torso_ratio": 1.2595211740362289,
  "shoulder_prominence": 0.004883600428001955,
  "hip_prominence": 0.026494101621210575
}