{
  "shoulder_hip_ratio": 1.6153068722917803,
  "waist_position": 0.5123925507068634,
  "torso_ratio": 1.2163936700364815,
  "shoulder_prominence": 0.17723985016345978,
  "hip_prominence": 0.09687721729278564
}