{
  "shoulder_hip_ratio": 1.8121061880909062,
  "waist_position": 0.49204784631729126,
  "torso_ratio": 1.1815596780215845,
  "shoulder_prominence": 0.022548915818333626,
  "hip_prominence": 0.01789680402725935
}