{
  "shoulder_hip_ratio": 1.5889101253337692,
  "waist_position": 0.5000691562891006,
  "torso_ratio": 1.209708141686992,
  "shoulder_prominence": 0.19054652750492096,
  "hip_prominence": 0.09397364407777786
}