{
  "shoulder_hip_ratio": 1.7862324213199297,
  "waist_position": 0.456735759973526,
  "torso_ratio": 1.1886896320382954,
  "shoulder_prominence": 0.1050189733505249,
  "hip_prominence": 0.06341125816106796
}