{
  "shoulder_hip_ratio": 1.697547629566934,
  "waist_position": 0.5027434080839157,
  "torso_ratio": 1.1863100146500356,
  "shoulder_prominence": 0.001409977674484253,
  "hip_prominence": 0.011401589028537273
}