{
  "shoulder_hip_ratio": 1.7047612706043105,
  "waist_position": 0.45153431594371796,
  "torso_ratio": 1.1612350484738416,
  "shoulder_prominence": 0.013859227299690247,
  "hip_prominence": 0.04287917725741863
}