{
  "shoulder_hip_ratio": 1.7178104850165898,
  "waist_position": 0.49961310625076294,
  "torso_ratio": 1.1484063730202287,
  "shoulder_prominence": 0.0820702314376831,
  "hip_prominence": 0.03149569593369961
}