{
  "shoulder_hip_ratio": 1.6688881545747822,
  "waist_position": 0.5017296522855759,
  "torso_ratio": 1.2737836967576153,
  "shoulder_prominence": 0.04360894113779068,
  "hip_prominence": 0.03436797112226486
}