{
  "shoulder_hip_ratio": 1.7802029148932796,
  "waist_position": 0.5285837650299072,
  "torso_ratio": 1.0468216479136896,
  "shoulder_prominence": 0.03738312656059861,
  "hip_prominence": 0.0333523266017437
}