{
  "shoulder_hip_ratio": 1.711114898257055,
  "waist_position": 0.48055605590343475,
  "torso_ratio": 1.2276177158716985,
  "shoulder_prominence": 0.027684815227985382,
  "hip_prominence": 0.037717973813414574
}