{
  "shoulder_hip_ratio": 1.8015866902917885,
  "waist_position": 0.5631495714187622,
  "torso_ratio": 1.2004024858014015,
  "shoulder_prominence": 0.0046422407031059265,
  "hip_prominence": 0.04323771595954895
}