{
  "shoulder_hip_ratio": 1.744636102728435,
  "waist_position": 0.4909239709377289,
  "torso_ratio": 1.1941799851887607,
  "shoulder_prominence": 0.0003868788480758667,
  "hip_prominence": 0.0018267894047312438
}