{
  "shoulder_hip_ratio": 1.7076960926976201,
  "waist_position": 0.5268071591854095,
  "torso_ratio": 1.1290135105945913,
  "shoulder_prominence": 0.05363170131749939,
  "hip_prominence": 0.03527674451470375
}