{
  "shoulder_hip_ratio": 1.6997143342032637,
  "waist_position": 0.5031203627586365,
  "torso_ratio": 1.2828334053872774,
  "shoulder_prominence": 0.03670039214193821,
  "hip_prominence": 0.02473272569477558
}