{
  "shoulder_hip_ratio": 1.7368426827812553,
  "waist_position": 0.47306764125823975,
  "torso_ratio": 1.1121857227724283,
  "shoulder_prominence": 0.08456525206565857,
  "hip_prominence": 0.05467933788895607
}