{
  "shoulder_hip_ratio": 1.6427262712710746,
  "waist_position": 0.47523581981658936,
  "torso_ratio": 1.1261658333036904,
  "shoulder_prominence": 0.058775901794433594,
  "hip_prominence": 0.03873491287231445
}