{
  "shoulder_hip_ratio": 1.7885109968713195,
  "waist_position": 0.48946453630924225,
  "torso_ratio": 1.1347551209364426,
  "shoulder_prominence": 0.007283287588506937,
  "hip_prominence": 0.013581281527876854
}