{
  "shoulder_hip_ratio": 1.7099632171464278,
  "waist_position": 0.5213336050510406,
  "torso_ratio": 1.1377141248760103,
  "shoulder_prominence": 0.09957624785602093,
  "hip_prominence": 0.09551895782351494
}