{
  "shoulder_hip_ratio": 1.7600498807547797,
  "waist_position": 0.47674325108528137,
  "torso_ratio": 1.1290759381479631,
  "shoulder_prominence": 0.08875752985477448,
  "hip_prominence": 0.0560779795050621
}