{
  "shoulder_hip_ratio": 1.9647164703408588,
  "waist_position": 0.4890790432691574,
  "torso_ratio": 1.0885887009303485,
  "shoulder_prominence": 0.10909523069858551,
  "hip_prominence": 0.08502153679728508
}