{
  "shoulder_hip_ratio": 1.7035433622129508,
  "waist_position": 0.49829384684562683,
  "torso_ratio": 1.2888080932895458,
  "shoulder_prominence": 0.010539151728153229,
  "hip_prominence": 0.011862784158438444
}