{
  "shoulder_hip_ratio": 1.8268789805276509,
  "waist_position": 0.48118971288204193,
  "torso_ratio": 1.1159880678035463,
  "shoulder_prominence": 0.08776639401912689,
  "hip_prominence": 0.028509756550192833
}