{
  "shoulder_hip_ratio": 1.752178493950695,
  "waist_position": 0.47919251024723053,
  "torso_ratio": 1.1700036475088091,
  "shoulder_prominence": 0.007427784381434321,
  "hip_prominence": 0.02187510672956705
}