{
  "shoulder_hip_ratio": 1.7604976776982397,
  "waist_position": 0.4686879813671112,
  "torso_ratio": 1.109531264822449,
  "shoulder_prominence": 0.04887831211090088,
  "hip_prominence": 0.025563855655491352
}