{
  "shoulder_hip_ratio": 1.7967578362611778,
  "waist_position": 0.5319783687591553,
  "torso_ratio": 1.077082351572099,
  "shoulder_prominence": 0.032969098538160324,
  "hip_prominence": 0.053698424249887466
}