{
  "shoulder_hip_ratio": 1.8036019814669748,
  "waist_position": 0.5265544056892395,
  "torso_ratio": 1.0478133004382506,
  "shoulder_prominence": 0.010670274496078491,
  "hip_prominence": 0.02331547997891903
}