{
  "shoulder_hip_ratio": 1.6573838952776234,
  "waist_position": 0.44722792506217957,
  "torso_ratio": 1.101694563722693,
  "shoulder_prominence": 0.013692960143089294,
  "hip_prominence": 0.02484246715903282
}