{
  "shoulder_hip_ratio": 1.6046472584008462,
  "waist_position": 0.5604083240032196,
  "torso_ratio": 1.2199114083783278,
  "shoulder_prominence": 0.059442710131406784,
  "hip_prominence": 0.03921816498041153
}