{
  "shoulder_hip_ratio": 1.7164899226809986,
  "waist_position": 0.4881918430328369,
  "torso_ratio": 1.2801932678573509,
  "shoulder_prominence": 0.022032028064131737,
  "hip_prominence": 0.011951966676861048
}