{
  "shoulder_hip_ratio": 1.7391713676496612,
  "waist_position": 0.48211362957954407,
  "torso_ratio": 1.1833107132690739,
  "shoulder_prominence": 0.2619064748287201,
  "hip_prominence": 0.18190905451774597
}