{
  "shoulder_hip_ratio": 1.8461718235646811,
  "waist_position": 0.487434983253479,
  "torso_ratio": 1.2431478926457957,
  "shoulder_prominence": 0.2910340204834938,
  "hip_prominence": 0.19276125729084015
}