{
  "shoulder_hip_ratio": 1.7214570632379542,
  "waist_position": 0.48281046748161316,
  "torso_ratio": 1.2039726041937509,
  "shoulder_prominence": 0.03899514675140381,
  "hip_prominence": 0.050348928198218346
}