{
  "shoulder_hip_ratio": 1.800868518709967,
  "waist_position": 0.5260056257247925,
  "torso_ratio": 1.0428854043710825,
  "shoulder_prominence": 0.015252649784088135,
  "hip_prominence": 0.0272239176556468
}