{
  "shoulder_hip_ratio": 1.6528308492645671,
  "waist_position": 0.4964291453361511,
  "torso_ratio": 1.2109711252863973,
  "shoulder_prominence": 0.11165649443864822,
  "hip_prominence": 0.04229404218494892
}