{
  "shoulder_hip_ratio": 1.7836172253485914,
  "waist_position": 0.4989642798900604,
  "torso_ratio": 1.1414621933273228,
  "shoulder_prominence": 0.0376046821475029,
  "hip_prominence": 0.027615866623818874
}