{
  "shoulder_hip_ratio": 1.787042121405459,
  "waist_position": 0.4355711340904236,
  "torso_ratio": 1.130908442745168,
  "shoulder_prominence": 0.0693863620981574,
  "hip_prominence": 0.0406888984143734
}