{
  "shoulder_hip_ratio": 1.7176414918742993,
  "waist_position": 0.5494554340839386,
  "torso_ratio": 1.1954639454460954,
  "shoulder_prominence": 0.17772243544459343,
  "hip_prominence": 0.13701806217432022
}