{
  "shoulder_hip_ratio": 1.7233586449157654,
  "waist_position": 0.4990113377571106,
  "torso_ratio": 1.243089979724404,
  "shoulder_prominence": 0.20757830888032913,
  "hip_prominence": 0.11785900592803955
}