{
  "shoulder_hip_ratio": 1.6362977584709462,
  "waist_position": 0.4900510311126709,
  "torso_ratio": 1.39923957619419,
  "shoulder_prominence": 0.016760163009166718,
  "hip_prominence": 0.005061275791376829
}