{
  "shoulder_hip_ratio": 1.7459926912237358,
  "waist_position": 0.46677348017692566,
  "torso_ratio": 1.2053616725404874,
  "shoulder_prominence": 0.02073807269334793,
  "hip_prominence": 0.034807657822966576
}