{
  "shoulder_hip_ratio": 1.7427442011018566,
  "waist_position": 0.49374181032180786,
  "torso_ratio": 1.160178668456702,
  "shoulder_prominence": 0.011811632663011551,
  "hip_prominence": 0.00015473636449314654
}