{
  "shoulder_hip_ratio": 1.8129401688763718,
  "waist_position": 0.5271754264831543,
  "torso_ratio": 1.0623844102802131,
  "shoulder_prominence": 0.0007364228367805481,
  "hip_prominence": 0.01367665221914649
}