{
  "shoulder_hip_ratio": 1.7665199392142672,
  "waist_position": 0.48258017003536224,
  "torso_ratio": 1.094277133765626,
  "shoulder_prominence": 0.05981452763080597,
  "hip_prominence": 0.05706661194562912
}