{
  "shoulder_hip_ratio": 1.8292190183506918,
  "waist_position": 0.5013346076011658,
  "torso_ratio": 1.2861446302873958,
  "shoulder_prominence": 0.23299195989966393,
  "hip_prominence": 0.16578730195760727
}