{
  "shoulder_hip_ratio": 1.7322637592762782,
  "waist_position": 0.5329841375350952,
  "torso_ratio": 1.3063182807196891,
  "shoulder_prominence": 0.1363121010363102,
  "hip_prominence": 0.07271264120936394
}