{
  "shoulder_hip_ratio": 1.7770589638667562,
  "waist_position": 0.4461778998374939,
  "torso_ratio": 1.128214404338013,
  "shoulder_prominence": 0.15311064198613167,
  "hip_prominence": 0.13005443662405014
}