{
  "shoulder_hip_ratio": 1.7803424606573663,
  "waist_position": 0.4788930118083954,
  "torso_ratio": 1.1307084604237907,
  "shoulder_prominence": 0.19252394884824753,
  "hip_prominence": 0.07612082362174988
}