{
  "shoulder_hip_ratio": 1.7351566490053747,
  "waist_position": 0.5052971839904785,
  "torso_ratio": 1.2519920560151097,
  "shoulder_prominence": 0.06495054066181183,
  "hip_prominence": 0.03905112482607365
}