{
  "shoulder_hip_ratio": 1.829716271307018,
  "waist_position": 0.5314377844333649,
  "torso_ratio": 1.1305057928460633,
  "shoulder_prominence": 0.014749675989151001,
  "hip_prominence": 0.012006859295070171
}