{
  "shoulder_hip_ratio": 1.7914868284615968,
  "waist_position": 0.46296295523643494,
  "torso_ratio": 1.1572790022649482,
  "shoulder_prominence": 0.09483616799116135,
  "hip_prominence": 0.04881182312965393
}