{
  "shoulder_hip_ratio": 1.7942163116160899,
  "waist_position": 0.5023031085729599,
  "torso_ratio": 1.1659391505290395,
  "shoulder_prominence": 0.06031700782477856,
  "hip_prominence": 0.03038562834262848
}