{
  "shoulder_hip_ratio": 1.8318490411436097,
  "waist_position": 0.49827782809734344,
  "torso_ratio": 1.138070125353224,
  "shoulder_prominence": 0.01164323091506958,
  "hip_prominence": 0.025148069486021996
}