{
  "shoulder_hip_ratio": 1.755887121693415,
  "waist_position": 0.4940473884344101,
  "torso_ratio": 1.1380383749851162,
  "shoulder_prominence": 0.15758508816361427,
  "hip_prominence": 0.11586125567555428
}