{
  "shoulder_hip_ratio": 1.7522445835535565,
  "waist_position": 0.46345852315425873,
  "torso_ratio": 1.278624435629762,
  "shoulder_prominence": 0.26080174930393696,
  "hip_prominence": 0.12330413237214088
}