{
  "shoulder_hip_ratio": 1.7406748102693501,
  "waist_position": 0.4836963266134262,
  "torso_ratio": 1.2427659956321564,
  "shoulder_prominence": 0.06025074049830437,
  "hip_prominence": 0.06010866165161133
}