{
  "shoulder_hip_ratio": 1.691659715406532,
  "waist_position": 0.5167287290096283,
  "torso_ratio": 1.1861052755214028,
  "shoulder_prominence": 0.011321581900119781,
  "hip_prominence": 0.039737384766340256
}