{
  "shoulder_hip_ratio": 1.618060207572298,
  "waist_position": 0.5144414007663727,
  "torso_ratio": 1.289762911872429,
  "shoulder_prominence": 0.0515151247382164,
  "hip_prominence": 0.010114868637174368
}