{
  "shoulder_hip_ratio": 1.5327132487039068,
  "waist_position": 0.49987731873989105,
  "torso_ratio": 1.2515325724782465,
  "shoulder_prominence": 0.2899007499217987,
  "hip_prominence": 0.13862066715955734
}