{
  "shoulder_hip_ratio": 1.7276058855931307,
  "waist_position": 0.4978352040052414,
  "torso_ratio": 1.2916270115458717,
  "shoulder_prominence": 0.20152640342712402,
  "hip_prominence": 0.11391562595963478
}