{
  "shoulder_hip_ratio": 1.721196708150944,
  "waist_position": 0.5059399306774139,
  "torso_ratio": 1.165171648926457,
  "shoulder_prominence": 0.1006518080830574,
  "hip_prominence": 0.08593864738941193
}