{
  "shoulder_hip_ratio": 1.592272481272266,
  "waist_position": 0.5121260285377502,
  "torso_ratio": 1.2624668572362585,
  "shoulder_prominence": 0.020755883306264877,
  "hip_prominence": 0.011315946001559496
}