{
  "shoulder_hip_ratio": 1.7124195010844978,
  "waist_position": 0.4603933095932007,
  "torso_ratio": 1.1903131860465759,
  "shoulder_prominence": 0.05357302725315094,
  "hip_prominence": 0.028417582623660564
}