{
  "shoulder_hip_ratio": 1.615339694004644,
  "waist_position": 0.5306231379508972,
  "torso_ratio": 1.2029948582492473,
  "shoulder_prominence": 0.06306400895118713,
  "hip_prominence": 0.03577304631471634
}