{
  "shoulder_hip_ratio": 1.9987567667151371,
  "waist_position": 0.5251718312501907,
  "torso_ratio": 1.2208147797755127,
  "shoulder_prominence": 0.20433638989925385,
  "hip_prominence": 0.10582320392131805
}