{
  "shoulder_hip_ratio": 1.7811987704440289,
  "waist_position": 0.49648453295230865,
  "torso_ratio": 1.1242539109834866,
  "shoulder_prominence": 0.15477505885064602,
  "hip_prominence": 0.06226028501987457
}