{
  "shoulder_hip_ratio": 1.8150003721162087,
  "waist_position": 0.49956244230270386,
  "torso_ratio": 1.1304047620487503,
  "shoulder_prominence": 0.15422140690498054,
  "hip_prominence": 0.07947379350662231
}