{
  "shoulder_hip_ratio": 1.7343253621458257,
  "waist_position": 0.4657802879810333,
  "torso_ratio": 1.2016807693132847,
  "shoulder_prominence": 0.018349910154938698,
  "hip_prominence": 0.031117192469537258
}