{
  "shoulder_hip_ratio": 1.6579957795512024,
  "waist_position": 0.45688924193382263,
  "torso_ratio": 1.183443581060266,
  "shoulder_prominence": 0.10812678188085556,
  "hip_prominence": 0.07343819737434387
}