{
  "shoulder_hip_ratio": 1.704856918944079,
  "waist_position": 0.499661460518837,
  "torso_ratio": 1.1279179265058055,
  "shoulder_prominence": 0.0755716934800148,
  "hip_prominence": 0.026290852576494217
}