{
  "shoulder_hip_ratio": 1.6586090204921315,
  "waist_position": 0.49113841354846954,
  "torso_ratio": 1.1283062446961931,
  "shoulder_prominence": 0.23013154417276382,
  "hip_prominence": 0.1422923132777214
}