{
  "shoulder_hip_ratio": 1.7335816884965491,
  "waist_position": 0.5166502743959427,
  "torso_ratio": 1.2200474920582398,
  "shoulder_prominence": 0.009460738860070705,
  "hip_prominence": 0.004434719914570451
}