{
  "shoulder_hip_ratio": 1.81672987445768,
  "waist_position": 0.514384537935257,
  "torso_ratio": 1.1871079042739778,
  "shoulder_prominence": 0.01145237684249878,
  "hip_prominence": 0.02345678023993969
}