{
  "shoulder_hip_ratio": 1.7238569729330617,
  "waist_position": 0.49489252269268036,
  "torso_ratio": 1.1983735931642465,
  "shoulder_prominence": 0.15275056846439838,
  "hip_prominence": 0.09107494726777077
}