{
  "shoulder_hip_ratio": 1.798554180752791,
  "waist_position": 0.550952672958374,
  "torso_ratio": 1.1997928868626047,
  "shoulder_prominence": 0.2932475209236145,
  "hip_prominence": 0.17891183495521545
}