{
  "shoulder_hip_ratio": 1.680129155148283,
  "waist_position": 0.47411632537841797,
  "torso_ratio": 1.1954601583927111,
  "shoulder_prominence": 0.06133486330509186,
  "hip_prominence": 0.03840372897684574
}