{
  "shoulder_hip_ratio": 1.7283273791894445,
  "waist_position": 0.4946409612894058,
  "torso_ratio": 1.1802629994491454,
  "shoulder_prominence": 0.008351150900125504,
  "hip_prominence": 0.03673761896789074
}