{
  "shoulder_hip_ratio": 1.6542618333132966,
  "waist_position": 0.531022846698761,
  "torso_ratio": 1.1123231143283072,
  "shoulder_prominence": 0.050723642110824585,
  "hip_prominence": 0.039100609719753265
}