{
  "shoulder_hip_ratio": 1.744229023050713,
  "waist_position": 0.5145938992500305,
  "torso_ratio": 1.1378087219262645,
  "shoulder_prominence": 0.00011698901653289795,
  "hip_prominence": 0.013057227712124586
}