{
  "shoulder_hip_ratio": 1.6640134037613075,
  "waist_position": 0.47792796790599823,
  "torso_ratio": 1.2249803037559452,
  "shoulder_prominence": 0.09087767452001572,
  "hip_prominence": 0.04737465642392635
}