{
  "shoulder_hip_ratio": 1.729671346585971,
  "waist_position": 0.49374477565288544,
  "torso_ratio": 1.1852221002441325,
  "shoulder_prominence": 0.06700935959815979,
  "hip_prominence": 0.03227526880800724
}