{
  "shoulder_hip_ratio": 1.8463044443236403,
  "waist_position": 0.5261333584785461,
  "torso_ratio": 1.054723351061844,
  "shoulder_prominence": 0.0007791593670845032,
  "hip_prominence": 0.01213163137435913
}