{
  "shoulder_hip_ratio": 1.6782020077373474,
  "waist_position": 0.4806457459926605,
  "torso_ratio": 1.2285325336686812,
  "shoulder_prominence": 0.10901574417948723,
  "hip_prominence": 0.0614449605345726
}