{
  "shoulder_hip_ratio": 1.642972097098788,
  "waist_position": 0.48805029690265656,
  "torso_ratio": 1.2548422069100835,
  "shoulder_prominence": 0.02748928964138031,
  "hip_prominence": 0.024496027268469334
}