{
  "shoulder_hip_ratio": 1.8079140123263058,
  "waist_position": 0.5213768482208252,
  "torso_ratio": 1.1738262808372661,
  "shoulder_prominence": 0.09408053755760193,
  "hip_prominence": 0.06774468347430229
}