{
  "shoulder_hip_ratio": 1.69006938729299,
  "waist_position": 0.5038458704948425,
  "torso_ratio": 1.2372458008720866,
  "shoulder_prominence": 0.04611288011074066,
  "hip_prominence": 0.020610759034752846
}