{
  "shoulder_hip_ratio": 1.749790924503041,
  "waist_position": 0.5370748937129974,
  "torso_ratio": 1.189878235253282,
  "shoulder_prominence": 0.05640408396720886,
  "hip_prominence": 0.06944094970822334
}