{
  "shoulder_hip_ratio": 1.7615559734457602,
  "waist_position": 0.4948848634958267,
  "torso_ratio": 1.2054128653306546,
  "shoulder_prominence": 0.07557085901498795,
  "hip_prominence": 0.0072050748858600855
}