{
  "shoulder_hip_ratio": 1.8311295191249546,
  "waist_position": 0.4998702108860016,
  "torso_ratio": 1.166075617662226,
  "shoulder_prominence": 0.015755146741867065,
  "hip_prominence": 0.008179115364328027
}