{
  "shoulder_hip_ratio": 1.7534664248846614,
  "waist_position": 0.51146000623703,
  "torso_ratio": 1.2020194150351429,
  "shoulder_prominence": 0.0012542195618152618,
  "hip_prominence": 0.0513633918017149
}