{
  "shoulder_hip_ratio": 1.769941558868859,
  "waist_position": 0.5153712630271912,
  "torso_ratio": 1.238773532198372,
  "shoulder_prominence": 0.07544805854558945,
  "hip_prominence": 0.07205358147621155
}