{
  "shoulder_hip_ratio": 1.708031938093682,
  "waist_position": 0.4898096174001694,
  "torso_ratio": 1.2311170604568267,
  "shoulder_prominence": 0.19001906737685204,
  "hip_prominence": 0.11634204536676407
}