{
  "shoulder_hip_ratio": 1.4744931063460298,
  "waist_position": 0.4867309629917145,
  "torso_ratio": 1.4096420605683944,
  "shoulder_prominence": 0.20065235439687967,
  "hip_prominence": 0.07850794866681099
}