{
  "shoulder_hip_ratio": 1.8534901578239436,
  "waist_position": 0.4810994863510132,
  "torso_ratio": 1.0895984815342943,
  "shoulder_prominence": 0.024673491716384888,
  "hip_prominence": 0.02726109605282545
}