{
  "shoulder_hip_ratio": 1.769872792267337,
  "waist_position": 0.48484915494918823,
  "torso_ratio": 1.232975968242418,
  "shoulder_prominence": 0.035779677564278245,
  "hip_prominence": 0.037012405693531036
}