{
  "shoulder_hip_ratio": 1.641515956609059,
  "waist_position": 0.4775572270154953,
  "torso_ratio": 1.3542901392207927,
  "shoulder_prominence": 0.17383937537670135,
  "hip_prominence": 0.11539878323674202
}