{
  "shoulder_hip_ratio": 1.665703078359489,
  "waist_position": 0.4898650050163269,
  "torso_ratio": 1.2962753607359085,
  "shoulder_prominence": 0.06822380796074867,
  "hip_prominence": 0.033993497490882874
}