{
  "shoulder_hip_ratio": 1.7225832541029205,
  "waist_position": 0.489642933011055,
  "torso_ratio": 1.258144875646536,
  "shoulder_prominence": 0.014033548533916473,
  "hip_prominence": 0.007300124503672123
}