{
  "shoulder_hip_ratio": 1.7591235229529603,
  "waist_position": 0.49760541319847107,
  "torso_ratio": 1.154329062813562,
  "shoulder_prominence": 0.007124842202756554,
  "hip_prominence": 0.017964327707886696
}