{
  "shoulder_hip_ratio": 1.8302630837079397,
  "waist_position": 0.5069838613271713,
  "torso_ratio": 1.2493000831737138,
  "shoulder_prominence": 0.01712551712989807,
  "hip_prominence": 0.012846656143665314
}