{
  "shoulder_hip_ratio": 1.7417783731811691,
  "waist_position": 0.4518444687128067,
  "torso_ratio": 1.118874938841203,
  "shoulder_prominence": 0.015592756681144238,
  "hip_prominence": 0.011517327278852463
}