{
  "shoulder_hip_ratio": 1.7056606313296385,
  "waist_position": 0.48918236792087555,
  "torso_ratio": 1.2247911328206662,
  "shoulder_prominence": 0.0693897008895874,
  "hip_prominence": 0.0738162249326706
}