{
  "shoulder_hip_ratio": 1.6895729977439011,
  "waist_position": 0.48369385302066803,
  "torso_ratio": 1.270643881852221,
  "shoulder_prominence": 0.041984204202890396,
  "hip_prominence": 0.015939489006996155
}