{
  "shoulder_hip_ratio": 1.82835299785805,
  "waist_position": 0.47935403883457184,
  "torso_ratio": 1.2811473624110636,
  "shoulder_prominence": 0.22116435132920742,
  "hip_prominence": 0.1406954526901245
}