{
  "shoulder_hip_ratio": 1.8485431865896216,
  "waist_position": 0.4725852906703949,
  "torso_ratio": 1.1467481223493832,
  "shoulder_prominence": 0.0357219111174345,
  "hip_prominence": 0.022161906585097313
}