{
  "shoulder_hip_ratio": 1.7309688556364606,
  "waist_position": 0.5134126842021942,
  "torso_ratio": 1.1583963107213437,
  "shoulder_prominence": 0.13615064322948456,
  "hip_prominence": 0.0700121559202671
}