{
  "shoulder_hip_ratio": 1.7424960790072181,
  "waist_position": 0.5054697394371033,
  "torso_ratio": 1.1257127363158588,
  "shoulder_prominence": 0.005710288882255554,
  "hip_prominence": 0.0030817000661045313
}