{
  "shoulder_hip_ratio": 1.6536378681312636,
  "waist_position": 0.5264693349599838,
  "torso_ratio": 1.1701439505612636,
  "shoulder_prominence": 0.0786128647159785,
  "hip_prominence": 0.04966273717582226
}