{
  "shoulder_hip_ratio": 1.7239595536247458,
  "waist_position": 0.5025819540023804,
  "torso_ratio": 1.3507790112698197,
  "shoulder_prominence": 0.041710637509822845,
  "hip_prominence": 0.05135498195886612
}