{
  "shoulder_hip_ratio": 1.7840180885418708,
  "waist_position": 0.47733524441719055,
  "torso_ratio": 1.1833174615987234,
  "shoulder_prominence": 0.01882953941822052,
  "hip_prominence": 0.038701266050338745
}