{
  "shoulder_hip_ratio": 1.8597932451998007,
  "waist_position": 0.5030803084373474,
  "torso_ratio": 1.204793139080075,
  "shoulder_prominence": 0.008970856666564941,
  "hip_prominence": 0.012824954465031624
}