{
  "shoulder_hip_ratio": 1.722209473602829,
  "waist_position": 0.47313471138477325,
  "torso_ratio": 1.2555188702934577,
  "shoulder_prominence": 0.07835260033607483,
  "hip_prominence": 0.040329091250896454
}