{
  "shoulder_hip_ratio": 1.7712332672502547,
  "waist_position": 0.4804903417825699,
  "torso_ratio": 1.2394405516767697,
  "shoulder_prominence": 0.02261403203010559,
  "hip_prominence": 0.024484548717737198
}