{
  "shoulder_hip_ratio": 1.894783432704706,
  "waist_position": 0.47774942219257355,
  "torso_ratio": 1.120219262467845,
  "shoulder_prominence": 0.042963817715644836,
  "hip_prominence": 0.028390890918672085
}