{
  "shoulder_hip_ratio": 1.7106934981669835,
  "waist_position": 0.5047415196895599,
  "torso_ratio": 1.201317826247651,
  "shoulder_prominence": 0.08830917999148369,
  "hip_prominence": 0.0555459838360548
}