{
  "shoulder_hip_ratio": 1.7144037769830864,
  "waist_position": 0.4659958481788635,
  "torso_ratio": 1.1914003739066865,
  "shoulder_prominence": 0.052799537777900696,
  "hip_prominence": 0.005022767698392272
}