{
  "shoulder_hip_ratio": 1.748635416788929,
  "waist_position": 0.5130690634250641,
  "torso_ratio": 1.08618096593802,
  "shoulder_prominence": 0.07010453939437866,
  "hip_prominence": 0.022419273853302002
}