{
  "shoulder_hip_ratio": 1.7299512294655213,
  "waist_position": 0.4797525107860565,
  "torso_ratio": 1.3019237890224697,
  "shoulder_prominence": 0.1667102947831154,
  "hip_prominence": 0.06993288174271584
}