{
  "shoulder_hip_ratio": 1.6296876209351585,
  "waist_position": 0.5346294939517975,
  "torso_ratio": 1.2648428272030454,
  "shoulder_prominence": 0.029057808220386505,
  "hip_prominence": 0.040520839393138885
}