{
  "shoulder_hip_ratio": 1.6541727473389898,
  "waist_position": 0.5012401938438416,
  "torso_ratio": 1.1568786734629395,
  "shoulder_prominence": 0.02782401815056801,
  "hip_prominence": 0.012223300524055958
}