{
  "shoulder_hip_ratio": 1.6524838223454899,
  "waist_position": 0.49865326285362244,
  "torso_ratio": 1.2195253430236552,
  "shoulder_prominence": 0.00472646951675415,
  "hip_prominence": 0.010246537160128355
}