{
  "shoulder_hip_ratio": 1.8215229045125862,
  "waist_position": 0.5157876908779144,
  "torso_ratio": 1.2802478669324653,
  "shoulder_prominence": 0.23220497369766235,
  "hip_prominence": 0.13475658744573593
}