{
  "shoulder_hip_ratio": 1.887595146788704,
  "waist_position": 0.497939795255661,
  "torso_ratio": 1.0636378548533745,
  "shoulder_prominence": 0.1233123317360878,
  "hip_prominence": 0.05968612618744373
}