{
  "shoulder_hip_ratio": 1.6215981063877571,
  "waist_position": 0.49270540475845337,
  "torso_ratio": 1.194006424321384,
  "shoulder_prominence": 0.05689496174454689,
  "hip_prominence": 0.013561536557972431
}