{
  "shoulder_hip_ratio": 1.7891897892916817,
  "waist_position": 0.5196455866098404,
  "torso_ratio": 1.2375417725331004,
  "shoulder_prominence": 0.010929800570011139,
  "hip_prominence": 0.026724210008978844
}