{
  "shoulder_hip_ratio": 1.7200491692997495,
  "waist_position": 0.48643241822719574,
  "torso_ratio": 1.240801147825115,
  "shoulder_prominence": 0.04460359923541546,
  "hip_prominence": 0.03343883156776428
}