{
  "shoulder_hip_ratio": 1.8058147678758603,
  "waist_position": 0.4669942557811737,
  "torso_ratio": 1.0630549113701289,
  "shoulder_prominence": 0.07375935465097427,
  "hip_prominence": 0.04524814896285534
}