{
  "shoulder_hip_ratio": 1.7567707336639329,
  "waist_position": 0.5182616710662842,
  "torso_ratio": 1.1825055415755619,
  "shoulder_prominence": 0.029071688652038574,
  "hip_prominence": 0.0009283798572141677
}