{
  "shoulder_hip_ratio": 2.015921097522516,
  "waist_position": 0.4664265364408493,
  "torso_ratio": 1.139017409992563,
  "shoulder_prominence": 0.18750368058681488,
  "hip_prominence": 0.05216998793184757
}