{
  "shoulder_hip_ratio": 1.7212595062834575,
  "waist_position": 0.4478952884674072,
  "torso_ratio": 1.099094896545464,
  "shoulder_prominence": 0.05795866250991821,
  "hip_prominence": 0.06500810012221336
}