{
  "shoulder_hip_ratio": 1.8171972176968314,
  "waist_position": 0.5050424784421921,
  "torso_ratio": 1.1938045421492622,
  "shoulder_prominence": 0.032587604597210884,
  "hip_prominence": 0.030036892741918564
}