{
  "shoulder_hip_ratio": 1.9386526303734233,
  "waist_position": 0.5055627524852753,
  "torso_ratio": 1.1898954473500032,
  "shoulder_prominence": 0.08087439835071564,
  "hip_prominence": 0.05568497069180012
}