{
  "shoulder_hip_ratio": 1.648000967050966,
  "waist_position": 0.48475074768066406,
  "torso_ratio": 1.2437248459290653,
  "shoulder_prominence": 0.001275666058063507,
  "hip_prominence": 0.0074095267336815596
}