{
  "shoulder_hip_ratio": 1.8912709902563423,
  "waist_position": 0.4787975400686264,
  "torso_ratio": 1.032631579975052,
  "shoulder_prominence": 0.09559604898095131,
  "hip_prominence": 0.04851340129971504
}