{
  "shoulder_hip_ratio": 1.7543596028134254,
  "waist_position": 0.4665348380804062,
  "torso_ratio": 1.220706515361518,
  "shoulder_prominence": 0.05188259668648243,
  "hip_prominence": 0.03106696531176567
}