{
  "shoulder_hip_ratio": 1.7073621481614598,
  "waist_position": 0.4652761369943619,
  "torso_ratio": 1.1831001633762699,
  "shoulder_prominence": 0.01760762929916382,
  "hip_prominence": 0.011119128670543432
}