{
  "shoulder_hip_ratio": 1.734253119011244,
  "waist_position": 0.4617825001478195,
  "torso_ratio": 1.186489985993372,
  "shoulder_prominence": 0.05411124229431152,
  "hip_prominence": 0.008510497398674488
}