{
  "shoulder_hip_ratio": 1.7718642908641695,
  "waist_position": 0.4745418131351471,
  "torso_ratio": 1.0891283427367564,
  "shoulder_prominence": 0.14493553340435028,
  "hip_prominence": 0.08842626214027405
}