{
  "shoulder_hip_ratio": 1.8455295537189924,
  "waist_position": 0.5267771184444427,
  "torso_ratio": 1.1909544856000986,
  "shoulder_prominence": 0.0030570849776268005,
  "hip_prominence": 0.0435938760638237
}