{
  "shoulder_hip_ratio": 1.8646663183255154,
  "waist_position": 0.47684425115585327,
  "torso_ratio": 1.0879317928079044,
  "shoulder_prominence": 0.12769298255443573,
  "hip_prominence": 0.03457002528011799
}