{
  "shoulder_hip_ratio": 1.5968994406454093,
  "waist_position": 0.4681735634803772,
  "torso_ratio": 1.1916527825062018,
  "shoulder_prominence": 0.05565616488456726,
  "hip_prominence": 0.03309931233525276
}