{
  "shoulder_hip_ratio": 1.8952079918029212,
  "waist_position": 0.4839763939380646,
  "torso_ratio": 1.1147009738271518,
  "shoulder_prominence": 0.014508465304970741,
  "hip_prominence": 0.01597850676625967
}