{
  "shoulder_hip_ratio": 1.85024898877291,
  "waist_position": 0.5010079443454742,
  "torso_ratio": 1.2833528264028835,
  "shoulder_prominence": 0.23769753985106945,
  "hip_prominence": 0.16713567078113556
}