{
  "shoulder_hip_ratio": 1.6993964109108401,
  "waist_position": 0.5002616047859192,
  "torso_ratio": 1.2494925662218426,
  "shoulder_prominence": 0.0575668103992939,
  "hip_prominence": 0.03745272569358349
}