{
  "shoulder_hip_ratio": 1.702275228806662,
  "waist_position": 0.4884554445743561,
  "torso_ratio": 1.2597592494766683,
  "shoulder_prominence": 0.10448433086276054,
  "hip_prominence": 0.06757311895489693
}