{
  "shoulder_hip_ratio": 1.6486168740641036,
  "waist_position": 0.4396849274635315,
  "torso_ratio": 1.1790535339297827,
  "shoulder_prominence": 0.04782471805810928,
  "hip_prominence": 0.024847688153386116
}