{
  "shoulder_hip_ratio": 1.7785518299233083,
  "waist_position": 0.4817231595516205,
  "torso_ratio": 1.1701225203143464,
  "shoulder_prominence": 0.04863271117210388,
  "hip_prominence": 0.05526066571474075
}