{
  "shoulder_hip_ratio": 1.7791614610844322,
  "waist_position": 0.4912494868040085,
  "torso_ratio": 1.1774501073680765,
  "shoulder_prominence": 0.04074689745903015,
  "hip_prominence": 0.0034388136118650436
}