{
  "shoulder_hip_ratio": 1.5996433343846048,
  "waist_position": 0.46769484877586365,
  "torso_ratio": 1.185849080012028,
  "shoulder_prominence": 0.0557258278131485,
  "hip_prominence": 0.034545185044407845
}