{
  "shoulder_hip_ratio": 1.7830642390517164,
  "waist_position": 0.4946366101503372,
  "torso_ratio": 1.1342488261521295,
  "shoulder_prominence": 0.07287818193435669,
  "hip_prominence": 0.02532368339598179
}