{
  "shoulder_hip_ratio": 1.7081693455728757,
  "waist_position": 0.5290260016918182,
  "torso_ratio": 1.1496311587780834,
  "shoulder_prominence": 0.005100071430206299,
  "hip_prominence": 0.004063534317538142
}