{
  "shoulder_hip_ratio": 1.7196827749774342,
  "waist_position": 0.49849626421928406,
  "torso_ratio": 1.2625199533616693,
  "shoulder_prominence": 0.2221960574388504,
  "hip_prominence": 0.12641948461532593
}