{
  "shoulder_hip_ratio": 1.7823682493968611,
  "waist_position": 0.48905983567237854,
  "torso_ratio": 1.2019423736393384,
  "shoulder_prominence": 0.0596761479973793,
  "hip_prominence": 0.05564518831670284
}