{
  "shoulder_hip_ratio": 1.8125418452949968,
  "waist_position": 0.5054454207420349,
  "torso_ratio": 1.1505242036363874,
  "shoulder_prominence": 0.12284369766712189,
  "hip_prominence": 0.04805493727326393
}