{
  "shoulder_hip_ratio": 1.7771118817154625,
  "waist_position": 0.5128988176584244,
  "torso_ratio": 1.235684441021561,
  "shoulder_prominence": 0.018318384885787964,
  "hip_prominence": 0.016395394690334797
}