{
  "shoulder_hip_ratio": 1.6014226085568142,
  "waist_position": 0.4608878493309021,
  "torso_ratio": 1.1623927411865775,
  "shoulder_prominence": 0.00835813581943512,
  "hip_prominence": 0.015594630502164364
}