{
  "shoulder_hip_ratio": 1.7342605057024563,
  "waist_position": 0.49935658276081085,
  "torso_ratio": 1.172750042190514,
  "shoulder_prominence": 0.018432500772178173,
  "hip_prominence": 0.012726099230349064
}