{
  "shoulder_hip_ratio": 1.5348659630877084,
  "waist_position": 0.5046744346618652,
  "torso_ratio": 1.3353282137415539,
  "shoulder_prominence": 0.14301635324954987,
  "hip_prominence": 0.09190557897090912
}