{
  "shoulder_hip_ratio": 1.696877001151059,
  "waist_position": 0.49989090859889984,
  "torso_ratio": 1.2397719006770673,
  "shoulder_prominence": 0.14688255079090595,
  "hip_prominence": 0.08201311528682709
}