{
  "shoulder_hip_ratio": 1.7184029971089445,
  "waist_position": 0.45755237340927124,
  "torso_ratio": 1.2165228655444538,
  "shoulder_prominence": 0.11201932281255722,
  "hip_prominence": 0.04136073589324951
}