{
  "shoulder_hip_ratio": 1.9163317328609397,
  "waist_position": 0.5076622664928436,
  "torso_ratio": 1.1648156773931218,
  "shoulder_prominence": 0.074490150436759,
  "hip_prominence": 0.07203179225325584
}