{
  "shoulder_hip_ratio": 1.7387485362772799,
  "waist_position": 0.5027991384267807,
  "torso_ratio": 1.22408564691949,
  "shoulder_prominence": 0.04418257623910904,
  "hip_prominence": 0.03261244483292103
}