{
  "shoulder_hip_ratio": 1.6411231723670876,
  "waist_position": 0.5115109384059906,
  "torso_ratio": 1.2083176468481034,
  "shoulder_prominence": 0.13749127089977264,
  "hip_prominence": 0.07234622538089752
}