{
  "shoulder_hip_ratio": 1.5868712349075955,
  "waist_position": 0.4922007620334625,
  "torso_ratio": 1.2706558182857393,
  "shoulder_prominence": 0.04735185205936432,
  "hip_prominence": 0.007839411962777376
}