{
  "shoulder_hip_ratio": 1.7456143521050973,
  "waist_position": 0.5396580100059509,
  "torso_ratio": 1.1269183926670974,
  "shoulder_prominence": 0.07355143874883652,
  "hip_prominence": 0.022051352076232433
}