{
  "shoulder_hip_ratio": 1.735239808528528,
  "waist_position": 0.5062312185764313,
  "torso_ratio": 1.2427613561542958,
  "shoulder_prominence": 0.06043195724487305,
  "hip_prominence": 0.041781987994909286
}