{
  "shoulder_hip_ratio": 1.931551293373397,
  "waist_position": 0.5244180560112,
  "torso_ratio": 1.1323746278295252,
  "shoulder_prominence": 0.24295182898640633,
  "hip_prominence": 0.1152614876627922
}