{
  "shoulder_hip_ratio": 1.556216971551205,
  "waist_position": 0.46340711414813995,
  "torso_ratio": 1.4043099595196746,
  "shoulder_prominence": 0.011543147265911102,
  "hip_prominence": 0.005421298090368509
}