{
  "shoulder_hip_ratio": 1.7900339860730266,
  "waist_position": 0.5327593088150024,
  "torso_ratio": 1.2450930565437996,
  "shoulder_prominence": 0.19414615631103516,
  "hip_prominence": 0.0917305164039135
}