{
  "shoulder_hip_ratio": 1.6397265003638053,
  "waist_position": 0.5197998285293579,
  "torso_ratio": 1.3174432331387,
  "shoulder_prominence": 0.270802304148674,
  "hip_prominence": 0.13731393218040466
}