{
  "shoulder_hip_ratio": 1.8222681045555118,
  "waist_position": 0.477217897772789,
  "torso_ratio": 1.1268231828421216,
  "shoulder_prominence": 0.08718669414520264,
  "hip_prominence": 0.06265418045222759
}