{
  "shoulder_hip_ratio": 1.752500413857185,
  "waist_position": 0.49539242684841156,
  "torso_ratio": 1.2685227826594923,
  "shoulder_prominence": 0.051715269684791565,
  "hip_prominence": 0.03754684887826443
}