{
  "shoulder_hip_ratio": 1.8078823285732522,
  "waist_position": 0.4711047559976578,
  "torso_ratio": 1.1560077615041848,
  "shoulder_prominence": 0.0026279762387275696,
  "hip_prominence": 0.012915559578686953
}