{
  "shoulder_hip_ratio": 1.5856749176954128,
  "waist_position": 0.4565729945898056,
  "torso_ratio": 1.2620939649139697,
  "shoulder_prominence": 0.15103214234113693,
  "hip_prominence": 0.08713747188448906
}