{
  "shoulder_hip_ratio": 1.6563940022478905,
  "waist_position": 0.4843965321779251,
  "torso_ratio": 1.2428236193828455,
  "shoulder_prominence": 0.001979261636734009,
  "hip_prominence": 0.004282749490812421
}