{
  "shoulder_hip_ratio": 1.9392078154484973,
  "waist_position": 0.4509352296590805,
  "torso_ratio": 1.114315488401489,
  "shoulder_prominence": 0.06081998348236084,
  "hip_prominence": 0.02061524521559477
}