{
  "shoulder_hip_ratio": 1.5705393110336312,
  "waist_position": 0.5042096376419067,
  "torso_ratio": 1.3373427057552183,
  "shoulder_prominence": 0.09541898593306541,
  "hip_prominence": 0.06253241375088692
}