{
  "shoulder_hip_ratio": 1.6882184436698626,
  "waist_position": 0.5395686030387878,
  "torso_ratio": 1.2531427723448578,
  "shoulder_prominence": 0.007847167551517487,
  "hip_prominence": 0.009885514620691538
}