{
  "shoulder_hip_ratio": 1.7528518510792406,
  "waist_position": 0.505746603012085,
  "torso_ratio": 1.1382214097801913,
  "shoulder_prominence": 0.003072217106819153,
  "hip_prominence": 0.004232309642247856
}