{
  "shoulder_hip_ratio": 1.6874541015070053,
  "waist_position": 0.5142999738454819,
  "torso_ratio": 1.16568502790658,
  "shoulder_prominence": 0.0056005120277404785,
  "hip_prominence": 0.0010945381072815508
}