{
  "shoulder_hip_ratio": 1.714382971482453,
  "waist_position": 0.4898189902305603,
  "torso_ratio": 1.1674672898444498,
  "shoulder_prominence": 0.28810636699199677,
  "hip_prominence": 0.1748756393790245
}