{
  "shoulder_hip_ratio": 1.6006509506515227,
  "waist_position": 0.5053857862949371,
  "torso_ratio": 1.2128636179858863,
  "shoulder_prominence": 0.021146826446056366,
  "hip_prominence": 0.042679641395807266
}