{
  "shoulder_hip_ratio": 1.783741924163053,
  "waist_position": 0.5198413133621216,
  "torso_ratio": 1.2812817398839886,
  "shoulder_prominence": 0.07069031894207001,
  "hip_prominence": 0.03852314129471779
}