{
  "shoulder_hip_ratio": 1.430645569359658,
  "waist_position": 0.5027207434177399,
  "torso_ratio": 1.8025016815713875,
  "shoulder_prominence": 0.48968465626239777,
  "hip_prominence": 0.29671190679073334
}