{
  "shoulder_hip_ratio": 1.7255908315585626,
  "waist_position": 0.4941870868206024,
  "torso_ratio": 1.2360269894171194,
  "shoulder_prominence": 0.039499059319496155,
  "hip_prominence": 0.03208521194756031
}