{
  "shoulder_hip_ratio": 1.5964808904180638,
  "waist_position": 0.48089540004730225,
  "torso_ratio": 1.2068256677559979,
  "shoulder_prominence": 0.09723923355340958,
  "hip_prominence": 0.05305386334657669
}