{
  "shoulder_hip_ratio": 1.76620304219371,
  "waist_position": 0.46622513234615326,
  "torso_ratio": 1.1503213592870556,
  "shoulder_prominence": 0.07099133729934692,
  "hip_prominence": 0.057790545746684074
}