{
  "shoulder_hip_ratio": 1.6802615959680576,
  "waist_position": 0.5287215709686279,
  "torso_ratio": 1.1297903747170617,
  "shoulder_prominence": 0.055957257747650146,
  "hip_prominence": 0.03153116907924414
}