{
  "shoulder_hip_ratio": 1.663211364543011,
  "waist_position": 0.522642195224762,
  "torso_ratio": 1.1001981483635226,
  "shoulder_prominence": 0.040523648262023926,
  "hip_prominence": 0.0534967128187418
}