{
  "shoulder_hip_ratio": 1.5105128071788936,
  "waist_position": 0.497538685798645,
  "torso_ratio": 1.6799497412572788,
  "shoulder_prominence": 0.43250879645347595,
  "hip_prominence": 0.25735336542129517
}