{
  "shoulder_hip_ratio": 2.008867636853949,
  "waist_position": 0.4654068350791931,
  "torso_ratio": 1.3092904733602664,
  "shoulder_prominence": 0.26761768013238907,
  "hip_prominence": 0.18704088032245636
}