{
  "shoulder_hip_ratio": 2.1701805754016608,
  "waist_position": 0.4915042221546173,
  "torso_ratio": 1.798071685964683,
  "shoulder_prominence": 0.4648643732070923,
  "hip_prominence": 0.3680010437965393
}