{
  "shoulder_hip_ratio": 1.6618202008329273,
  "waist_position": 0.4891625791788101,
  "torso_ratio": 1.1655525000400269,
  "shoulder_prominence": 0.16308602131903172,
  "hip_prominence": 0.07891497761011124
}