{
  "shoulder_hip_ratio": 1.6311677831200118,
  "waist_position": 0.4649984687566757,
  "torso_ratio": 1.1720347218237626,
  "shoulder_prominence": 0.030495837330818176,
  "hip_prominence": 0.02244833018630743
}