{
  "shoulder_hip_ratio": 1.6575244171115986,
  "waist_position": 0.4953310191631317,
  "torso_ratio": 1.1348746895260065,
  "shoulder_prominence": 0.05706627666950226,
  "hip_prominence": 0.07678928226232529
}