{
  "shoulder_hip_ratio": 1.7878104307010874,
  "waist_position": 0.48179754614830017,
  "torso_ratio": 1.3290737365586751,
  "shoulder_prominence": 0.030736207962036133,
  "hip_prominence": 0.02051347680389881
}