{
  "shoulder_hip_ratio": 1.6968374744590233,
  "waist_position": 0.524068683385849,
  "torso_ratio": 1.2379591751278578,
  "shoulder_prominence": 0.05347372591495514,
  "hip_prominence": 0.0230476725846529
}