{
  "shoulder_hip_ratio": 1.6767464958204732,
  "waist_position": 0.537551760673523,
  "torso_ratio": 1.1160493567987044,
  "shoulder_prominence": 0.0330066904425621,
  "hip_prominence": 0.0012867477489635348
}