{
  "shoulder_hip_ratio": 1.787786553054033,
  "waist_position": 0.4889097362756729,
  "torso_ratio": 1.0355363714676113,
  "shoulder_prominence": 0.03278481960296631,
  "hip_prominence": 0.023654592223465443
}