{
  "shoulder_hip_ratio": 1.6582950774661267,
  "waist_position": 0.5101880729198456,
  "torso_ratio": 1.2620521651300267,
  "shoulder_prominence": 0.005962744355201721,
  "hip_prominence": 0.034797029569745064
}