{
  "shoulder_hip_ratio": 1.6329972595432223,
  "waist_position": 0.5442521870136261,
  "torso_ratio": 1.083080838856564,
  "shoulder_prominence": 0.12084871530532837,
  "hip_prominence": 0.07002715393900871
}