{
  "shoulder_hip_ratio": 1.7606181037720972,
  "waist_position": 0.48853832483291626,
  "torso_ratio": 1.287082362721017,
  "shoulder_prominence": 0.04822955280542374,
  "hip_prominence": 0.04793260805308819
}