{
  "shoulder_hip_ratio": 1.9685913762427498,
  "waist_position": 0.4986211508512497,
  "torso_ratio": 1.139427409194304,
  "shoulder_prominence": 0.0283686313778162,
  "hip_prominence": 0.003537530079483986
}