{
  "shoulder_hip_ratio": 1.766023091695658,
  "waist_position": 0.5285132825374603,
  "torso_ratio": 1.1540109272670445,
  "shoulder_prominence": 0.13034429028630257,
  "hip_prominence": 0.05949607491493225
}