{
  "shoulder_hip_ratio": 1.7222586229719012,
  "waist_position": 0.4756207764148712,
  "torso_ratio": 1.2238221295061398,
  "shoulder_prominence": 0.02008058875799179,
  "hip_prominence": 0.025216451846063137
}