{
  "shoulder_hip_ratio": 1.8525283630884222,
  "waist_position": 0.47472527623176575,
  "torso_ratio": 1.1601731430329663,
  "shoulder_prominence": 0.006204456090927124,
  "hip_prominence": 0.006839002715423703
}