{
  "shoulder_hip_ratio": 1.8879351731108942,
  "waist_position": 0.44494545459747314,
  "torso_ratio": 1.393359538348237,
  "shoulder_prominence": 0.3427392691373825,
  "hip_prominence": 0.25557759404182434
}