{
  "shoulder_hip_ratio": 1.7043189671513768,
  "waist_position": 0.48029235005378723,
  "torso_ratio": 1.3053033877756859,
  "shoulder_prominence": 0.26090551167726517,
  "hip_prominence": 0.1349877193570137
}