{
  "shoulder_hip_ratio": 2.0342441954611794,
  "waist_position": 0.46671079099178314,
  "torso_ratio": 1.1144954231129303,
  "shoulder_prominence": 0.12603603303432465,
  "hip_prominence": 0.10128017514944077
}