{
  "shoulder_hip_ratio": 1.69376887758964,
  "waist_position": 0.5332219004631042,
  "torso_ratio": 1.115164182103479,
  "shoulder_prominence": 0.025074921548366547,
  "hip_prominence": 0.02049294486641884
}