{
  "shoulder_hip_ratio": 1.601793496050243,
  "waist_position": 0.47473520040512085,
  "torso_ratio": 1.1520282243893982,
  "shoulder_prominence": 0.09478645026683807,
  "hip_prominence": 0.03488532267510891
}