{
  "shoulder_hip_ratio": 1.735046957263165,
  "waist_position": 0.5145324170589447,
  "torso_ratio": 1.110053700764631,
  "shoulder_prominence": 0.019589215517044067,
  "hip_prominence": 0.014733132906258106
}