{
  "shoulder_hip_ratio": 1.6246289425897318,
  "waist_position": 0.4990227520465851,
  "torso_ratio": 1.277807791414093,
  "shoulder_prominence": 0.04786529392004013,
  "hip_prominence": 0.024209563620388508
}