{
  "shoulder_hip_ratio": 1.8668297039957242,
  "waist_position": 0.5277294814586639,
  "torso_ratio": 1.3326443296860064,
  "shoulder_prominence": 0.07186119351536036,
  "hip_prominence": 0.0914255902171135
}