{
  "shoulder_hip_ratio": 1.625683142459122,
  "waist_position": 0.5064906477928162,
  "torso_ratio": 1.2684937462347081,
  "shoulder_prominence": 0.040972061455249786,
  "hip_prominence": 0.041222115978598595
}