{
  "shoulder_hip_ratio": 1.6207900230326513,
  "waist_position": 0.4922211766242981,
  "torso_ratio": 1.1633021886115564,
  "shoulder_prominence": 0.0400765985250473,
  "hip_prominence": 0.04436222463846207
}