{
  "shoulder_hip_ratio": 1.781242415825879,
  "waist_position": 0.5139925330877304,
  "torso_ratio": 1.110109826183315,
  "shoulder_prominence": 0.06365828961133957,
  "hip_prominence": 0.0210765041410923
}