{
  "shoulder_hip_ratio": 1.9834619960043476,
  "waist_position": 0.5037889033555984,
  "torso_ratio": 1.245870051569106,
  "shoulder_prominence": 0.0027340371161699295,
  "hip_prominence": 0.004921223036944866
}