{
  "shoulder_hip_ratio": 1.6607944714928922,
  "waist_position": 0.5242454707622528,
  "torso_ratio": 1.116609348087535,
  "shoulder_prominence": 0.06352008879184723,
  "hip_prominence": 0.0656990073621273
}