{
  "shoulder_hip_ratio": 1.7933530937931692,
  "waist_position": 0.4887508749961853,
  "torso_ratio": 1.257252885989389,
  "shoulder_prominence": 0.22263960540294647,
  "hip_prominence": 0.11692918092012405
}