{
  "shoulder_hip_ratio": 1.647865581966251,
  "waist_position": 0.4897276908159256,
  "torso_ratio": 1.2521027298854974,
  "shoulder_prominence": 0.044650912284851074,
  "hip_prominence": 0.024091120809316635
}