{
  "shoulder_hip_ratio": 1.8693286583005206,
  "waist_position": 0.478332057595253,
  "torso_ratio": 1.0832227776692838,
  "shoulder_prominence": 0.042357802391052246,
  "hip_prominence": 0.01456874469295144
}