{
  "shoulder_hip_ratio": 1.7967865882293408,
  "waist_position": 0.5060952007770538,
  "torso_ratio": 1.0979876494551772,
  "shoulder_prominence": 0.014758706092834473,
  "hip_prominence": 0.04331021010875702
}