{
  "shoulder_hip_ratio": 1.658426917030535,
  "waist_position": 0.5438303649425507,
  "torso_ratio": 1.071699401692289,
  "shoulder_prominence": 0.012907087802886963,
  "hip_prominence": 0.01644716877490282
}