{
  "shoulder_hip_ratio": 1.7535249296363293,
  "waist_position": 0.502685159444809,
  "torso_ratio": 1.3603750584926482,
  "shoulder_prominence": 0.2801764979958534,
  "hip_prominence": 0.20472946763038635
}