{
  "shoulder_hip_ratio": 1.8710131540812511,
  "waist_position": 0.5202329158782959,
  "torso_ratio": 1.1614758025439853,
  "shoulder_prominence": 0.1376713588833809,
  "hip_prominence": 0.05934351868927479
}