{
  "shoulder_hip_ratio": 1.8119921891517077,
  "waist_position": 0.5099331140518188,
  "torso_ratio": 1.2443448961306949,
  "shoulder_prominence": 0.07761292904615402,
  "hip_prominence": 0.024601240642368793
}