{
  "shoulder_hip_ratio": 2.120562477601849,
  "waist_position": 0.5107746422290802,
  "torso_ratio": 1.2453564217363835,
  "shoulder_prominence": 0.013685949146747589,
  "hip_prominence": 0.07215103134512901
}