{
  "shoulder_hip_ratio": 1.8567322159756412,
  "waist_position": 0.45236705243587494,
  "torso_ratio": 1.7727203883547697,
  "shoulder_prominence": 0.3611364886164665,
  "hip_prominence": 0.25247715413570404
}