{
  "shoulder_hip_ratio": 1.3663357933720648,
  "waist_position": 0.5510946214199066,
  "torso_ratio": 2.1137812822146484,
  "shoulder_prominence": 0.5538068115711212,
  "hip_prominence": 0.3640596717596054
}