{
  "shoulder_hip_ratio": 1.6179702528336166,
  "waist_position": 0.48284706473350525,
  "torso_ratio": 1.218599978787265,
  "shoulder_prominence": 0.027857137843966484,
  "hip_prominence": 0.013555609621107578
}