{
  "shoulder_hip_ratio": 1.7907820061844126,
  "waist_position": 0.5107439458370209,
  "torso_ratio": 1.2435430364780649,
  "shoulder_prominence": 0.05660024285316467,
  "hip_prominence": 0.07418526709079742
}