{
  "shoulder_hip_ratio": 2.096784906616841,
  "waist_position": 0.49589481949806213,
  "torso_ratio": 1.3029147284865945,
  "shoulder_prominence": 0.09819965809583664,
  "hip_prominence": 0.12276095896959305
}