{
  "shoulder_hip_ratio": 2.1596569183768093,
  "waist_position": 0.45822978019714355,
  "torso_ratio": 1.1403349152190514,
  "shoulder_prominence": 0.2042229175567627,
  "hip_prominence": 0.17672304809093475
}