{
  "shoulder_hip_ratio": 1.6705161392962111,
  "waist_position": 0.48557062447071075,
  "torso_ratio": 1.3162180047996375,
  "shoulder_prominence": 0.14253269881010056,
  "hip_prominence": 0.07518811896443367
}