{
  "shoulder_hip_ratio": 1.7306386204682522,
  "waist_position": 0.544958621263504,
  "torso_ratio": 1.390986933973317,
  "shoulder_prominence": 0.14887057431042194,
  "hip_prominence": 0.1519654393196106
}