{
  "shoulder_hip_ratio": 1.984057692966667,
  "waist_position": 0.4907409995794296,
  "torso_ratio": 1.3719791837153703,
  "shoulder_prominence": 0.24570273607969284,
  "hip_prominence": 0.1710778772830963
}