{
  "shoulder_hip_ratio": 1.795871089962388,
  "waist_position": 0.4920807033777237,
  "torso_ratio": 1.1612067168040598,
  "shoulder_prominence": 0.1400948129594326,
  "hip_prominence": 0.053330034017562866
}