{
  "shoulder_hip_ratio": 1.5299241910087464,
  "waist_position": 0.4606945812702179,
  "torso_ratio": 1.2583410192742426,
  "shoulder_prominence": 0.18542090896517038,
  "hip_prominence": 0.09897834807634354
}