{
  "shoulder_hip_ratio": 1.71809054390786,
  "waist_position": 0.48202739655971527,
  "torso_ratio": 1.2569617419016605,
  "shoulder_prominence": 0.07622946798801422,
  "hip_prominence": 0.053369587287306786
}