{
  "shoulder_hip_ratio": 1.7811446255183263,
  "waist_position": 0.5241380333900452,
  "torso_ratio": 1.2866894365618524,
  "shoulder_prominence": 0.04192810878157616,
  "hip_prominence": 0.005565330618992448
}