{
  "shoulder_hip_ratio": 1.6036322660725064,
  "waist_position": 0.5096825659275055,
  "torso_ratio": 1.1642843136277825,
  "shoulder_prominence": 0.10644230619072914,
  "hip_prominence": 0.0731559507548809
}