{
  "shoulder_hip_ratio": 1.7181052488874005,
  "waist_position": 0.4967622458934784,
  "torso_ratio": 1.1308304725995946,
  "shoulder_prominence": 0.07290449738502502,
  "hip_prominence": 0.05327085964381695
}