{
  "shoulder_hip_ratio": 1.712005902210915,
  "waist_position": 0.5281344056129456,
  "torso_ratio": 1.2207064915673183,
  "shoulder_prominence": 0.09316248819231987,
  "hip_prominence": 0.055122192949056625
}