{
  "shoulder_hip_ratio": 1.9221254566307733,
  "waist_position": 0.5732982456684113,
  "torso_ratio": 1.3717217589555393,
  "shoulder_prominence": 0.3543034978210926,
  "hip_prominence": 0.24175313115119934
}