{
  "shoulder_hip_ratio": 1.609522975154279,
  "waist_position": 0.5355540215969086,
  "torso_ratio": 1.1334979898605442,
  "shoulder_prominence": 0.05950101464986801,
  "hip_prominence": 0.01872056908905506
}