{
  "shoulder_hip_ratio": 1.6835416772849285,
  "waist_position": 0.4802519977092743,
  "torso_ratio": 1.2441279626395825,
  "shoulder_prominence": 0.022296547889709473,
  "hip_prominence": 0.004429882392287254
}