{
  "shoulder_hip_ratio": 1.5498029177418298,
  "waist_position": 0.48732703924179077,
  "torso_ratio": 1.2713580116703262,
  "shoulder_prominence": 0.1059487834572792,
  "hip_prominence": 0.06853151321411133
}