{
  "shoulder_hip_ratio": 1.6344250251904104,
  "waist_position": 0.5129658281803131,
  "torso_ratio": 1.2684797097965312,
  "shoulder_prominence": 0.021329589188098907,
  "hip_prominence": 0.013876855839043856
}