{
  "shoulder_hip_ratio": 1.7121980953400249,
  "waist_position": 0.5207929909229279,
  "torso_ratio": 1.1388773085600792,
  "shoulder_prominence": 0.04354164097458124,
  "hip_prominence": 0.05066113546490669
}