{
  "shoulder_hip_ratio": 1.914555887167348,
  "waist_position": 0.5100553333759308,
  "torso_ratio": 1.2258156231365431,
  "shoulder_prominence": 0.025351539254188538,
  "hip_prominence": 0.02288263477385044
}