{
  "shoulder_hip_ratio": 1.7242287245096992,
  "waist_position": 0.5089787840843201,
  "torso_ratio": 1.2693658347882775,
  "shoulder_prominence": 0.16143106669187546,
  "hip_prominence": 0.08265188336372375
}