{
  "shoulder_hip_ratio": 1.5925263033025632,
  "waist_position": 0.5123346894979477,
  "torso_ratio": 1.2127673980688614,
  "shoulder_prominence": 0.06726298481225967,
  "hip_prominence": 0.08081468194723129
}