{
  "shoulder_hip_ratio": 1.668123073306927,
  "waist_position": 0.47030968964099884,
  "torso_ratio": 1.1409859769812247,
  "shoulder_prominence": 0.08343683555722237,
  "hip_prominence": 0.07888001203536987
}