{
  "shoulder_hip_ratio": 1.8954586439859031,
  "waist_position": 0.4728209972381592,
  "torso_ratio": 1.0707125486842977,
  "shoulder_prominence": 0.05684053897857666,
  "hip_prominence": 0.003342840587720275
}