{
  "shoulder_hip_ratio": 1.280955090934211,
  "waist_position": 0.45028527081012726,
  "torso_ratio": 2.5090988621564705,
  "shoulder_prominence": 0.5578450039029121,
  "hip_prominence": 0.3718421161174774
}