{
  "shoulder_hip_ratio": 1.8410662584970447,
  "waist_position": 0.510320633649826,
  "torso_ratio": 1.1641392982509697,
  "shoulder_prominence": 0.06268310546875,
  "hip_prominence": 0.04189086705446243
}