{
  "shoulder_hip_ratio": 1.756553974701225,
  "waist_position": 0.5091516673564911,
  "torso_ratio": 1.259330951718614,
  "shoulder_prominence": 0.03237682435428724,
  "hip_prominence": 0.018994517624378204
}