{
  "shoulder_hip_ratio": 1.4750596303227548,
  "waist_position": 0.49862489104270935,
  "torso_ratio": 1.2345051793142146,
  "shoulder_prominence": 0.02918142080307007,
  "hip_prominence": 0.00800919346511364
}