{
  "shoulder_hip_ratio": 1.6436648496836466,
  "waist_position": 0.4739401936531067,
  "torso_ratio": 1.2237480026528407,
  "shoulder_prominence": 0.021762239921372384,
  "hip_prominence": 0.04768228158354759
}