{
  "shoulder_hip_ratio": 1.7964734600973518,
  "waist_position": 0.5350743234157562,
  "torso_ratio": 1.3806506235687712,
  "shoulder_prominence": 0.14005737006664276,
  "hip_prominence": 0.1477716788649559
}