{
  "shoulder_hip_ratio": 1.8678289669384578,
  "waist_position": 0.4956216812133789,
  "torso_ratio": 1.30053620423605,
  "shoulder_prominence": 0.03907307982444763,
  "hip_prominence": 0.006049451418220997
}