{
  "shoulder_hip_ratio": 1.8048723695088564,
  "waist_position": 0.5068346858024597,
  "torso_ratio": 1.2303697101190807,
  "shoulder_prominence": 0.18319512531161308,
  "hip_prominence": 0.11286172643303871
}