{
  "shoulder_hip_ratio": 1.7861605273268146,
  "waist_position": 0.5141542851924896,
  "torso_ratio": 1.2506935495600093,
  "shoulder_prominence": 0.1936272606253624,
  "hip_prominence": 0.1283128708600998
}