{
  "shoulder_hip_ratio": 1.5547964272808827,
  "waist_position": 0.49552108347415924,
  "torso_ratio": 1.4071175724290303,
  "shoulder_prominence": 0.018559500575065613,
  "hip_prominence": 0.03271044045686722
}