{
  "shoulder_hip_ratio": 1.7144811858914422,
  "waist_position": 0.44148580729961395,
  "torso_ratio": 1.4230344496930278,
  "shoulder_prominence": 0.289676696062088,
  "hip_prominence": 0.21684394031763077
}