{
  "shoulder_hip_ratio": 1.6580742775070763,
  "waist_position": 0.49447306990623474,
  "torso_ratio": 1.3966485635952872,
  "shoulder_prominence": 0.1668175533413887,
  "hip_prominence": 0.07835138216614723
}