{
  "shoulder_hip_ratio": 1.8634421589687837,
  "waist_position": 0.5090382993221283,
  "torso_ratio": 1.121599680298538,
  "shoulder_prominence": 0.13539467006921768,
  "hip_prominence": 0.049333760514855385
}