{
  "shoulder_hip_ratio": 1.8072187627161074,
  "waist_position": 0.48727813363075256,
  "torso_ratio": 1.124807369890935,
  "shoulder_prominence": 0.0038860440254211426,
  "hip_prominence": 0.007316405652090907
}