{
  "shoulder_hip_ratio": 1.666698432564679,
  "waist_position": 0.47323523461818695,
  "torso_ratio": 1.3246866376548956,
  "shoulder_prominence": 0.22303136438131332,
  "hip_prominence": 0.12743697315454483
}