{
  "shoulder_hip_ratio": 1.7822235244127345,
  "waist_position": 0.4932727515697479,
  "torso_ratio": 1.1371543392827448,
  "shoulder_prominence": 0.008275896310806274,
  "hip_prominence": 0.031535022892057896
}