{
  "shoulder_hip_ratio": 1.7951216416882365,
  "waist_position": 0.4968816787004471,
  "torso_ratio": 1.2083724500018194,
  "shoulder_prominence": 0.08588134124875069,
  "hip_prominence": 0.05195434205234051
}