{
  "shoulder_hip_ratio": 1.6136956563224236,
  "waist_position": 0.5063370615243912,
  "torso_ratio": 1.2612486871035777,
  "shoulder_prominence": 0.03050381690263748,
  "hip_prominence": 0.03273905627429485
}