{
  "shoulder_hip_ratio": 1.7726079037321272,
  "waist_position": 0.46984177827835083,
  "torso_ratio": 1.2186125458227808,
  "shoulder_prominence": 0.05032949149608612,
  "hip_prominence": 0.028386523947119713
}