{
  "shoulder_hip_ratio": 1.875122833490918,
  "waist_position": 0.5132756233215332,
  "torso_ratio": 1.3125366046451405,
  "shoulder_prominence": 0.05568654462695122,
  "hip_prominence": 0.020344791002571583
}