{
  "shoulder_hip_ratio": 1.5339941584351087,
  "waist_position": 0.4896404445171356,
  "torso_ratio": 1.25206992885917,
  "shoulder_prominence": 0.08466939628124237,
  "hip_prominence": 0.06331278011202812
}