{
  "shoulder_hip_ratio": 1.54744815735343,
  "waist_position": 0.461880087852478,
  "torso_ratio": 1.2610837383778584,
  "shoulder_prominence": 0.1856539137661457,
  "hip_prominence": 0.10716747120022774
}