{
  "shoulder_hip_ratio": 1.6464505001052834,
  "waist_position": 0.46486273407936096,
  "torso_ratio": 1.22162069958031,
  "shoulder_prominence": 0.09186353697441518,
  "hip_prominence": 0.064772117882967
}