{
  "shoulder_hip_ratio": 2.0663732817930165,
  "waist_position": 0.45003344118595123,
  "torso_ratio": 1.30141068357546,
  "shoulder_prominence": 0.048121243715286255,
  "hip_prominence": 0.058077866211533546
}