{
  "shoulder_hip_ratio": 1.6666352971118583,
  "waist_position": 0.4985813796520233,
  "torso_ratio": 1.080076355115048,
  "shoulder_prominence": 0.03260962665081024,
  "hip_prominence": 0.03616219945251942
}