{
  "shoulder_hip_ratio": 1.7106179844761902,
  "waist_position": 0.48231831192970276,
  "torso_ratio": 1.1087058096658806,
  "shoulder_prominence": 0.06231265515089035,
  "hip_prominence": 0.059749072417616844
}