{
  "shoulder_hip_ratio": 1.7302154711159285,
  "waist_position": 0.46148712933063507,
  "torso_ratio": 1.2980259108849006,
  "shoulder_prominence": 0.031106293201446533,
  "hip_prominence": 0.017321649938821793
}