{
  "shoulder_hip_ratio": 1.7434894505142533,
  "waist_position": 0.49329623579978943,
  "torso_ratio": 1.079346612819333,
  "shoulder_prominence": 0.1821153461933136,
  "hip_prominence": 0.11782591417431831
}