{
  "shoulder_hip_ratio": 1.7426679975683077,
  "waist_position": 0.5150451958179474,
  "torso_ratio": 1.3059595638474455,
  "shoulder_prominence": 0.074258130392991,
  "hip_prominence": 0.06687845662236214
}