{
  "shoulder_hip_ratio": 1.8344695900662822,
  "waist_position": 0.46430453658103943,
  "torso_ratio": 1.5319604114245258,
  "shoulder_prominence": 0.05317254411056638,
  "hip_prominence": 0.08459652215242386
}