{
  "shoulder_hip_ratio": 1.677271027525878,
  "waist_position": 0.513267308473587,
  "torso_ratio": 1.2805992424597856,
  "shoulder_prominence": 0.08078506588935852,
  "hip_prominence": 0.07902311533689499
}