{
  "shoulder_hip_ratio": 1.8031904494184283,
  "waist_position": 0.4623212069272995,
  "torso_ratio": 1.262866169672141,
  "shoulder_prominence": 0.0689306054264307,
  "hip_prominence": 0.03656193986535072
}