{
  "shoulder_hip_ratio": 1.8298874133330976,
  "waist_position": 0.5048114955425262,
  "torso_ratio": 1.2381976053364747,
  "shoulder_prominence": 0.050384724512696266,
  "hip_prominence": 0.003912405692972243
}