{
  "shoulder_hip_ratio": 1.6527675908907689,
  "waist_position": 0.5081778317689896,
  "torso_ratio": 1.3659747493883547,
  "shoulder_prominence": 0.1483348961919546,
  "hip_prominence": 0.05973167158663273
}