{
  "shoulder_hip_ratio": 1.6168457768419584,
  "waist_position": 0.5069140791893005,
  "torso_ratio": 1.5876629166708358,
  "shoulder_prominence": 0.3263520151376724,
  "hip_prominence": 0.1750704050064087
}