{
  "shoulder_hip_ratio": 1.6342976823639261,
  "waist_position": 0.4962383806705475,
  "torso_ratio": 1.207487051317227,
  "shoulder_prominence": 0.03843219578266144,
  "hip_prominence": 0.02554337028414011
}