{
  "shoulder_hip_ratio": 1.7117246335684457,
  "waist_position": 0.48232054710388184,
  "torso_ratio": 1.2873282440872942,
  "shoulder_prominence": 0.07533639390021563,
  "hip_prominence": 0.022184577770531178
}