{
  "shoulder_hip_ratio": 1.6664233127872488,
  "waist_position": 0.4822595715522766,
  "torso_ratio": 1.1885522766347372,
  "shoulder_prominence": 0.11362527683377266,
  "hip_prominence": 0.03870890475809574
}