{
  "shoulder_hip_ratio": 1.546092182996409,
  "waist_position": 0.49333538115024567,
  "torso_ratio": 1.2626696691361596,
  "shoulder_prominence": 0.003272034227848053,
  "hip_prominence": 0.023788753896951675
}