{
  "shoulder_hip_ratio": 1.6275924269535236,
  "waist_position": 0.5064418315887451,
  "torso_ratio": 1.1894994484810408,
  "shoulder_prominence": 0.12508616596460342,
  "hip_prominence": 0.07139840722084045
}