{
  "shoulder_hip_ratio": 1.723628563817089,
  "waist_position": 0.47858597338199615,
  "torso_ratio": 1.1406792546947369,
  "shoulder_prominence": 0.05713552050292492,
  "hip_prominence": 0.02205846831202507
}