{
  "shoulder_hip_ratio": 1.818518408866908,
  "waist_position": 0.4675314873456955,
  "torso_ratio": 1.1547244315899934,
  "shoulder_prominence": 0.005769561976194382,
  "hip_prominence": 0.017643957398831844
}