{
  "shoulder_hip_ratio": 1.776272558060044,
  "waist_position": 0.4726848304271698,
  "torso_ratio": 1.3141151532666158,
  "shoulder_prominence": 0.018312126398086548,
  "hip_prominence": 0.03215238265693188
}