{
  "shoulder_hip_ratio": 1.7287140413098387,
  "waist_position": 0.48564255237579346,
  "torso_ratio": 1.1628850278985323,
  "shoulder_prominence": 0.05978313833475113,
  "hip_prominence": 0.0388571098446846
}