{
  "shoulder_hip_ratio": 1.8349503228695034,
  "waist_position": 0.49121858179569244,
  "torso_ratio": 1.1570255158421772,
  "shoulder_prominence": 0.04038900136947632,
  "hip_prominence": 0.050610752776265144
}