{
  "shoulder_hip_ratio": 1.8817347060836762,
  "waist_position": 0.49482493102550507,
  "torso_ratio": 1.4933622080031306,
  "shoulder_prominence": 0.014427270740270615,
  "hip_prominence": 0.006886492483317852
}