{
  "shoulder_hip_ratio": 1.7887217357232241,
  "waist_position": 0.50140580534935,
  "torso_ratio": 1.0643271984933862,
  "shoulder_prominence": 0.044127464294433594,
  "hip_prominence": 0.016931799240410328
}