{
  "shoulder_hip_ratio": 1.747054367294253,
  "waist_position": 0.5339739322662354,
  "torso_ratio": 1.2578821316308284,
  "shoulder_prominence": 0.2916382774710655,
  "hip_prominence": 0.2087891548871994
}