{
  "shoulder_hip_ratio": 1.8942815185648882,
  "waist_position": 0.49420778453350067,
  "torso_ratio": 1.1541080330596103,
  "shoulder_prominence": 0.05444410350173712,
  "hip_prominence": 0.016390052624046803
}