{
  "shoulder_hip_ratio": 1.7597352358358311,
  "waist_position": 0.4612051248550415,
  "torso_ratio": 1.268448901965133,
  "shoulder_prominence": 0.35005027055740356,
  "hip_prominence": 0.24973169714212418
}