{
  "shoulder_hip_ratio": 1.5463348857278454,
  "waist_position": 0.5049212872982025,
  "torso_ratio": 1.388006170327924,
  "shoulder_prominence": 0.0902383141219616,
  "hip_prominence": 0.01526300748810172
}