{
  "shoulder_hip_ratio": 1.8863015606839664,
  "waist_position": 0.49001532793045044,
  "torso_ratio": 1.2399000629484653,
  "shoulder_prominence": 0.06945235282182693,
  "hip_prominence": 0.041544655337929726
}