{
  "shoulder_hip_ratio": 1.9101724921330518,
  "waist_position": 0.49437980353832245,
  "torso_ratio": 1.2117180409111663,
  "shoulder_prominence": 0.10911872237920761,
  "hip_prominence": 0.057473424822092056
}