{
  "shoulder_hip_ratio": 1.902174852513137,
  "waist_position": 0.48919838666915894,
  "torso_ratio": 1.2517928962529243,
  "shoulder_prominence": 0.13445434719324112,
  "hip_prominence": 0.07904320955276489
}