{
  "shoulder_hip_ratio": 2.2994243765665168,
  "waist_position": 0.4916383773088455,
  "torso_ratio": 1.2602708142967607,
  "shoulder_prominence": 0.40084658563137054,
  "hip_prominence": 0.3034083992242813
}