{
  "shoulder_hip_ratio": 1.6420365430332657,
  "waist_position": 0.4969758242368698,
  "torso_ratio": 1.1927474593116898,
  "shoulder_prominence": 0.04920606249311277,
  "hip_prominence": 0.017384114675223827
}