{
  "shoulder_hip_ratio": 1.9071619487118432,
  "waist_position": 0.45735856890678406,
  "torso_ratio": 1.191821890541841,
  "shoulder_prominence": 0.0729418471455574,
  "hip_prominence": 1.4758086763322353e-05
}