{
  "shoulder_hip_ratio": 1.5095479618232637,
  "waist_position": 0.49152320623397827,
  "torso_ratio": 1.2408720114936127,
  "shoulder_prominence": 0.009919784963130951,
  "hip_prominence": 0.006988625740632415
}