{
  "shoulder_hip_ratio": 1.745763266450391,
  "waist_position": 0.4954824149608612,
  "torso_ratio": 1.2174885233106676,
  "shoulder_prominence": 0.009741649031639099,
  "hip_prominence": 0.012490945868194103
}