{
  "shoulder_hip_ratio": 1.6838241777368286,
  "waist_position": 0.5184187591075897,
  "torso_ratio": 1.2715361395501732,
  "shoulder_prominence": 0.3127142935991287,
  "hip_prominence": 0.1600024476647377
}