{
  "shoulder_hip_ratio": 1.5727600791998513,
  "waist_position": 0.5222169458866119,
  "torso_ratio": 1.2531773761126284,
  "shoulder_prominence": 0.016226157546043396,
  "hip_prominence": 0.0112162996083498
}