{
  "shoulder_hip_ratio": 1.7403313158586151,
  "waist_position": 0.5208546221256256,
  "torso_ratio": 1.3877556597489291,
  "shoulder_prominence": 0.20617163181304932,
  "hip_prominence": 0.15429601073265076
}