{
  "shoulder_hip_ratio": 1.887891882016351,
  "waist_position": 0.4738614559173584,
  "torso_ratio": 1.3572384454991921,
  "shoulder_prominence": 0.011677771806716919,
  "hip_prominence": 0.052137235179543495
}