{
  "shoulder_hip_ratio": 1.7133183782149335,
  "waist_position": 0.47711141407489777,
  "torso_ratio": 1.25768431475133,
  "shoulder_prominence": 0.06159231811761856,
  "hip_prominence": 0.028610188513994217
}