{
  "shoulder_hip_ratio": 1.6995719107775493,
  "waist_position": 0.5060571432113647,
  "torso_ratio": 1.1968242941475282,
  "shoulder_prominence": 0.086749617010355,
  "hip_prominence": 0.07957553118467331
}