{
  "shoulder_hip_ratio": 1.6802035203781696,
  "waist_position": 0.500957578420639,
  "torso_ratio": 1.271973018963511,
  "shoulder_prominence": 0.09126217477023602,
  "hip_prominence": 0.08002976700663567
}