{
  "shoulder_hip_ratio": 1.6568098206719188,
  "waist_position": 0.4858131408691406,
  "torso_ratio": 1.1580004528517862,
  "shoulder_prominence": 0.14896128902910277,
  "hip_prominence": 0.09733698517084122
}