{
  "shoulder_hip_ratio": 1.7529000153089027,
  "waist_position": 0.5037376284599304,
  "torso_ratio": 1.2135885277702265,
  "shoulder_prominence": 0.10543615906499326,
  "hip_prominence": 0.043389877304434776
}