{
  "shoulder_hip_ratio": 1.6275137340075623,
  "waist_position": 0.49345986545085907,
  "torso_ratio": 1.263516075700262,
  "shoulder_prominence": 0.02045881748199463,
  "hip_prominence": 0.006420346675440669
}