{
  "shoulder_hip_ratio": 1.6302406657936122,
  "waist_position": 0.5098666846752167,
  "torso_ratio": 1.1650869657868304,
  "shoulder_prominence": 0.09371388703584671,
  "hip_prominence": 0.053203389048576355
}