{
  "shoulder_hip_ratio": 2.007342361096088,
  "waist_position": 0.5231200456619263,
  "torso_ratio": 1.2844515980486808,
  "shoulder_prominence": 0.020475611090660095,
  "hip_prominence": 0.011659184470772743
}