{
  "shoulder_hip_ratio": 1.8700657331890356,
  "waist_position": 0.5247738659381866,
  "torso_ratio": 1.150531877886333,
  "shoulder_prominence": 0.16643696278333664,
  "hip_prominence": 0.054613905027508736
}