{
  "shoulder_hip_ratio": 1.5659166685870998,
  "waist_position": 0.5269571244716644,
  "torso_ratio": 1.281266724614289,
  "shoulder_prominence": 0.07026279345154762,
  "hip_prominence": 0.019793929532170296
}