{
  "shoulder_hip_ratio": 1.825237344522474,
  "waist_position": 0.5019953101873398,
  "torso_ratio": 1.3437521795081184,
  "shoulder_prominence": 0.12813573330640793,
  "hip_prominence": 0.07559305429458618
}