{
  "shoulder_hip_ratio": 1.547901916792376,
  "waist_position": 0.5056061744689941,
  "torso_ratio": 1.7348480605767043,
  "shoulder_prominence": 0.4327234774827957,
  "hip_prominence": 0.27526967227458954
}