{
  "shoulder_hip_ratio": 1.8702647025348245,
  "waist_position": 0.4761938005685806,
  "torso_ratio": 1.3513168609676318,
  "shoulder_prominence": 0.0023051798343658447,
  "hip_prominence": 0.029698018915951252
}