{
  "shoulder_hip_ratio": 2.3641574276091086,
  "waist_position": 0.46214407682418823,
  "torso_ratio": 1.477014837214858,
  "shoulder_prominence": 0.22623446583747864,
  "hip_prominence": 0.2261524349451065
}