{
  "shoulder_hip_ratio": 1.9084373662081755,
  "waist_position": 0.4810803681612015,
  "torso_ratio": 1.3119822534288836,
  "shoulder_prominence": 0.08247888088226318,
  "hip_prominence": 0.05268135294318199
}