{
  "shoulder_hip_ratio": 2.067694430659603,
  "waist_position": 0.5032333731651306,
  "torso_ratio": 1.1858005677215475,
  "shoulder_prominence": 0.013895474374294281,
  "hip_prominence": 0.07868625968694687
}