{
  "shoulder_hip_ratio": 1.5453019173085676,
  "waist_position": 0.525707557797432,
  "torso_ratio": 1.221897024557435,
  "shoulder_prominence": 0.04445912688970566,
  "hip_prominence": 0.03579208813607693
}