{
  "shoulder_hip_ratio": 1.6329454878169096,
  "waist_position": 0.5236300528049469,
  "torso_ratio": 1.3190217495745058,
  "shoulder_prominence": 0.07769912481307983,
  "hip_prominence": 0.06558074429631233
}