{
  "shoulder_hip_ratio": 1.5647508136334864,
  "waist_position": 0.5586009323596954,
  "torso_ratio": 1.6322464410211281,
  "shoulder_prominence": 0.4322594851255417,
  "hip_prominence": 0.24089458584785461
}