{
  "shoulder_hip_ratio": 1.5240387657265846,
  "waist_position": 0.5064781904220581,
  "torso_ratio": 1.496045311053133,
  "shoulder_prominence": 0.18923060595989227,
  "hip_prominence": 0.14293183386325836
}