{
  "shoulder_hip_ratio": 1.7763990439351403,
  "waist_position": 0.4944268614053726,
  "torso_ratio": 1.2805130870652066,
  "shoulder_prominence": 0.06324438750743866,
  "hip_prominence": 0.02669839095324278
}