{
  "shoulder_hip_ratio": 1.6254118730191836,
  "waist_position": 0.5054167211055756,
  "torso_ratio": 1.2037018432271862,
  "shoulder_prominence": 0.11442625895142555,
  "hip_prominence": 0.025142202153801918
}