{
  "shoulder_hip_ratio": 1.635518298863969,
  "waist_position": 0.5594009160995483,
  "torso_ratio": 1.6825468284002956,
  "shoulder_prominence": 0.36289115250110626,
  "hip_prominence": 0.20929328352212906
}