{
  "shoulder_hip_ratio": 1.6977217851814828,
  "waist_position": 0.4926731586456299,
  "torso_ratio": 1.2338248259761122,
  "shoulder_prominence": 0.07706870138645172,
  "hip_prominence": 0.05202614143490791
}