{
  "shoulder_hip_ratio": 1.909802625011719,
  "waist_position": 0.475692480802536,
  "torso_ratio": 1.2225632615943984,
  "shoulder_prominence": 0.06705964356660843,
  "hip_prominence": 0.0033142297761514783
}