{
  "shoulder_hip_ratio": 1.3714091649230757,
  "waist_position": 0.45841579139232635,
  "torso_ratio": 2.3082361390564676,
  "shoulder_prominence": 0.451985239982605,
  "hip_prominence": 0.2926192581653595
}