{
  "shoulder_hip_ratio": 1.3700066016403685,
  "waist_position": 0.47425252199172974,
  "torso_ratio": 2.5772694146004373,
  "shoulder_prominence": 0.5365714877843857,
  "hip_prominence": 0.3524874299764633
}