{
  "shoulder_hip_ratio": 1.6897477332472464,
  "waist_position": 0.5286137163639069,
  "torso_ratio": 1.219666135022048,
  "shoulder_prominence": 0.007670555263757706,
  "hip_prominence": 0.02245611697435379
}