{
  "shoulder_hip_ratio": 1.6680940245678484,
  "waist_position": 0.5034363865852356,
  "torso_ratio": 1.2269254527723816,
  "shoulder_prominence": 0.010051287710666656,
  "hip_prominence": 0.05522230267524719
}