{
  "shoulder_hip_ratio": 1.5952741925193237,
  "waist_position": 0.45266292989254,
  "torso_ratio": 1.2983639809676277,
  "shoulder_prominence": 0.19540558196604252,
  "hip_prominence": 0.180365689098835
}