{
  "shoulder_hip_ratio": 1.9696453592686691,
  "waist_position": 0.4965355843305588,
  "torso_ratio": 1.1863476808533202,
  "shoulder_prominence": 0.021900437772274017,
  "hip_prominence": 0.07199713587760925
}