{
  "shoulder_hip_ratio": 1.7294864994895707,
  "waist_position": 0.5106964111328125,
  "torso_ratio": 1.2955074816552996,
  "shoulder_prominence": 0.2875692527741194,
  "hip_prominence": 0.15566890686750412
}