{
  "shoulder_hip_ratio": 1.773138301647029,
  "waist_position": 0.5097799748182297,
  "torso_ratio": 1.1424869870711318,
  "shoulder_prominence": 0.06389148533344269,
  "hip_prominence": 0.039388012140989304
}