{
  "shoulder_hip_ratio": 1.6598166455522272,
  "waist_position": 0.4916239380836487,
  "torso_ratio": 1.2601137619658267,
  "shoulder_prominence": 0.035019561648368835,
  "hip_prominence": 0.028671748004853725
}