{
  "shoulder_hip_ratio": 1.80300839497737,
  "waist_position": 0.5022544264793396,
  "torso_ratio": 1.2014122652986396,
  "shoulder_prominence": 0.12599933426827192,
  "hip_prominence": 0.0708254836499691
}