{
  "shoulder_hip_ratio": 1.915415931987837,
  "waist_position": 0.4658074527978897,
  "torso_ratio": 1.366582768512579,
  "shoulder_prominence": 0.18673893809318542,
  "hip_prominence": 0.1608080193400383
}