{
  "shoulder_hip_ratio": 1.5085205453659019,
  "waist_position": 0.5095096230506897,
  "torso_ratio": 1.2321441173211738,
  "shoulder_prominence": 0.13615748658776283,
  "hip_prominence": 0.029154174961149693
}