{
  "shoulder_hip_ratio": 1.7385053289441346,
  "waist_position": 0.5085519254207611,
  "torso_ratio": 1.2887023961178108,
  "shoulder_prominence": 0.23997394740581512,
  "hip_prominence": 0.1268816590309143
}