{
  "shoulder_hip_ratio": 1.5383778082052746,
  "waist_position": 0.5246256291866302,
  "torso_ratio": 1.3232266705161972,
  "shoulder_prominence": 0.20035028457641602,
  "hip_prominence": 0.09405337274074554
}