{
  "shoulder_hip_ratio": 1.5945246046847883,
  "waist_position": 0.49893027544021606,
  "torso_ratio": 1.245849961717317,
  "shoulder_prominence": 0.10130198672413826,
  "hip_prominence": 0.06845349445939064
}