{
  "shoulder_hip_ratio": 1.6347407416684292,
  "waist_position": 0.46448035538196564,
  "torso_ratio": 1.2899409945241807,
  "shoulder_prominence": 0.11580754816532135,
  "hip_prominence": 0.06065589562058449
}