{
  "shoulder_hip_ratio": 1.7911140062585948,
  "waist_position": 0.5046113133430481,
  "torso_ratio": 1.2535407572578048,
  "shoulder_prominence": 0.08272584527730942,
  "hip_prominence": 0.07094873860478401
}