{
  "shoulder_hip_ratio": 1.7699343442573128,
  "waist_position": 0.5301799476146698,
  "torso_ratio": 1.318353920452081,
  "shoulder_prominence": 0.040131576359272,
  "hip_prominence": 0.0030679120682179928
}