{
  "shoulder_hip_ratio": 1.8300224729726817,
  "waist_position": 0.5043472647666931,
  "torso_ratio": 1.1237986816359817,
  "shoulder_prominence": 0.09037714824080467,
  "hip_prominence": 0.0848802737891674
}