{
  "shoulder_hip_ratio": 1.7378706717937866,
  "waist_position": 0.49691110849380493,
  "torso_ratio": 1.2627469409837817,
  "shoulder_prominence": 0.031199397519230843,
  "hip_prominence": 0.005816890625283122
}