{
  "shoulder_hip_ratio": 1.7627272504787987,
  "waist_position": 0.5209102630615234,
  "torso_ratio": 1.208119173981229,
  "shoulder_prominence": 0.008841659160680138,
  "hip_prominence": 0.0032510821474716067
}