{
  "shoulder_hip_ratio": 1.7130839235018174,
  "waist_position": 0.5010234713554382,
  "torso_ratio": 1.2436546132967747,
  "shoulder_prominence": 0.08609090000391006,
  "hip_prominence": 0.04900609701871872
}