{
  "shoulder_hip_ratio": 1.8617724808926281,
  "waist_position": 0.5610389709472656,
  "torso_ratio": 1.386292682734939,
  "shoulder_prominence": 0.32294923067092896,
  "hip_prominence": 0.2322111800312996
}