{
  "shoulder_hip_ratio": 1.984872356069581,
  "waist_position": 0.49849916994571686,
  "torso_ratio": 1.3114835231500017,
  "shoulder_prominence": 0.011899083852767944,
  "hip_prominence": 0.021993105299770832
}