{
  "shoulder_hip_ratio": 2.0861343911019397,
  "waist_position": 0.5364223718643188,
  "torso_ratio": 1.7618223175943508,
  "shoulder_prominence": 0.34162279963493347,
  "hip_prominence": 0.24339275062084198
}