{
  "shoulder_hip_ratio": 1.5456544678872202,
  "waist_position": 0.46698248386383057,
  "torso_ratio": 1.2450661496374484,
  "shoulder_prominence": 0.026225484907627106,
  "hip_prominence": 0.04489609785377979
}