{
  "shoulder_hip_ratio": 1.6117618888846708,
  "waist_position": 0.4836282879114151,
  "torso_ratio": 1.275614976203575,
  "shoulder_prominence": 0.02795649692416191,
  "hip_prominence": 0.0020835509640164673
}