{
  "shoulder_hip_ratio": 1.6550212962595794,
  "waist_position": 0.471366211771965,
  "torso_ratio": 1.2422594944883454,
  "shoulder_prominence": 0.1165730394423008,
  "hip_prominence": 0.06129731237888336
}