{
  "shoulder_hip_ratio": 1.631101272192153,
  "waist_position": 0.48702602088451385,
  "torso_ratio": 1.2596561240803987,
  "shoulder_prominence": 0.06817802414298058,
  "hip_prominence": 0.04444168880581856
}