{
  "shoulder_hip_ratio": 1.5992002518076396,
  "waist_position": 0.5067471563816071,
  "torso_ratio": 1.1725457244593016,
  "shoulder_prominence": 0.06619936227798462,
  "hip_prominence": 0.03790355660021305
}