{
  "shoulder_hip_ratio": 1.6855277686922754,
  "waist_position": 0.5037168860435486,
  "torso_ratio": 1.1636281720641841,
  "shoulder_prominence": 0.07217504642903805,
  "hip_prominence": 0.027028949931263924
}