{
  "shoulder_hip_ratio": 1.661173954384983,
  "waist_position": 0.47766052186489105,
  "torso_ratio": 1.2604358431126612,
  "shoulder_prominence": 0.07039805129170418,
  "hip_prominence": 0.055829210206866264
}