{
  "shoulder_hip_ratio": 1.6961711861072106,
  "waist_position": 0.5320203304290771,
  "torso_ratio": 1.2019492574917459,
  "shoulder_prominence": 0.08834906853735447,
  "hip_prominence": 0.06941267848014832
}