{
  "shoulder_hip_ratio": 1.8640953630561217,
  "waist_position": 0.49873170256614685,
  "torso_ratio": 1.1463108527983594,
  "shoulder_prominence": 0.11305920779705048,
  "hip_prominence": 0.09023095294833183
}