{
  "shoulder_hip_ratio": 1.686676321625878,
  "waist_position": 0.504132017493248,
  "torso_ratio": 1.2085155911878405,
  "shoulder_prominence": 0.03759109973907471,
  "hip_prominence": 0.04612247459590435
}