{
  "shoulder_hip_ratio": 1.75231650790063,
  "waist_position": 0.47508393228054047,
  "torso_ratio": 1.0174386409449285,
  "shoulder_prominence": 0.051974739879369736,
  "hip_prominence": 0.055879734456539154
}