{
  "shoulder_hip_ratio": 1.6459504379787624,
  "waist_position": 0.5105784088373184,
  "torso_ratio": 1.1598227744438814,
  "shoulder_prominence": 0.0072473883628845215,
  "hip_prominence": 0.0038116618525236845
}