{
  "shoulder_hip_ratio": 1.736653492507765,
  "waist_position": 0.5197121202945709,
  "torso_ratio": 1.2309448261276814,
  "shoulder_prominence": 0.10197962075471878,
  "hip_prominence": 0.06785163283348083
}