{
  "shoulder_hip_ratio": 1.8066542649227826,
  "waist_position": 0.4925112724304199,
  "torso_ratio": 1.0937352340185742,
  "shoulder_prominence": 0.07968957722187042,
  "hip_prominence": 0.0811232216656208
}