{
  "shoulder_hip_ratio": 1.8333694858877958,
  "waist_position": 0.4940423369407654,
  "torso_ratio": 1.2129878862686685,
  "shoulder_prominence": 0.06075452035292983,
  "hip_prominence": 0.033888280391693115
}