{
  "shoulder_hip_ratio": 1.6120333157213595,
  "waist_position": 0.4777078181505203,
  "torso_ratio": 1.2192252643433088,
  "shoulder_prominence": 0.009694378357380629,
  "hip_prominence": 0.03551379032433033
}