{
  "shoulder_hip_ratio": 1.8125897279764354,
  "waist_position": 0.5066109895706177,
  "torso_ratio": 1.0712906631655912,
  "shoulder_prominence": 0.02010345458984375,
  "hip_prominence": 0.057904865592718124
}