{
  "shoulder_hip_ratio": 1.7133388715542797,
  "waist_position": 0.47828342020511627,
  "torso_ratio": 1.1476920399938653,
  "shoulder_prominence": 0.07851744070649147,
  "hip_prominence": 0.033409226685762405
}