{
  "shoulder_hip_ratio": 1.629583158185271,
  "waist_position": 0.5121062099933624,
  "torso_ratio": 1.312718932693824,
  "shoulder_prominence": 0.05309674143791199,
  "hip_prominence": 0.04649586044251919
}