{
  "shoulder_hip_ratio": 1.750531455347926,
  "waist_position": 0.4646066129207611,
  "torso_ratio": 1.269289685739793,
  "shoulder_prominence": 0.016460224986076355,
  "hip_prominence": 0.04129502922296524
}