{
  "shoulder_hip_ratio": 1.6471207815987365,
  "waist_position": 0.5092892944812775,
  "torso_ratio": 1.2878496485048205,
  "shoulder_prominence": 0.15429424494504929,
  "hip_prominence": 0.06850329041481018
}