{
  "shoulder_hip_ratio": 1.6497170429041927,
  "waist_position": 0.5129377543926239,
  "torso_ratio": 1.2574343400013792,
  "shoulder_prominence": 0.018824659287929535,
  "hip_prominence": 0.013010669033974409
}