{
  "shoulder_hip_ratio": 1.743265811128505,
  "waist_position": 0.5183080434799194,
  "torso_ratio": 1.0931832610068173,
  "shoulder_prominence": 0.01758427917957306,
  "hip_prominence": 0.013618255034089088
}