{
  "shoulder_hip_ratio": 1.7247584846959743,
  "waist_position": 0.5049541294574738,
  "torso_ratio": 1.1480053407101918,
  "shoulder_prominence": 0.012497857213020325,
  "hip_prominence": 0.03652217611670494
}