{
  "shoulder_hip_ratio": 1.7638123522373514,
  "waist_position": 0.45928117632865906,
  "torso_ratio": 1.2501664218442017,
  "shoulder_prominence": 0.04087390564382076,
  "hip_prominence": 0.017160640098154545
}