{
  "shoulder_hip_ratio": 1.7757846450245027,
  "waist_position": 0.5230494737625122,
  "torso_ratio": 1.1012154485556822,
  "shoulder_prominence": 0.0855945348739624,
  "hip_prominence": 0.06967379152774811
}