{
  "shoulder_hip_ratio": 2.415227368280927,
  "waist_position": 0.5211282074451447,
  "torso_ratio": 1.3817480762027616,
  "shoulder_prominence": 0.1779550442006439,
  "hip_prominence": 0.1565021052956581
}