{
  "shoulder_hip_ratio": 1.7619480218807477,
  "waist_position": 0.5161507427692413,
  "torso_ratio": 1.226576587339743,
  "shoulder_prominence": 0.07106000557541847,
  "hip_prominence": 0.05739333853125572
}