{
  "shoulder_hip_ratio": 1.6998147859237047,
  "waist_position": 0.4487047344446182,
  "torso_ratio": 1.2885341626670361,
  "shoulder_prominence": 0.00403285026550293,
  "hip_prominence": 0.013878211379051208
}