{
  "shoulder_hip_ratio": 1.960406740405481,
  "waist_position": 0.5026262998580933,
  "torso_ratio": 1.1527054447119616,
  "shoulder_prominence": 0.005922600626945496,
  "hip_prominence": 0.034577175974845886
}