{
  "shoulder_hip_ratio": 1.5852919354191461,
  "waist_position": 0.5049902498722076,
  "torso_ratio": 1.1130424926947569,
  "shoulder_prominence": 0.013934805989265442,
  "hip_prominence": 0.01615837775170803
}