{
  "shoulder_hip_ratio": 1.5593321708948595,
  "waist_position": 0.5027800798416138,
  "torso_ratio": 1.2512564023644754,
  "shoulder_prominence": 0.039400339126586914,
  "hip_prominence": 0.043244218453764915
}