{
  "shoulder_hip_ratio": 1.6828258600830512,
  "waist_position": 0.5136109292507172,
  "torso_ratio": 1.1791087211885443,
  "shoulder_prominence": 0.03084983117878437,
  "hip_prominence": 0.02018265798687935
}