{
  "shoulder_hip_ratio": 1.592179340153824,
  "waist_position": 0.5047146379947662,
  "torso_ratio": 1.1056967148077068,
  "shoulder_prominence": 0.010501071810722351,
  "hip_prominence": 0.011113340500742197
}