{
  "shoulder_hip_ratio": 1.7514387829562086,
  "waist_position": 0.521641731262207,
  "torso_ratio": 1.2414760171938848,
  "shoulder_prominence": 0.10535059124231339,
  "hip_prominence": 0.07739453390240669
}