{
  "shoulder_hip_ratio": 1.6280250641032687,
  "waist_position": 0.4846018999814987,
  "torso_ratio": 1.252476944576016,
  "shoulder_prominence": 0.05278417468070984,
  "hip_prominence": 0.042254943400621414
}