{
  "shoulder_hip_ratio": 1.5657175483034174,
  "waist_position": 0.5073237121105194,
  "torso_ratio": 1.2661384047465654,
  "shoulder_prominence": 0.048142582178115845,
  "hip_prominence": 0.032712871208786964
}