{
  "shoulder_hip_ratio": 1.631397221711955,
  "waist_position": 0.5045116543769836,
  "torso_ratio": 1.2664073086128633,
  "shoulder_prominence": 0.1238852133974433,
  "hip_prominence": 0.03941364027559757
}