{
  "shoulder_hip_ratio": 1.6595425204171819,
  "waist_position": 0.4796515256166458,
  "torso_ratio": 1.3542771695524993,
  "shoulder_prominence": 0.01302037388086319,
  "hip_prominence": 0.018527102656662464
}