{
  "shoulder_hip_ratio": 1.5511759807688754,
  "waist_position": 0.47106117010116577,
  "torso_ratio": 1.275084980899361,
  "shoulder_prominence": 0.16936185769736767,
  "hip_prominence": 0.07724860683083534
}