{
  "shoulder_hip_ratio": 1.5493068350862156,
  "waist_position": 0.5229313373565674,
  "torso_ratio": 1.2689478359449,
  "shoulder_prominence": 0.06259503494948149,
  "hip_prominence": 0.01385897072032094
}