{
  "shoulder_hip_ratio": 1.680467791869242,
  "waist_position": 0.46552614867687225,
  "torso_ratio": 1.2657902831113041,
  "shoulder_prominence": 0.138434786349535,
  "hip_prominence": 0.07763314619660378
}