{
  "shoulder_hip_ratio": 1.5913973506261632,
  "waist_position": 0.487911120057106,
  "torso_ratio": 1.714068864451376,
  "shoulder_prominence": 0.36224785447120667,
  "hip_prominence": 0.22801494598388672
}