{
  "shoulder_hip_ratio": 1.7575332631315084,
  "waist_position": 0.5198944509029388,
  "torso_ratio": 1.2403016535362799,
  "shoulder_prominence": 0.04270496591925621,
  "hip_prominence": 0.014323015697300434
}