{
  "shoulder_hip_ratio": 1.6525701482028496,
  "waist_position": 0.4841716140508652,
  "torso_ratio": 1.198025476564802,
  "shoulder_prominence": 0.058281004428863525,
  "hip_prominence": 0.026157688349485397
}