{
  "shoulder_hip_ratio": 1.7626745306579423,
  "waist_position": 0.5161257684230804,
  "torso_ratio": 1.1214521931097177,
  "shoulder_prominence": 0.06577491108328104,
  "hip_prominence": 0.06476815417408943
}