{
  "shoulder_hip_ratio": 2.04392031954319,
  "waist_position": 0.4960601180791855,
  "torso_ratio": 1.2005809636501144,
  "shoulder_prominence": 0.11026498675346375,
  "hip_prominence": 0.051281532272696495
}