{
  "shoulder_hip_ratio": 1.5910298071591253,
  "waist_position": 0.5115038454532623,
  "torso_ratio": 1.175640367331983,
  "shoulder_prominence": 0.03727365308441222,
  "hip_prominence": 0.02502324152737856
}