{
  "shoulder_hip_ratio": 1.7795391350600116,
  "waist_position": 0.529910534620285,
  "torso_ratio": 1.478838554208419,
  "shoulder_prominence": 0.17491144500672817,
  "hip_prominence": 0.13098061084747314
}