{
  "shoulder_hip_ratio": 1.8005172471108728,
  "waist_position": 0.49990397691726685,
  "torso_ratio": 1.285312619485253,
  "shoulder_prominence": 0.1740020215511322,
  "hip_prominence": 0.033100755885243416
}