{
  "shoulder_hip_ratio": 1.6707501695083058,
  "waist_position": 0.5176419913768768,
  "torso_ratio": 1.279341662850525,
  "shoulder_prominence": 0.07790422439575195,
  "hip_prominence": 0.04610617086291313
}