{
  "shoulder_hip_ratio": 1.926167696036437,
  "waist_position": 0.47388918697834015,
  "torso_ratio": 1.3472542349165033,
  "shoulder_prominence": 0.24226576834917068,
  "hip_prominence": 0.1410556063055992
}