{
  "shoulder_hip_ratio": 1.6361826773831836,
  "waist_position": 0.5054476261138916,
  "torso_ratio": 1.302618508437578,
  "shoulder_prominence": 0.06399326398968697,
  "hip_prominence": 0.0024517360143363476
}