{
  "shoulder_hip_ratio": 1.5959671429073363,
  "waist_position": 0.47740335762500763,
  "torso_ratio": 1.3333858019981875,
  "shoulder_prominence": 0.11942270770668983,
  "hip_prominence": 0.06458161771297455
}