{
  "shoulder_hip_ratio": 1.7502793374397025,
  "waist_position": 0.47169651091098785,
  "torso_ratio": 1.1916260877193976,
  "shoulder_prominence": 0.05409419536590576,
  "hip_prominence": 0.014088032767176628
}