{
  "shoulder_hip_ratio": 1.678559868571245,
  "waist_position": 0.5004276782274246,
  "torso_ratio": 1.226212056236791,
  "shoulder_prominence": 0.05458986759185791,
  "hip_prominence": 0.04374927468597889
}