{
  "shoulder_hip_ratio": 1.8004034121558101,
  "waist_position": 0.49803613126277924,
  "torso_ratio": 1.212981645093183,
  "shoulder_prominence": 0.07059375569224358,
  "hip_prominence": 0.041436152532696724
}