{
  "shoulder_hip_ratio": 1.7227731466717662,
  "waist_position": 0.48187947273254395,
  "torso_ratio": 1.3553369457264715,
  "shoulder_prominence": 0.06262016668915749,
  "hip_prominence": 0.019642685540020466
}