{
  "shoulder_hip_ratio": 1.6919947471159693,
  "waist_position": 0.45927658677101135,
  "torso_ratio": 1.1928924211416527,
  "shoulder_prominence": 0.12831328017637134,
  "hip_prominence": 0.06450548022985458
}