{
  "shoulder_hip_ratio": 1.604741755156503,
  "waist_position": 0.5157612860202789,
  "torso_ratio": 1.3171410525892548,
  "shoulder_prominence": 0.13654811307787895,
  "hip_prominence": 0.0647292472422123
}