{
  "shoulder_hip_ratio": 1.6241116516038565,
  "waist_position": 0.46042922139167786,
  "torso_ratio": 1.1773832878498298,
  "shoulder_prominence": 0.03511232044547796,
  "hip_prominence": 0.008491570595651865
}