{
  "shoulder_hip_ratio": 1.7782762899925215,
  "waist_position": 0.49363526701927185,
  "torso_ratio": 1.32705462601641,
  "shoulder_prominence": 0.20475907996296883,
  "hip_prominence": 0.1527545526623726
}