{
  "shoulder_hip_ratio": 1.688627877275425,
  "waist_position": 0.5045093297958374,
  "torso_ratio": 1.2065064414262823,
  "shoulder_prominence": 0.21489650756120682,
  "hip_prominence": 0.1297546997666359
}