{
  "shoulder_hip_ratio": 1.857200084805538,
  "waist_position": 0.5018363893032074,
  "torso_ratio": 1.216089027728432,
  "shoulder_prominence": 0.29409072548151016,
  "hip_prominence": 0.15535450726747513
}