{
  "shoulder_hip_ratio": 1.8185901510710678,
  "waist_position": 0.506029948592186,
  "torso_ratio": 1.2703647413721497,
  "shoulder_prominence": 0.029673729091882706,
  "hip_prominence": 0.01331478962674737
}