{
  "shoulder_hip_ratio": 1.3215725678945425,
  "waist_position": 0.5050414651632309,
  "torso_ratio": 1.6027456041944317,
  "shoulder_prominence": 0.22003843449056149,
  "hip_prominence": 0.1065906435251236
}