{
  "shoulder_hip_ratio": 1.830026053416211,
  "waist_position": 0.4558054953813553,
  "torso_ratio": 1.2282095683796757,
  "shoulder_prominence": 0.2739597111940384,
  "hip_prominence": 0.18620262295007706
}