{
  "shoulder_hip_ratio": 1.7222209673109563,
  "waist_position": 0.4650627374649048,
  "torso_ratio": 1.223310347533591,
  "shoulder_prominence": 0.04054771363735199,
  "hip_prominence": 0.013492137659341097
}