{
  "shoulder_hip_ratio": 1.57316001404117,
  "waist_position": 0.4545266628265381,
  "torso_ratio": 1.2962473663900809,
  "shoulder_prominence": 0.06297929584980011,
  "hip_prominence": 0.03190733306109905
}