{
  "shoulder_hip_ratio": 1.6948312508878776,
  "waist_position": 0.4949240982532501,
  "torso_ratio": 1.5345784903932125,
  "shoulder_prominence": 0.029421616345643997,
  "hip_prominence": 0.036240750923752785
}