{
  "shoulder_hip_ratio": 1.595519657960473,
  "waist_position": 0.4665975868701935,
  "torso_ratio": 2.0290382310036086,
  "shoulder_prominence": 0.4735984057188034,
  "hip_prominence": 0.2982780188322067
}