{
  "shoulder_hip_ratio": 1.720058233458302,
  "waist_position": 0.49256639182567596,
  "torso_ratio": 1.291380231906658,
  "shoulder_prominence": 0.011038124561309814,
  "hip_prominence": 0.047832971438765526
}