{
  "shoulder_hip_ratio": 1.708972620525176,
  "waist_position": 0.4862085282802582,
  "torso_ratio": 1.3708845718306777,
  "shoulder_prominence": 0.17687352001667023,
  "hip_prominence": 0.11862410977482796
}