{
  "shoulder_hip_ratio": 1.6507704577590423,
  "waist_position": 0.4679849147796631,
  "torso_ratio": 1.386175276072601,
  "shoulder_prominence": 0.3382379859685898,
  "hip_prominence": 0.2660648375749588
}