{
  "shoulder_hip_ratio": 1.9447853218429376,
  "waist_position": 0.5381121039390564,
  "torso_ratio": 1.253644140029932,
  "shoulder_prominence": 0.2013520523905754,
  "hip_prominence": 0.18619487434625626
}