{
  "shoulder_hip_ratio": 1.7157812854030965,
  "waist_position": 0.4933398813009262,
  "torso_ratio": 1.2351492910172686,
  "shoulder_prominence": 0.046532824635505676,
  "hip_prominence": 0.008544676005840302
}