{
  "shoulder_hip_ratio": 1.735126262637541,
  "waist_position": 0.48736123740673065,
  "torso_ratio": 1.447912009725528,
  "shoulder_prominence": 0.14724324457347393,
  "hip_prominence": 0.1169123500585556
}