{
  "shoulder_hip_ratio": 1.7228552308769347,
  "waist_position": 0.4761050343513489,
  "torso_ratio": 1.1838638210703192,
  "shoulder_prominence": 0.14554562605917454,
  "hip_prominence": 0.09915794059634209
}