{
  "shoulder_hip_ratio": 1.8449779238291304,
  "waist_position": 0.5051850080490112,
  "torso_ratio": 1.2198786064284122,
  "shoulder_prominence": 0.13014047220349312,
  "hip_prominence": 0.06876367703080177
}