{
  "shoulder_hip_ratio": 1.7909425967267583,
  "waist_position": 0.4826878309249878,
  "torso_ratio": 1.238662946603534,
  "shoulder_prominence": 0.053030457347631454,
  "hip_prominence": 0.022838590666651726
}