{
  "shoulder_hip_ratio": 1.329904564480769,
  "waist_position": 0.5187827348709106,
  "torso_ratio": 2.3672418541763904,
  "shoulder_prominence": 0.6095061153173447,
  "hip_prominence": 0.3210364282131195
}