{
  "shoulder_hip_ratio": 1.8760554779661776,
  "waist_position": 0.5137385129928589,
  "torso_ratio": 1.2996625904234833,
  "shoulder_prominence": 0.008198591880500317,
  "hip_prominence": 0.043666260316967964
}