{
  "shoulder_hip_ratio": 1.3533227435666648,
  "waist_position": 0.4612429291009903,
  "torso_ratio": 3.920450264558049,
  "shoulder_prominence": 0.4620334506034851,
  "hip_prominence": 0.31340907514095306
}