{
  "shoulder_hip_ratio": 1.7834301337821818,
  "waist_position": 0.45911021530628204,
  "torso_ratio": 1.1821157975265222,
  "shoulder_prominence": 0.24551736563444138,
  "hip_prominence": 0.2086797058582306
}