{
  "shoulder_hip_ratio": 1.804173268065676,
  "waist_position": 0.4936172068119049,
  "torso_ratio": 1.2368117670771264,
  "shoulder_prominence": 0.18646708331652917,
  "hip_prominence": 0.10140347480773926
}