{
  "shoulder_hip_ratio": 1.7600022375412254,
  "waist_position": 0.523463249206543,
  "torso_ratio": 1.2383231474235945,
  "shoulder_prominence": 0.1031528078019619,
  "hip_prominence": 0.07391613349318504
}