{
  "shoulder_hip_ratio": 1.620308890538932,
  "waist_position": 0.49484243988990784,
  "torso_ratio": 1.259640039554796,
  "shoulder_prominence": 0.029782531841192394,
  "hip_prominence": 0.022534816525876522
}