{
  "shoulder_hip_ratio": 1.5323033542191289,
  "waist_position": 0.4932316094636917,
  "torso_ratio": 1.2901412640255259,
  "shoulder_prominence": 0.07333654537796974,
  "hip_prominence": 0.04488486796617508
}