{
  "shoulder_hip_ratio": 1.8586321389656009,
  "waist_position": 0.4882570058107376,
  "torso_ratio": 1.205328508996195,
  "shoulder_prominence": 0.2514381520450115,
  "hip_prominence": 0.15148434787988663
}