{
  "shoulder_hip_ratio": 1.6227570749969238,
  "waist_position": 0.5153694897890091,
  "torso_ratio": 1.2337396192965853,
  "shoulder_prominence": 0.00276669958839193,
  "hip_prominence": 0.028693318367004395
}