{
  "shoulder_hip_ratio": 1.877393314700208,
  "waist_position": 0.5032348334789276,
  "torso_ratio": 1.0681032694804813,
  "shoulder_prominence": 0.01772591471672058,
  "hip_prominence": 0.0035672313533723354
}