{
  "shoulder_hip_ratio": 1.6719904437748452,
  "waist_position": 0.4873574376106262,
  "torso_ratio": 1.1635715127006345,
  "shoulder_prominence": 0.06915126740932465,
  "hip_prominence": 0.041502952575683594
}