{
  "shoulder_hip_ratio": 1.7366807478594264,
  "waist_position": 0.4881901741027832,
  "torso_ratio": 1.153641375648093,
  "shoulder_prominence": 0.3555361479520798,
  "hip_prominence": 0.21455152332782745
}