{
  "shoulder_hip_ratio": 1.8246215237719166,
  "waist_position": 0.461664080619812,
  "torso_ratio": 1.2189004919123936,
  "shoulder_prominence": 0.030072391033172607,
  "hip_prominence": 0.02489497698843479
}