{
  "shoulder_hip_ratio": 1.8230900938254402,
  "waist_position": 0.5101889371871948,
  "torso_ratio": 1.3094427035830063,
  "shoulder_prominence": 0.05539979785680771,
  "hip_prominence": 0.008132932940497994
}