{
  "shoulder_hip_ratio": 1.982323572793765,
  "waist_position": 0.4897472709417343,
  "torso_ratio": 1.3447492004342974,
  "shoulder_prominence": 0.1731141060590744,
  "hip_prominence": 0.13078393042087555
}