{
  "shoulder_hip_ratio": 1.8199280505028472,
  "waist_position": 0.49836620688438416,
  "torso_ratio": 1.1885201494550237,
  "shoulder_prominence": 0.0623607961460948,
  "hip_prominence": 0.037058766931295395
}