{
  "shoulder_hip_ratio": 1.9940277721773356,
  "waist_position": 0.495944008231163,
  "torso_ratio": 1.37941313877648,
  "shoulder_prominence": 0.3088357225060463,
  "hip_prominence": 0.2236790657043457
}