{
  "shoulder_hip_ratio": 1.8977644646532223,
  "waist_position": 0.4336640387773514,
  "torso_ratio": 1.4941023662654627,
  "shoulder_prominence": 0.36259132623672485,
  "hip_prominence": 0.24277886003255844
}