{
  "shoulder_hip_ratio": 1.1566863312174862,
  "waist_position": 0.4625813066959381,
  "torso_ratio": 9.292271286730667,
  "shoulder_prominence": 0.523833617568016,
  "hip_prominence": 0.37341032922267914
}