{
  "shoulder_hip_ratio": 1.732661744895553,
  "waist_position": 0.48841211199760437,
  "torso_ratio": 1.1494828443919567,
  "shoulder_prominence": 0.030547054950147867,
  "hip_prominence": 0.03377383202314377
}