{
  "shoulder_hip_ratio": 1.7165518408896328,
  "waist_position": 0.5131338238716125,
  "torso_ratio": 1.2470534495381522,
  "shoulder_prominence": 0.002938583493232727,
  "hip_prominence": 0.04131421074271202
}