{
  "shoulder_hip_ratio": 1.7821478365608296,
  "waist_position": 0.46966272592544556,
  "torso_ratio": 1.4135641113415187,
  "shoulder_prominence": 0.3728798031806946,
  "hip_prominence": 0.26565200090408325
}