{
  "shoulder_hip_ratio": 2.0069851668674135,
  "waist_position": 0.4865100681781769,
  "torso_ratio": 1.119315763450919,
  "shoulder_prominence": 0.00023129582405090332,
  "hip_prominence": 0.014357066247612238
}