{
  "shoulder_hip_ratio": 1.745848860649131,
  "waist_position": 0.4955907016992569,
  "torso_ratio": 1.217103647465617,
  "shoulder_prominence": 0.09584501385688782,
  "hip_prominence": 0.08955294638872147
}