{
  "shoulder_hip_ratio": 1.546196666356478,
  "waist_position": 0.5317252576351166,
  "torso_ratio": 1.2729771522214381,
  "shoulder_prominence": 0.04054035898298025,
  "hip_prominence": 0.019697251729667187
}