{
  "shoulder_hip_ratio": 1.6775456570649736,
  "waist_position": 0.5336084067821503,
  "torso_ratio": 1.2290100697681614,
  "shoulder_prominence": 0.02910308539867401,
  "hip_prominence": 0.0307390745729208
}