{
  "shoulder_hip_ratio": 1.9375545020162368,
  "waist_position": 0.48359936475753784,
  "torso_ratio": 1.3021261135233915,
  "shoulder_prominence": 0.005581334233283997,
  "hip_prominence": 0.04106164164841175
}