{
  "shoulder_hip_ratio": 1.6922378142188987,
  "waist_position": 0.5201528668403625,
  "torso_ratio": 1.309678491215114,
  "shoulder_prominence": 0.01658441871404648,
  "hip_prominence": 0.01283780811354518
}