{
  "shoulder_hip_ratio": 1.6810743233873988,
  "waist_position": 0.4795989692211151,
  "torso_ratio": 1.0378716250434112,
  "shoulder_prominence": 0.017505943775177002,
  "hip_prominence": 0.007006201893091202
}