{
  "shoulder_hip_ratio": 1.3904787247072328,
  "waist_position": 0.4685002863407135,
  "torso_ratio": 2.438705636516398,
  "shoulder_prominence": 0.5301250070333481,
  "hip_prominence": 0.34659548103809357
}