{
  "shoulder_hip_ratio": 1.627933972463954,
  "waist_position": 0.5002952218055725,
  "torso_ratio": 1.1004723663857363,
  "shoulder_prominence": 0.032352179288864136,
  "hip_prominence": 0.03807410970330238
}