{
  "shoulder_hip_ratio": 1.9045645790070331,
  "waist_position": 0.49394145607948303,
  "torso_ratio": 1.138098455691314,
  "shoulder_prominence": 0.05686895735561848,
  "hip_prominence": 0.036291804164648056
}