{
  "shoulder_hip_ratio": 1.9029888864550295,
  "waist_position": 0.4672054499387741,
  "torso_ratio": 1.3441264255188274,
  "shoulder_prominence": 0.19013341516256332,
  "hip_prominence": 0.1661992073059082
}