{
  "shoulder_hip_ratio": 1.6635346681842296,
  "waist_position": 0.4948233515024185,
  "torso_ratio": 1.2646825024321398,
  "shoulder_prominence": 0.10114758834242821,
  "hip_prominence": 0.04237254336476326
}