{
  "shoulder_hip_ratio": 1.7941553751048112,
  "waist_position": 0.46474045515060425,
  "torso_ratio": 1.2244238085908623,
  "shoulder_prominence": 0.11764489114284515,
  "hip_prominence": 0.0698290579020977
}