{
  "shoulder_hip_ratio": 1.6758587257781699,
  "waist_position": 0.527330756187439,
  "torso_ratio": 1.1812248369065046,
  "shoulder_prominence": 0.0493916654959321,
  "hip_prominence": 0.030570847913622856
}