{
  "shoulder_hip_ratio": 1.5959746952781804,
  "waist_position": 0.4603583365678787,
  "torso_ratio": 1.1471950776291067,
  "shoulder_prominence": 0.057436585426330566,
  "hip_prominence": 0.02026368398219347
}