{
  "shoulder_hip_ratio": 1.7346450531296158,
  "waist_position": 0.4816381335258484,
  "torso_ratio": 1.2594335879943988,
  "shoulder_prominence": 0.38347145915031433,
  "hip_prominence": 0.19897057861089706
}