{
  "shoulder_hip_ratio": 1.6574000960727562,
  "waist_position": 0.49482570588588715,
  "torso_ratio": 1.2450264852747195,
  "shoulder_prominence": 0.008516788482666016,
  "hip_prominence": 0.014739785809069872
}