{
  "shoulder_hip_ratio": 1.7805197408686517,
  "waist_position": 0.5435698330402374,
  "torso_ratio": 1.1837757255634007,
  "shoulder_prominence": 0.2342885136604309,
  "hip_prominence": 0.21198713779449463
}