{
  "shoulder_hip_ratio": 1.6947431694955604,
  "waist_position": 0.4852597713470459,
  "torso_ratio": 1.1904773509169424,
  "shoulder_prominence": 0.022741769440472126,
  "hip_prominence": 0.007837822660803795
}