{
  "shoulder_hip_ratio": 2.1098972071596935,
  "waist_position": 0.5024296343326569,
  "torso_ratio": 1.273822261376608,
  "shoulder_prominence": 0.10548636317253113,
  "hip_prominence": 0.026821778155863285
}