{
  "shoulder_hip_ratio": 1.6573054838298356,
  "waist_position": 0.5131276547908783,
  "torso_ratio": 1.1565232078767813,
  "shoulder_prominence": 0.05322299059480429,
  "hip_prominence": 0.028170588426291943
}