{
  "shoulder_hip_ratio": 1.4973887343764658,
  "waist_position": 0.491181418299675,
  "torso_ratio": 1.4434373885253173,
  "shoulder_prominence": 0.13782143965363503,
  "hip_prominence": 0.04020580090582371
}