{
  "shoulder_hip_ratio": 1.5950200492823696,
  "waist_position": 0.4941678047180176,
  "torso_ratio": 1.213086178591359,
  "shoulder_prominence": 0.09332159534096718,
  "hip_prominence": 0.007367058657109737
}