{
  "shoulder_hip_ratio": 1.74040938390526,
  "waist_position": 0.4723271429538727,
  "torso_ratio": 1.1761135392494322,
  "shoulder_prominence": 0.19838786614127457,
  "hip_prominence": 0.13276546448469162
}