{
  "shoulder_hip_ratio": 1.485240498200002,
  "waist_position": 0.5087917894124985,
  "torso_ratio": 1.5389519638621632,
  "shoulder_prominence": 0.3097597137093544,
  "hip_prominence": 0.1900101602077484
}