{
  "shoulder_hip_ratio": 1.6294362810465497,
  "waist_position": 0.49240194261074066,
  "torso_ratio": 1.284050746650869,
  "shoulder_prominence": 0.06330994889140129,
  "hip_prominence": 0.017606989480555058
}