{
  "shoulder_hip_ratio": 1.5562290132023981,
  "waist_position": 0.4429166465997696,
  "torso_ratio": 1.3425172183985759,
  "shoulder_prominence": 0.08731844648718834,
  "hip_prominence": 0.11028174683451653
}