{
  "shoulder_hip_ratio": 1.7416071706939393,
  "waist_position": 0.5167796015739441,
  "torso_ratio": 1.141504650843116,
  "shoulder_prominence": 0.11221568286418915,
  "hip_prominence": 0.07019750773906708
}