{
  "shoulder_hip_ratio": 1.7689563298767779,
  "waist_position": 0.4907069653272629,
  "torso_ratio": 1.1323285940404293,
  "shoulder_prominence": 0.0055961012840271,
  "hip_prominence": 0.026050043292343616
}