{
  "shoulder_hip_ratio": 1.6099109103423477,
  "waist_position": 0.49897395074367523,
  "torso_ratio": 1.4198411362317809,
  "shoulder_prominence": 0.2872432693839073,
  "hip_prominence": 0.19890017807483673
}