{
  "shoulder_hip_ratio": 1.839186109034964,
  "waist_position": 0.511235773563385,
  "torso_ratio": 1.1617716176179702,
  "shoulder_prominence": 0.07087497413158417,
  "hip_prominence": 0.0450811292976141
}