{
  "shoulder_hip_ratio": 1.752959349161093,
  "waist_position": 0.48736441135406494,
  "torso_ratio": 1.159066803614065,
  "shoulder_prominence": 0.23193482868373394,
  "hip_prominence": 0.16041109710931778
}