{
  "shoulder_hip_ratio": 1.658311079183598,
  "waist_position": 0.5136094689369202,
  "torso_ratio": 1.270635999340553,
  "shoulder_prominence": 0.05103074386715889,
  "hip_prominence": 0.02576808352023363
}