{
  "shoulder_hip_ratio": 1.488034887718262,
  "waist_position": 0.5252423584461212,
  "torso_ratio": 2.5341616702532104,
  "shoulder_prominence": 0.6603323370218277,
  "hip_prominence": 0.448819175362587
}