{
  "shoulder_hip_ratio": 1.5866068410672074,
  "waist_position": 0.49908673763275146,
  "torso_ratio": 1.165456542881391,
  "shoulder_prominence": 0.04541154205799103,
  "hip_prominence": 0.026224179193377495
}