{
  "shoulder_hip_ratio": 1.2589749085816662,
  "waist_position": 0.46324481070041656,
  "torso_ratio": 4.242164511054033,
  "shoulder_prominence": 0.5782791972160339,
  "hip_prominence": 0.40212856233119965
}