{
  "shoulder_hip_ratio": 1.6057161020655994,
  "waist_position": 0.4910892993211746,
  "torso_ratio": 1.3451523852977707,
  "shoulder_prominence": 0.12532106041908264,
  "hip_prominence": 0.009871730580925941
}