{
  "shoulder_hip_ratio": 1.5861479065352213,
  "waist_position": 0.49230410158634186,
  "torso_ratio": 1.3207454278754283,
  "shoulder_prominence": 0.023438163101673126,
  "hip_prominence": 0.018488848581910133
}