{
  "shoulder_hip_ratio": 1.6769280655783043,
  "waist_position": 0.4806601256132126,
  "torso_ratio": 1.035698987225908,
  "shoulder_prominence": 0.024312838912010193,
  "hip_prominence": 0.0043420023284852505
}