{
  "shoulder_hip_ratio": 1.624830607414567,
  "waist_position": 0.49148499965667725,
  "torso_ratio": 1.5475471942422332,
  "shoulder_prominence": 0.3761613517999649,
  "hip_prominence": 0.2283645048737526
}