{
  "shoulder_hip_ratio": 1.7337668731251976,
  "waist_position": 0.46365974843502045,
  "torso_ratio": 1.2272634963415625,
  "shoulder_prominence": 0.0065720826387405396,
  "hip_prominence": 0.012527821585536003
}