{
  "shoulder_hip_ratio": 1.866021299888123,
  "waist_position": 0.5001134425401688,
  "torso_ratio": 1.1138335547861777,
  "shoulder_prominence": 0.006251603364944458,
  "hip_prominence": 0.03190964460372925
}