{
  "shoulder_hip_ratio": 1.6812910189849468,
  "waist_position": 0.5008755028247833,
  "torso_ratio": 1.3067956112631804,
  "shoulder_prominence": 0.08366248570382595,
  "hip_prominence": 0.0688311830163002
}