{
  "shoulder_hip_ratio": 1.6544732559451083,
  "waist_position": 0.5305796265602112,
  "torso_ratio": 1.1851064423306088,
  "shoulder_prominence": 0.006981849670410156,
  "hip_prominence": 0.030413640663027763
}