{
  "shoulder_hip_ratio": 1.967646465178181,
  "waist_position": 0.4778919816017151,
  "torso_ratio": 1.2189402122845954,
  "shoulder_prominence": 0.03986734990030527,
  "hip_prominence": 0.008108515292406082
}