{
  "shoulder_hip_ratio": 1.6743125435711907,
  "waist_position": 0.49573129415512085,
  "torso_ratio": 1.2065610509716733,
  "shoulder_prominence": 0.1107870377600193,
  "hip_prominence": 0.10260577127337456
}