{
  "shoulder_hip_ratio": 1.7391401254743073,
  "waist_position": 0.5325436890125275,
  "torso_ratio": 1.32105668627205,
  "shoulder_prominence": 0.08178317546844482,
  "hip_prominence": 0.08222290873527527
}