{
  "shoulder_hip_ratio": 2.0551165665673965,
  "waist_position": 0.46431851387023926,
  "torso_ratio": 1.2316627106645783,
  "shoulder_prominence": 0.24636364355683327,
  "hip_prominence": 0.18411029130220413
}