{
  "shoulder_hip_ratio": 1.795750047616113,
  "waist_position": 0.49426594376564026,
  "torso_ratio": 1.2092313697048138,
  "shoulder_prominence": 0.07236815989017487,
  "hip_prominence": 0.07422715798020363
}