{
  "shoulder_hip_ratio": 1.8269661529116792,
  "waist_position": 0.4717644304037094,
  "torso_ratio": 1.1692271763624158,
  "shoulder_prominence": 0.058478161692619324,
  "hip_prominence": 0.027462268248200417
}