{
  "shoulder_hip_ratio": 1.6155343378379956,
  "waist_position": 0.5263523459434509,
  "torso_ratio": 1.20772040331845,
  "shoulder_prominence": 0.038455747067928314,
  "hip_prominence": 0.03233766369521618
}