{
  "shoulder_hip_ratio": 1.776385966417526,
  "waist_position": 0.5193872153759003,
  "torso_ratio": 1.4210858168518,
  "shoulder_prominence": 0.18295209109783173,
  "hip_prominence": 0.12010332942008972
}