{
  "shoulder_hip_ratio": 1.5602457940243712,
  "waist_position": 0.4810268133878708,
  "torso_ratio": 1.197882794746683,
  "shoulder_prominence": 0.19793429970741272,
  "hip_prominence": 0.09280302375555038
}