{
  "shoulder_hip_ratio": 2.048869313201695,
  "waist_position": 0.5661413371562958,
  "torso_ratio": 1.6152230579186546,
  "shoulder_prominence": 0.4109857305884361,
  "hip_prominence": 0.32008713483810425
}