{
  "shoulder_hip_ratio": 1.8303320753323944,
  "waist_position": 0.4940052181482315,
  "torso_ratio": 1.1268248635748173,
  "shoulder_prominence": 0.03531849384307861,
  "hip_prominence": 0.06669807061553001
}