{
  "shoulder_hip_ratio": 1.732321832990855,
  "waist_position": 0.4573868066072464,
  "torso_ratio": 1.084122251327704,
  "shoulder_prominence": 0.08459307160228491,
  "hip_prominence": 0.04500977881252766
}