{
  "shoulder_hip_ratio": 1.5601777272236088,
  "waist_position": 0.5111068785190582,
  "torso_ratio": 1.2560211205443157,
  "shoulder_prominence": 0.0005311965942382812,
  "hip_prominence": 0.010106768924742937
}