{
  "shoulder_hip_ratio": 1.6760445642615218,
  "waist_position": 0.47355917096138,
  "torso_ratio": 1.2650106070320744,
  "shoulder_prominence": 0.010927855968475342,
  "hip_prominence": 0.010898022446781397
}