{
  "shoulder_hip_ratio": 1.54262970921789,
  "waist_position": 0.5044329166412354,
  "torso_ratio": 1.651906824311073,
  "shoulder_prominence": 0.3359225019812584,
  "hip_prominence": 0.24440743774175644
}