{
  "shoulder_hip_ratio": 1.7803682368742546,
  "waist_position": 0.4930131733417511,
  "torso_ratio": 1.1911391076508744,
  "shoulder_prominence": 0.3462512418627739,
  "hip_prominence": 0.21213387697935104
}