{
  "shoulder_hip_ratio": 1.5599316723705483,
  "waist_position": 0.46450911462306976,
  "torso_ratio": 1.2217444540550841,
  "shoulder_prominence": 0.043263062834739685,
  "hip_prominence": 0.058693742379546165
}