{
  "shoulder_hip_ratio": 1.7150778793409303,
  "waist_position": 0.5094935894012451,
  "torso_ratio": 1.1084411546547435,
  "shoulder_prominence": 0.053355663549155,
  "hip_prominence": 0.01745462603867054
}