{
  "shoulder_hip_ratio": 1.9719508875228815,
  "waist_position": 0.476401224732399,
  "torso_ratio": 1.2623014437302083,
  "shoulder_prominence": 0.18668176233768463,
  "hip_prominence": 0.09236690029501915
}