{
  "shoulder_hip_ratio": 1.6766604795692603,
  "waist_position": 0.4775988310575485,
  "torso_ratio": 1.201871876476331,
  "shoulder_prominence": 0.04403585195541382,
  "hip_prominence": 0.012670523021370173
}