{
  "shoulder_hip_ratio": 1.6432953454220616,
  "waist_position": 0.5124312788248062,
  "torso_ratio": 1.1162454232490138,
  "shoulder_prominence": 0.0993871632963419,
  "hip_prominence": 0.06000944413244724
}