{
  "shoulder_hip_ratio": 1.7666309137249718,
  "waist_position": 0.5016111582517624,
  "torso_ratio": 1.518327159160761,
  "shoulder_prominence": 0.00549793615937233,
  "hip_prominence": 0.022484363056719303
}