{
  "shoulder_hip_ratio": 1.9444883508281399,
  "waist_position": 0.4757099896669388,
  "torso_ratio": 1.1207930932945152,
  "shoulder_prominence": 0.05818640999495983,
  "hip_prominence": 0.005432552890852094
}