{
  "shoulder_hip_ratio": 1.6686780447753944,
  "waist_position": 0.4675665944814682,
  "torso_ratio": 1.165201173342456,
  "shoulder_prominence": 0.16891233436763287,
  "hip_prominence": 0.1048026792705059
}