{
  "shoulder_hip_ratio": 1.5409701883661524,
  "waist_position": 0.5346393585205078,
  "torso_ratio": 1.2136044806058994,
  "shoulder_prominence": 0.042256515473127365,
  "hip_prominence": 0.06501264870166779
}