{
  "shoulder_hip_ratio": 1.6466375518637506,
  "waist_position": 0.4962626099586487,
  "torso_ratio": 1.2064788284709758,
  "shoulder_prominence": 0.04609539359807968,
  "hip_prominence": 0.011896028649061918
}