{
  "shoulder_hip_ratio": 2.0661730839598063,
  "waist_position": 0.46496307849884033,
  "torso_ratio": 1.3003534344937757,
  "shoulder_prominence": 0.27320852503180504,
  "hip_prominence": 0.20705105364322662
}