{
  "shoulder_hip_ratio": 1.6824056552455584,
  "waist_position": 0.5346268713474274,
  "torso_ratio": 1.2717733731983658,
  "shoulder_prominence": 0.09425786882638931,
  "hip_prominence": 0.06018969975411892
}