{
  "shoulder_hip_ratio": 1.6877570186507913,
  "waist_position": 0.5253989398479462,
  "torso_ratio": 1.2675752554984838,
  "shoulder_prominence": 0.01588126551359892,
  "hip_prominence": 0.02703188080340624
}