{
  "shoulder_hip_ratio": 1.6409271059222579,
  "waist_position": 0.4835786819458008,
  "torso_ratio": 1.268346635690271,
  "shoulder_prominence": 0.043105896562337875,
  "hip_prominence": 0.01727426704019308
}