{
  "shoulder_hip_ratio": 1.6359147299271857,
  "waist_position": 0.5259682536125183,
  "torso_ratio": 1.3802665508722995,
  "shoulder_prominence": 0.21836550906300545,
  "hip_prominence": 0.11939957737922668
}