{
  "shoulder_hip_ratio": 1.671169478225686,
  "waist_position": 0.5058521032333374,
  "torso_ratio": 1.4126248633641079,
  "shoulder_prominence": 0.153264561900869,
  "hip_prominence": 0.08259737864136696
}