{
  "shoulder_hip_ratio": 1.5404953287780616,
  "waist_position": 0.5005425363779068,
  "torso_ratio": 1.2628247551039689,
  "shoulder_prominence": 0.05961834825575352,
  "hip_prominence": 0.09073616191744804
}