{
  "shoulder_hip_ratio": 1.8272210468171846,
  "waist_position": 0.5072283446788788,
  "torso_ratio": 1.207550260588114,
  "shoulder_prominence": 0.2291140854358673,
  "hip_prominence": 0.1278504654765129
}