{
  "shoulder_hip_ratio": 1.7101177498022067,
  "waist_position": 0.5178325474262238,
  "torso_ratio": 1.2819094836774358,
  "shoulder_prominence": 0.14694157429039478,
  "hip_prominence": 0.052774976938962936
}