{
  "shoulder_hip_ratio": 1.8440927739959403,
  "waist_position": 0.460643008351326,
  "torso_ratio": 1.115998994404179,
  "shoulder_prominence": 0.035334594547748566,
  "hip_prominence": 0.029570172540843487
}