{
  "shoulder_hip_ratio": 1.2605679407835972,
  "waist_position": 0.5152723491191864,
  "torso_ratio": 2.490922716844596,
  "shoulder_prominence": 0.39174486696720123,
  "hip_prominence": 0.2183309942483902
}