{
  "shoulder_hip_ratio": 2.1119513122820837,
  "waist_position": 0.5023854672908783,
  "torso_ratio": 1.1394691278838047,
  "shoulder_prominence": 0.01031729974783957,
  "hip_prominence": 0.0010985405533574522
}