{
  "shoulder_hip_ratio": 1.8583926286210148,
  "waist_position": 0.494682177901268,
  "torso_ratio": 1.206682853645898,
  "shoulder_prominence": 0.07877217233181,
  "hip_prominence": 0.02649559359997511
}