{
  "shoulder_hip_ratio": 1.607238622393952,
  "waist_position": 0.4824090003967285,
  "torso_ratio": 1.754295016756135,
  "shoulder_prominence": 0.3731001764535904,
  "hip_prominence": 0.23756404966115952
}