{
  "shoulder_hip_ratio": 1.7544650446592738,
  "waist_position": 0.5258643329143524,
  "torso_ratio": 1.3094435384345,
  "shoulder_prominence": 0.032834962010383606,
  "hip_prominence": 0.006946261273697019
}