{
  "shoulder_hip_ratio": 1.7939164750439331,
  "waist_position": 0.4694637805223465,
  "torso_ratio": 1.258929603897181,
  "shoulder_prominence": 0.02162998914718628,
  "hip_prominence": 0.008178111864253879
}