{
  "shoulder_hip_ratio": 1.8428340693927665,
  "waist_position": 0.5189904272556305,
  "torso_ratio": 1.42864450486441,
  "shoulder_prominence": 0.01079048216342926,
  "hip_prominence": 0.027180032804608345
}