{
  "shoulder_hip_ratio": 1.8209599607892868,
  "waist_position": 0.5149694383144379,
  "torso_ratio": 1.1261603020884239,
  "shoulder_prominence": 0.01436510682106018,
  "hip_prominence": 0.021077454090118408
}