{
  "shoulder_hip_ratio": 1.573591995896972,
  "waist_position": 0.4942982345819473,
  "torso_ratio": 1.3478097116970984,
  "shoulder_prominence": 0.054873809684067965,
  "hip_prominence": 0.0010836735309567302
}