{
  "shoulder_hip_ratio": 1.6902195518965508,
  "waist_position": 0.5183012187480927,
  "torso_ratio": 1.2056923286568044,
  "shoulder_prominence": 0.029779760167002678,
  "hip_prominence": 0.003977234475314617
}