{
  "shoulder_hip_ratio": 1.7263007088843672,
  "waist_position": 0.4727693945169449,
  "torso_ratio": 1.147992870467879,
  "shoulder_prominence": 0.12009389325976372,
  "hip_prominence": 0.07706746086478233
}