{
  "shoulder_hip_ratio": 1.6610742240672156,
  "waist_position": 0.5033598095178604,
  "torso_ratio": 1.347098979902544,
  "shoulder_prominence": 0.03428393928334117,
  "hip_prominence": 0.002299785614013672
}