{
  "shoulder_hip_ratio": 1.6821353600707492,
  "waist_position": 0.4908770024776459,
  "torso_ratio": 1.2577504259755496,
  "shoulder_prominence": 0.09885334502905607,
  "hip_prominence": 0.014896195381879807
}