{
  "shoulder_hip_ratio": 1.6674601546876209,
  "waist_position": 0.49173639714717865,
  "torso_ratio": 1.2893604207213314,
  "shoulder_prominence": 0.05280513782054186,
  "hip_prominence": 0.045091208070516586
}