{
  "shoulder_hip_ratio": 1.8733226807538046,
  "waist_position": 0.4667157083749771,
  "torso_ratio": 1.3192342176423408,
  "shoulder_prominence": 0.286172017455101,
  "hip_prominence": 0.21226779371500015
}