{
  "shoulder_hip_ratio": 1.716289088512355,
  "waist_position": 0.5189379453659058,
  "torso_ratio": 1.3753496021390397,
  "shoulder_prominence": 0.2024478316307068,
  "hip_prominence": 0.14441285282373428
}