{
  "shoulder_hip_ratio": 1.8294447400723093,
  "waist_position": 0.4937053620815277,
  "torso_ratio": 1.1303808368301298,
  "shoulder_prominence": 0.04753604531288147,
  "hip_prominence": 0.016490457579493523
}