{
  "shoulder_hip_ratio": 1.6259679467749875,
  "waist_position": 0.4763597995042801,
  "torso_ratio": 1.1720052318925114,
  "shoulder_prominence": 0.11292365938425064,
  "hip_prominence": 0.06045794486999512
}