{
  "shoulder_hip_ratio": 2.083350563862069,
  "waist_position": 0.5372481942176819,
  "torso_ratio": 1.0735457969131235,
  "shoulder_prominence": 0.23196041584014893,
  "hip_prominence": 0.17131078243255615
}