{
  "shoulder_hip_ratio": 1.7386729920937891,
  "waist_position": 0.4979602247476578,
  "torso_ratio": 1.159041897746313,
  "shoulder_prominence": 0.0014276206493377686,
  "hip_prominence": 0.03744927793741226
}