{
  "shoulder_hip_ratio": 1.6145492504167278,
  "waist_position": 0.48215892910957336,
  "torso_ratio": 1.3424091084298602,
  "shoulder_prominence": 0.022391220554709435,
  "hip_prominence": 0.0032172525534406304
}