{
  "shoulder_hip_ratio": 1.6872796876010943,
  "waist_position": 0.4818848520517349,
  "torso_ratio": 1.211478708461852,
  "shoulder_prominence": 0.10297093540430069,
  "hip_prominence": 0.08327024057507515
}