{
  "shoulder_hip_ratio": 1.6538880441459367,
  "waist_position": 0.534768283367157,
  "torso_ratio": 1.280278447558027,
  "shoulder_prominence": 0.005843043327331543,
  "hip_prominence": 0.006863392656669021
}