{
  "shoulder_hip_ratio": 2.0160010354243028,
  "waist_position": 0.5061030387878418,
  "torso_ratio": 1.2056152658357513,
  "shoulder_prominence": 0.014475975185632706,
  "hip_prominence": 0.021990599110722542
}