{
  "shoulder_hip_ratio": 2.1818835488668316,
  "waist_position": 0.5052272081375122,
  "torso_ratio": 1.2842965322649373,
  "shoulder_prominence": 0.0646788477897644,
  "hip_prominence": 0.035186486318707466
}