{
  "shoulder_hip_ratio": 1.9687431895587317,
  "waist_position": 0.45183736085891724,
  "torso_ratio": 1.3648277798593045,
  "shoulder_prominence": 0.010153628885746002,
  "hip_prominence": 0.02932184748351574
}