{
  "shoulder_hip_ratio": 1.738414408535424,
  "waist_position": 0.5235566943883896,
  "torso_ratio": 1.1589860443325444,
  "shoulder_prominence": 0.02290503680706024,
  "hip_prominence": 0.025148486718535423
}