{
  "shoulder_hip_ratio": 1.5481870562196598,
  "waist_position": 0.4466579556465149,
  "torso_ratio": 1.3649521545311265,
  "shoulder_prominence": 0.03737812984036282,
  "hip_prominence": 0.061282241716980934
}