{
  "shoulder_hip_ratio": 1.7590066325939624,
  "waist_position": 0.5244681537151337,
  "torso_ratio": 1.0692971135255607,
  "shoulder_prominence": 0.06967472285032272,
  "hip_prominence": 0.06457092985510826
}