{
  "shoulder_hip_ratio": 1.4983851847961789,
  "waist_position": 0.48741355538368225,
  "torso_ratio": 1.5114383180327322,
  "shoulder_prominence": 0.1503006312996149,
  "hip_prominence": 0.06920896470546722
}