{
  "shoulder_hip_ratio": 1.6446684241415854,
  "waist_position": 0.49091866612434387,
  "torso_ratio": 1.1699949291844547,
  "shoulder_prominence": 0.01538294367492199,
  "hip_prominence": 0.009724076837301254
}