{
  "shoulder_hip_ratio": 1.7726036768937963,
  "waist_position": 0.5324087142944336,
  "torso_ratio": 1.2032331561388567,
  "shoulder_prominence": 0.10405110474675894,
  "hip_prominence": 0.04248017258942127
}