{
  "shoulder_hip_ratio": 1.6577651944110547,
  "waist_position": 0.4693985730409622,
  "torso_ratio": 1.1816391848931478,
  "shoulder_prominence": 0.05611215904355049,
  "hip_prominence": 0.055926570668816566
}