{
  "shoulder_hip_ratio": 1.762271068471081,
  "waist_position": 0.5410259068012238,
  "torso_ratio": 1.4348989592885841,
  "shoulder_prominence": 0.06903494894504547,
  "hip_prominence": 0.0984535701572895
}