{
  "shoulder_hip_ratio": 1.6835749818540604,
  "waist_position": 0.49425843358039856,
  "torso_ratio": 1.3125498305350733,
  "shoulder_prominence": 0.003260977566242218,
  "hip_prominence": 0.021381274797022343
}