{
  "shoulder_hip_ratio": 1.89318395914973,
  "waist_position": 0.47411705553531647,
  "torso_ratio": 1.4813676103094728,
  "shoulder_prominence": 0.29129480570554733,
  "hip_prominence": 0.21688006073236465
}