{
  "shoulder_hip_ratio": 1.7788290631485686,
  "waist_position": 0.46315623819828033,
  "torso_ratio": 1.2877478279751633,
  "shoulder_prominence": 0.30454812943935394,
  "hip_prominence": 0.22988969087600708
}