{
  "shoulder_hip_ratio": 1.7733342273597075,
  "waist_position": 0.4940947890281677,
  "torso_ratio": 1.1463065573738835,
  "shoulder_prominence": 0.05142660439014435,
  "hip_prominence": 0.006605083821341395
}