{
  "shoulder_hip_ratio": 1.4142312640249202,
  "waist_position": 0.4834166020154953,
  "torso_ratio": 2.66557256810221,
  "shoulder_prominence": 0.5677768439054489,
  "hip_prominence": 0.3173535317182541
}