{
  "shoulder_hip_ratio": 1.8246995186384378,
  "waist_position": 0.49775823950767517,
  "torso_ratio": 1.1018348160472897,
  "shoulder_prominence": 0.004360884428024292,
  "hip_prominence": 0.002058310143183917
}