{
  "shoulder_hip_ratio": 1.766951217215996,
  "waist_position": 0.4915067255496979,
  "torso_ratio": 1.1945143364086062,
  "shoulder_prominence": 0.162995383143425,
  "hip_prominence": 0.14766207337379456
}