{
  "shoulder_hip_ratio": 1.6322845018770686,
  "waist_position": 0.4920133054256439,
  "torso_ratio": 1.1999455867570652,
  "shoulder_prominence": 0.20833349786698818,
  "hip_prominence": 0.09862987324595451
}