{
  "shoulder_hip_ratio": 1.9126114720705372,
  "waist_position": 0.49518798291683197,
  "torso_ratio": 1.3534975789527193,
  "shoulder_prominence": 0.24015992507338524,
  "hip_prominence": 0.18385832756757736
}