{
  "shoulder_hip_ratio": 1.7329066355725982,
  "waist_position": 0.46603982150554657,
  "torso_ratio": 1.1906901434853772,
  "shoulder_prominence": 0.07777387276291847,
  "hip_prominence": 0.04714207351207733
}