{
  "shoulder_hip_ratio": 1.7649029672787697,
  "waist_position": 0.5272178500890732,
  "torso_ratio": 1.1621112530701843,
  "shoulder_prominence": 0.18404265493154526,
  "hip_prominence": 0.12503236532211304
}