{
  "shoulder_hip_ratio": 2.0821647316987817,
  "waist_position": 0.5452618598937988,
  "torso_ratio": 1.6708530517960076,
  "shoulder_prominence": 0.017208687961101532,
  "hip_prominence": 0.031091672368347645
}