{
  "shoulder_hip_ratio": 1.7149724839994773,
  "waist_position": 0.48553745448589325,
  "torso_ratio": 1.1724801438688963,
  "shoulder_prominence": 0.03919651359319687,
  "hip_prominence": 0.01976965367794037
}