{
  "shoulder_hip_ratio": 1.6819377024779572,
  "waist_position": 0.5310697853565216,
  "torso_ratio": 1.2182912880484964,
  "shoulder_prominence": 0.0925997905433178,
  "hip_prominence": 0.06719572097063065
}