{
  "shoulder_hip_ratio": 2.0201240653111943,
  "waist_position": 0.49243366718292236,
  "torso_ratio": 1.4508007660416518,
  "shoulder_prominence": 0.4137177914381027,
  "hip_prominence": 0.2749369889497757
}