{
  "shoulder_hip_ratio": 1.671903377619033,
  "waist_position": 0.4676246792078018,
  "torso_ratio": 1.261267377401196,
  "shoulder_prominence": 0.055688053369522095,
  "hip_prominence": 0.06935436278581619
}