{
  "shoulder_hip_ratio": 1.6687739265741086,
  "waist_position": 0.5208111703395844,
  "torso_ratio": 1.4013270719823274,
  "shoulder_prominence": 0.266726478934288,
  "hip_prominence": 0.17295385152101517
}