{
  "shoulder_hip_ratio": 1.8761091324063692,
  "waist_position": 0.4677961468696594,
  "torso_ratio": 1.3443494083884229,
  "shoulder_prominence": 0.29500812292099,
  "hip_prominence": 0.20897821336984634
}