{
  "shoulder_hip_ratio": 1.8135699340825837,
  "waist_position": 0.5398537218570709,
  "torso_ratio": 1.2345250749446932,
  "shoulder_prominence": 0.008406393229961395,
  "hip_prominence": 0.005907735321670771
}