{
  "shoulder_hip_ratio": 1.6552698104306685,
  "waist_position": 0.46077387034893036,
  "torso_ratio": 1.2250612474376206,
  "shoulder_prominence": 0.051819211803376675,
  "hip_prominence": 0.01902222167700529
}