{
  "shoulder_hip_ratio": 2.4358890649561906,
  "waist_position": 0.5248861312866211,
  "torso_ratio": 1.3743340149801597,
  "shoulder_prominence": 0.25769102573394775,
  "hip_prominence": 0.2126602903008461
}