{
  "shoulder_hip_ratio": 1.6335784208934672,
  "waist_position": 0.4522700309753418,
  "torso_ratio": 1.1032193747451202,
  "shoulder_prominence": 0.14681844785809517,
  "hip_prominence": 0.09501165524125099
}