{
  "shoulder_hip_ratio": 1.5362794091138265,
  "waist_position": 0.5057941228151321,
  "torso_ratio": 1.4068953237979425,
  "shoulder_prominence": 0.0042499639093875885,
  "hip_prominence": 0.014076425228267908
}