{
  "shoulder_hip_ratio": 1.8677476773523307,
  "waist_position": 0.5352011322975159,
  "torso_ratio": 1.1416388773425203,
  "shoulder_prominence": 0.03189879655838013,
  "hip_prominence": 0.016237222589552402
}