{
  "shoulder_hip_ratio": 1.8026225499296902,
  "waist_position": 0.4919409602880478,
  "torso_ratio": 1.2910956200423462,
  "shoulder_prominence": 0.03785334527492523,
  "hip_prominence": 0.007451988523826003
}