{
  "shoulder_hip_ratio": 1.701468128424112,
  "waist_position": 0.5156452506780624,
  "torso_ratio": 1.3028187203997987,
  "shoulder_prominence": 0.07464803755283356,
  "hip_prominence": 0.03513057716190815
}