{
  "shoulder_hip_ratio": 1.7671265338537043,
  "waist_position": 0.5352413654327393,
  "torso_ratio": 1.2725292140221218,
  "shoulder_prominence": 0.053875282406806946,
  "hip_prominence": 0.0207595182582736
}