{
  "shoulder_hip_ratio": 1.6283276431360794,
  "waist_position": 0.4926808029413223,
  "torso_ratio": 1.2874138507870694,
  "shoulder_prominence": 0.0637667877599597,
  "hip_prominence": 0.01073047798126936
}