{
  "shoulder_hip_ratio": 1.9318601846837673,
  "waist_position": 0.4760187268257141,
  "torso_ratio": 1.3012770540881116,
  "shoulder_prominence": 0.0483861118555069,
  "hip_prominence": 0.007465585833415389
}