{
  "shoulder_hip_ratio": 1.7274842302594076,
  "waist_position": 0.5202860534191132,
  "torso_ratio": 1.1615970034544993,
  "shoulder_prominence": 0.12005053460597992,
  "hip_prominence": 0.05210607685148716
}