{
  "shoulder_hip_ratio": 2.0102635346386926,
  "waist_position": 0.4823479950428009,
  "torso_ratio": 1.265920767983839,
  "shoulder_prominence": 0.017073430120944977,
  "hip_prominence": 0.05096099525690079
}