{
  "shoulder_hip_ratio": 1.8015706850035318,
  "waist_position": 0.4953934848308563,
  "torso_ratio": 1.2079824977996267,
  "shoulder_prominence": 0.06032686308026314,
  "hip_prominence": 0.05656972527503967
}