{
  "shoulder_hip_ratio": 1.947749398463546,
  "waist_position": 0.48815111815929413,
  "torso_ratio": 1.2864785425462288,
  "shoulder_prominence": 0.009450694546103477,
  "hip_prominence": 0.008680324535816908
}