{
  "shoulder_hip_ratio": 1.6428010521068581,
  "waist_position": 0.4845743179321289,
  "torso_ratio": 1.3748687832668578,
  "shoulder_prominence": 0.041163913905620575,
  "hip_prominence": 0.00291082332842052
}