{
  "shoulder_hip_ratio": 2.1193593071633545,
  "waist_position": 0.48785632848739624,
  "torso_ratio": 1.1556649341376073,
  "shoulder_prominence": 0.07552982866764069,
  "hip_prominence": 0.05841756425797939
}