{
  "shoulder_hip_ratio": 1.9643642487625166,
  "waist_position": 0.4795857071876526,
  "torso_ratio": 1.276112238842633,
  "shoulder_prominence": 0.0016427785158157349,
  "hip_prominence": 0.03105451911687851
}