{
  "shoulder_hip_ratio": 1.7221091497545329,
  "waist_position": 0.4980496019124985,
  "torso_ratio": 1.1451205227546006,
  "shoulder_prominence": 0.11537713650614023,
  "hip_prominence": 0.11629265546798706
}