{
  "shoulder_hip_ratio": 1.7816699598793801,
  "waist_position": 0.4918471723794937,
  "torso_ratio": 1.1521224314546632,
  "shoulder_prominence": 0.04769841581583023,
  "hip_prominence": 0.007592051289975643
}