{
  "shoulder_hip_ratio": 1.8289743086616177,
  "waist_position": 0.4810919463634491,
  "torso_ratio": 1.2297359689764384,
  "shoulder_prominence": 0.048140838742256165,
  "hip_prominence": 0.008636933751404285
}