{
  "shoulder_hip_ratio": 1.6929002598560774,
  "waist_position": 0.4758778363466263,
  "torso_ratio": 1.2061702824182892,
  "shoulder_prominence": 0.012221455574035645,
  "hip_prominence": 0.039067910984158516
}