{
  "shoulder_hip_ratio": 2.1205709001871065,
  "waist_position": 0.4648337662220001,
  "torso_ratio": 1.1750369746873095,
  "shoulder_prominence": 0.21800536289811134,
  "hip_prominence": 0.17820805311203003
}