{
  "shoulder_hip_ratio": 1.719828511787754,
  "waist_position": 0.5437786877155304,
  "torso_ratio": 1.5499392115787851,
  "shoulder_prominence": 0.21747729182243347,
  "hip_prominence": 0.1556614488363266
}