{
  "shoulder_hip_ratio": 2.168241234709153,
  "waist_position": 0.4640466719865799,
  "torso_ratio": 1.5675127599942813,
  "shoulder_prominence": 0.05389529466629028,
  "hip_prominence": 0.11002698168158531
}