{
  "shoulder_hip_ratio": 1.7531768353961292,
  "waist_position": 0.4965555965900421,
  "torso_ratio": 1.1408793458240536,
  "shoulder_prominence": 0.005469918251037598,
  "hip_prominence": 0.052771180868148804
}