{
  "shoulder_hip_ratio": 1.8648364059476659,
  "waist_position": 0.4612223356962204,
  "torso_ratio": 1.190016319923176,
  "shoulder_prominence": 0.027827277779579163,
  "hip_prominence": 0.0012533046246971935
}