{
  "shoulder_hip_ratio": 1.827914888834916,
  "waist_position": 0.46341222524642944,
  "torso_ratio": 1.2667589875136698,
  "shoulder_prominence": 0.03611486777663231,
  "hip_prominence": 0.012524559628218412
}