{
  "shoulder_hip_ratio": 1.7865899975998019,
  "waist_position": 0.5269230008125305,
  "torso_ratio": 1.2846900938653163,
  "shoulder_prominence": 0.1517450399696827,
  "hip_prominence": 0.08811188116669655
}