{
  "shoulder_hip_ratio": 1.748211013281466,
  "waist_position": 0.4889296293258667,
  "torso_ratio": 1.2194082472239527,
  "shoulder_prominence": 0.04459157586097717,
  "hip_prominence": 0.05137331783771515
}