{
  "shoulder_hip_ratio": 1.7247710197879853,
  "waist_position": 0.4945228397846222,
  "torso_ratio": 1.2412026528429776,
  "shoulder_prominence": 0.05645094811916351,
  "hip_prominence": 0.02362233679741621
}