{
  "shoulder_hip_ratio": 1.6595106969434994,
  "waist_position": 0.4546482712030411,
  "torso_ratio": 1.1856426272282299,
  "shoulder_prominence": 0.14459263160824776,
  "hip_prominence": 0.10390608012676239
}