{
  "shoulder_hip_ratio": 2.085216108357477,
  "waist_position": 0.4728749543428421,
  "torso_ratio": 1.1693254661259933,
  "shoulder_prominence": 0.1422331966459751,
  "hip_prominence": 0.06890355423092842
}