{
  "shoulder_hip_ratio": 1.732808586041987,
  "waist_position": 0.5313918888568878,
  "torso_ratio": 1.2984242321216457,
  "shoulder_prominence": 0.033480457961559296,
  "hip_prominence": 0.002939961268566549
}