{
  "shoulder_hip_ratio": 1.7836085396071581,
  "waist_position": 0.5041897296905518,
  "torso_ratio": 1.0946656620280253,
  "shoulder_prominence": 0.04397708177566528,
  "hip_prominence": 0.010365065652877092
}