{
  "shoulder_hip_ratio": 1.6958127685854412,
  "waist_position": 0.47792403399944305,
  "torso_ratio": 1.2675028498824745,
  "shoulder_prominence": 0.35886865854263306,
  "hip_prominence": 0.20872581750154495
}