{
  "shoulder_hip_ratio": 1.6609767386291796,
  "waist_position": 0.4856548011302948,
  "torso_ratio": 1.336539268972779,
  "shoulder_prominence": 0.09630250930786133,
  "hip_prominence": 0.06640917435288429
}