{
  "shoulder_hip_ratio": 1.8442835349733855,
  "waist_position": 0.494285985827446,
  "torso_ratio": 1.2570877954736137,
  "shoulder_prominence": 0.04945041239261627,
  "hip_prominence": 0.02527633309364319
}