{
  "shoulder_hip_ratio": 1.6772617608470388,
  "waist_position": 0.49823233485221863,
  "torso_ratio": 1.1506039711695177,
  "shoulder_prominence": 0.03830678015947342,
  "hip_prominence": 0.005076031433418393
}