{
  "shoulder_hip_ratio": 1.5455071975562624,
  "waist_position": 0.5080741047859192,
  "torso_ratio": 1.388530699095405,
  "shoulder_prominence": 0.049686968326568604,
  "hip_prominence": 0.02070807944983244
}