{
  "shoulder_hip_ratio": 1.8204936353659331,
  "waist_position": 0.47379912436008453,
  "torso_ratio": 1.301691012308986,
  "shoulder_prominence": 0.14504186809062958,
  "hip_prominence": 0.13798466324806213
}