{
  "shoulder_hip_ratio": 1.6609986156078518,
  "waist_position": 0.521155059337616,
  "torso_ratio": 1.5492721544857881,
  "shoulder_prominence": 0.3419527933001518,
  "hip_prominence": 0.2113398090004921
}