{
  "shoulder_hip_ratio": 1.5668586156073276,
  "waist_position": 0.48336556553840637,
  "torso_ratio": 1.238916525185577,
  "shoulder_prominence": 0.0270579889183864,
  "hip_prominence": 0.014294270426034927
}