{
  "shoulder_hip_ratio": 1.7320079633210927,
  "waist_position": 0.4538586884737015,
  "torso_ratio": 1.2068104904554922,
  "shoulder_prominence": 0.12563286907970905,
  "hip_prominence": 0.08463511615991592
}