{
  "shoulder_hip_ratio": 1.6223802842437351,
  "waist_position": 0.4991440325975418,
  "torso_ratio": 1.22650356210879,
  "shoulder_prominence": 0.0764303058385849,
  "hip_prominence": 0.05701403692364693
}