{
  "shoulder_hip_ratio": 1.7992387411748603,
  "waist_position": 0.49652835726737976,
  "torso_ratio": 1.1838345288975336,
  "shoulder_prominence": 0.025724001228809357,
  "hip_prominence": 0.031477262265980244
}