{
  "shoulder_hip_ratio": 1.6989278364828282,
  "waist_position": 0.4941965937614441,
  "torso_ratio": 1.1724141017963388,
  "shoulder_prominence": 0.1473289206624031,
  "hip_prominence": 0.1100953035056591
}