{
  "shoulder_hip_ratio": 1.6733950984849533,
  "waist_position": 0.4898577630519867,
  "torso_ratio": 1.2117444908846988,
  "shoulder_prominence": 0.14672724902629852,
  "hip_prominence": 0.10953865945339203
}