{
  "shoulder_hip_ratio": 1.6444183901180176,
  "waist_position": 0.48520390689373016,
  "torso_ratio": 1.0956701782462122,
  "shoulder_prominence": 0.014731943607330322,
  "hip_prominence": 0.024739529937505722
}