{
  "shoulder_hip_ratio": 1.6464654747170777,
  "waist_position": 0.5030968189239502,
  "torso_ratio": 1.248297872392616,
  "shoulder_prominence": 0.004997070878744125,
  "hip_prominence": 0.034434083849191666
}