{
  "shoulder_hip_ratio": 1.609787825373202,
  "waist_position": 0.48022136092185974,
  "torso_ratio": 1.2454358097765998,
  "shoulder_prominence": 0.017926707863807678,
  "hip_prominence": 0.03230184316635132
}