{
  "shoulder_hip_ratio": 1.6402459154269826,
  "waist_position": 0.473397821187973,
  "torso_ratio": 1.263028817704663,
  "shoulder_prominence": 0.017114579677581787,
  "hip_prominence": 0.01956451404839754
}