{
  "shoulder_hip_ratio": 1.8721605265632906,
  "waist_position": 0.4993050843477249,
  "torso_ratio": 1.101676356449029,
  "shoulder_prominence": 0.011354990303516388,
  "hip_prominence": 0.03875562734901905
}