{
  "shoulder_hip_ratio": 1.7596818903624616,
  "waist_position": 0.4820462018251419,
  "torso_ratio": 1.1034128488803467,
  "shoulder_prominence": 0.034743838012218475,
  "hip_prominence": 0.005527452100068331
}