{
  "shoulder_hip_ratio": 1.800410860883626,
  "waist_position": 0.49539847671985626,
  "torso_ratio": 1.1339509791815388,
  "shoulder_prominence": 0.09073294699192047,
  "hip_prominence": 0.05163426324725151
}