{
  "shoulder_hip_ratio": 1.6674090674231354,
  "waist_position": 0.494044691324234,
  "torso_ratio": 1.2441290105483322,
  "shoulder_prominence": 0.12837883830070496,
  "hip_prominence": 0.06308092921972275
}