{
  "shoulder_hip_ratio": 1.7905924586358917,
  "waist_position": 0.4836980700492859,
  "torso_ratio": 1.2149361203559943,
  "shoulder_prominence": 0.08952849172055721,
  "hip_prominence": 0.05768139660358429
}