{
  "shoulder_hip_ratio": 1.752066017123679,
  "waist_position": 0.5228942930698395,
  "torso_ratio": 1.2254082271147624,
  "shoulder_prominence": 0.05240945518016815,
  "hip_prominence": 0.02111244574189186
}