{
  "shoulder_hip_ratio": 1.6793748151640138,
  "waist_position": 0.5207231938838959,
  "torso_ratio": 1.4439858901948581,
  "shoulder_prominence": 0.4374757409095764,
  "hip_prominence": 0.2474341318011284
}