{
  "shoulder_hip_ratio": 1.7313741030327268,
  "waist_position": 0.4883367717266083,
  "torso_ratio": 1.2814068974012618,
  "shoulder_prominence": 0.2765520364046097,
  "hip_prominence": 0.14320241659879684
}