{
  "shoulder_hip_ratio": 1.7527215837601968,
  "waist_position": 0.45561690628528595,
  "torso_ratio": 1.0878649841241854,
  "shoulder_prominence": 0.10574739892035723,
  "hip_prominence": 0.06788701936602592
}