{
  "shoulder_hip_ratio": 1.843704580912528,
  "waist_position": 0.4560185372829437,
  "torso_ratio": 1.1652722391128254,
  "shoulder_prominence": 0.002618301659822464,
  "hip_prominence": 0.020162956789135933
}