{
  "shoulder_hip_ratio": 1.5939322782650502,
  "waist_position": 0.5207750499248505,
  "torso_ratio": 2.4394464154742725,
  "shoulder_prominence": 0.6547252088785172,
  "hip_prominence": 0.42347975075244904
}