{
  "shoulder_hip_ratio": 1.9043796513228681,
  "waist_position": 0.4989602118730545,
  "torso_ratio": 1.2467614891704617,
  "shoulder_prominence": 0.05259149149060249,
  "hip_prominence": 0.09236148744821548
}