{
  "shoulder_hip_ratio": 1.7299300469109786,
  "waist_position": 0.531568706035614,
  "torso_ratio": 1.2225779619071169,
  "shoulder_prominence": 0.07738634198904037,
  "hip_prominence": 0.011737721040844917
}