{
  "shoulder_hip_ratio": 1.6419581177696125,
  "waist_position": 0.5056881308555603,
  "torso_ratio": 1.3690095318372348,
  "shoulder_prominence": 0.12097446247935295,
  "hip_prominence": 0.06183857284486294
}