{
  "shoulder_hip_ratio": 1.7798611709400447,
  "waist_position": 0.5037832856178284,
  "torso_ratio": 1.21666049689863,
  "shoulder_prominence": 0.05254538357257843,
  "hip_prominence": 0.06201579421758652
}