{
  "shoulder_hip_ratio": 1.7094936050276985,
  "waist_position": 0.5071795880794525,
  "torso_ratio": 1.552534998599034,
  "shoulder_prominence": 0.4117843061685562,
  "hip_prominence": 0.24597328156232834
}