{
  "shoulder_hip_ratio": 1.6981335688068855,
  "waist_position": 0.4778229594230652,
  "torso_ratio": 1.080201289185806,
  "shoulder_prominence": 0.05584537424147129,
  "hip_prominence": 0.045889636501669884
}