{
  "shoulder_hip_ratio": 1.8147658275282823,
  "waist_position": 0.528468519449234,
  "torso_ratio": 1.3533619245396724,
  "shoulder_prominence": 0.10669962922111154,
  "hip_prominence": 0.0981854572892189
}