{
  "shoulder_hip_ratio": 2.1024685967698056,
  "waist_position": 0.4503761827945709,
  "torso_ratio": 1.695703698337839,
  "shoulder_prominence": 0.3571665547788143,
  "hip_prominence": 0.25265640020370483
}