{
  "shoulder_hip_ratio": 1.5186121911932267,
  "waist_position": 0.5068509876728058,
  "torso_ratio": 1.379052695781974,
  "shoulder_prominence": 0.009922906057909131,
  "hip_prominence": 0.03519783914089203
}