{
  "shoulder_hip_ratio": 1.7264730440016347,
  "waist_position": 0.4972585290670395,
  "torso_ratio": 1.2614227024969047,
  "shoulder_prominence": 0.057424419559538364,
  "hip_prominence": 0.0022385537740774453
}