{
  "shoulder_hip_ratio": 1.6839686075029223,
  "waist_position": 0.48671357333660126,
  "torso_ratio": 1.276112553210489,
  "shoulder_prominence": 0.030654780566692352,
  "hip_prominence": 0.0036084111779928207
}