{
  "shoulder_hip_ratio": 1.579786722090282,
  "waist_position": 0.5040476024150848,
  "torso_ratio": 1.2739864543895132,
  "shoulder_prominence": 0.07976657152175903,
  "hip_prominence": 0.05735574848949909
}