{
  "shoulder_hip_ratio": 1.7110932950168418,
  "waist_position": 0.48097312450408936,
  "torso_ratio": 1.2825221633821462,
  "shoulder_prominence": 0.09288007020950317,
  "hip_prominence": 0.049111053347587585
}