{
  "shoulder_hip_ratio": 1.6444430378840407,
  "waist_position": 0.4954676926136017,
  "torso_ratio": 1.2350838086231999,
  "shoulder_prominence": 0.14347553998231888,
  "hip_prominence": 0.09687517583370209
}