{
  "shoulder_hip_ratio": 1.8774096649451466,
  "waist_position": 0.5347492098808289,
  "torso_ratio": 1.2695327554313505,
  "shoulder_prominence": 0.022496888414025307,
  "hip_prominence": 0.010110665112733841
}