{
  "shoulder_hip_ratio": 1.6886702639395053,
  "waist_position": 0.47411854565143585,
  "torso_ratio": 1.2694286107936479,
  "shoulder_prominence": 0.09612509608268738,
  "hip_prominence": 0.029760264791548252
}