{
  "shoulder_hip_ratio": 1.8570419357303378,
  "waist_position": 0.4791361540555954,
  "torso_ratio": 1.3526290126728913,
  "shoulder_prominence": 0.02001909911632538,
  "hip_prominence": 0.006124048260971904
}