{
  "shoulder_hip_ratio": 1.5878081184152912,
  "waist_position": 0.4931918978691101,
  "torso_ratio": 1.2933767084949344,
  "shoulder_prominence": 0.049486421048641205,
  "hip_prominence": 0.029438119381666183
}