{
  "shoulder_hip_ratio": 2.039378304259433,
  "waist_position": 0.5022151917219162,
  "torso_ratio": 1.1939051380205616,
  "shoulder_prominence": 0.14252856373786926,
  "hip_prominence": 0.05608331970870495
}