{
  "shoulder_hip_ratio": 1.8177325195239584,
  "waist_position": 0.49016448855400085,
  "torso_ratio": 1.1022167992601595,
  "shoulder_prominence": 0.1058034747838974,
  "hip_prominence": 0.1012113057076931
}