{
  "shoulder_hip_ratio": 1.780294568236817,
  "waist_position": 0.49084581434726715,
  "torso_ratio": 1.2402742678725631,
  "shoulder_prominence": 0.07078626193106174,
  "hip_prominence": 0.04042164050042629
}