{
  "shoulder_hip_ratio": 1.6736291481426195,
  "waist_position": 0.4851551353931427,
  "torso_ratio": 1.4135312398831705,
  "shoulder_prominence": 0.14486708119511604,
  "hip_prominence": 0.07391791045665741
}