{
  "shoulder_hip_ratio": 1.9730834221225224,
  "waist_position": 0.5056379586458206,
  "torso_ratio": 1.1366513933850717,
  "shoulder_prominence": 0.15491823852062225,
  "hip_prominence": 0.14012905210256577
}