{
  "shoulder_hip_ratio": 1.7166385574231717,
  "waist_position": 0.45843109488487244,
  "torso_ratio": 1.2826056427751065,
  "shoulder_prominence": 0.04596401005983353,
  "hip_prominence": 0.01975902635604143
}