{
  "shoulder_hip_ratio": 1.8045186675514397,
  "waist_position": 0.5065386891365051,
  "torso_ratio": 1.104967820496701,
  "shoulder_prominence": 0.10304294526576996,
  "hip_prominence": 0.05716273933649063
}