{
  "shoulder_hip_ratio": 1.4918555536468545,
  "waist_position": 0.5122781097888947,
  "torso_ratio": 1.259045451168713,
  "shoulder_prominence": 0.042730286717414856,
  "hip_prominence": 0.04245524853467941
}