{
  "shoulder_hip_ratio": 1.8156920999370527,
  "waist_position": 0.4937274605035782,
  "torso_ratio": 1.221315068344689,
  "shoulder_prominence": 0.010097370482981205,
  "hip_prominence": 0.005412316648289561
}