{
  "shoulder_hip_ratio": 1.8257171867960442,
  "waist_position": 0.4832887053489685,
  "torso_ratio": 1.196966440657273,
  "shoulder_prominence": 0.06685789301991463,
  "hip_prominence": 0.039688510820269585
}