{
  "shoulder_hip_ratio": 1.7346547337812876,
  "waist_position": 0.48975032567977905,
  "torso_ratio": 1.5050254421580866,
  "shoulder_prominence": 0.0019391104578971863,
  "hip_prominence": 0.01845025271177292
}