{
  "shoulder_hip_ratio": 1.569550237274959,
  "waist_position": 0.522700846195221,
  "torso_ratio": 1.2644743600189023,
  "shoulder_prominence": 0.126522034406662,
  "hip_prominence": 0.057928116992115974
}