{
  "shoulder_hip_ratio": 1.8286333793091187,
  "waist_position": 0.5057628154754639,
  "torso_ratio": 1.109593451216431,
  "shoulder_prominence": 0.020354121923446655,
  "hip_prominence": 0.005477661034092307
}