{
  "shoulder_hip_ratio": 1.6674998542804158,
  "waist_position": 0.47591152787208557,
  "torso_ratio": 1.3394531601293431,
  "shoulder_prominence": 0.12642738968133926,
  "hip_prominence": 0.06954871118068695
}