{
  "shoulder_hip_ratio": 1.7193242682951813,
  "waist_position": 0.485469788312912,
  "torso_ratio": 1.1631164337266073,
  "shoulder_prominence": 0.09448610991239548,
  "hip_prominence": 0.06012537702918053
}