{
  "shoulder_hip_ratio": 1.6072848833919897,
  "waist_position": 0.5228530466556549,
  "torso_ratio": 1.2478289887199359,
  "shoulder_prominence": 0.13101109117269516,
  "hip_prominence": 0.05428224243223667
}