{
  "shoulder_hip_ratio": 1.6415828035915838,
  "waist_position": 0.5064347982406616,
  "torso_ratio": 1.280591155783536,
  "shoulder_prominence": 0.019240904599428177,
  "hip_prominence": 0.03068438172340393
}