{
  "shoulder_hip_ratio": 1.6808769141421946,
  "waist_position": 0.50335294008255,
  "torso_ratio": 1.2348754383589637,
  "shoulder_prominence": 0.06706522405147552,
  "hip_prominence": 0.035597313195466995
}