{
  "shoulder_hip_ratio": 1.7331215359316716,
  "waist_position": 0.5251838266849518,
  "torso_ratio": 1.1841773439467242,
  "shoulder_prominence": 0.04067486524581909,
  "hip_prominence": 0.00606067618355155
}