{
  "shoulder_hip_ratio": 2.206336304848064,
  "waist_position": 0.4709998667240143,
  "torso_ratio": 1.527696128228509,
  "shoulder_prominence": 0.20791182667016983,
  "hip_prominence": 0.2065928652882576
}