{
  "shoulder_hip_ratio": 1.6361671394759605,
  "waist_position": 0.5080670416355133,
  "torso_ratio": 1.3142050750902672,
  "shoulder_prominence": 0.2481134980916977,
  "hip_prominence": 0.10280356556177139
}