{
  "shoulder_hip_ratio": 1.64082583713413,
  "waist_position": 0.501576155424118,
  "torso_ratio": 1.1988859629071968,
  "shoulder_prominence": 0.1698385551571846,
  "hip_prominence": 0.10471991822123528
}