{
  "shoulder_hip_ratio": 1.8659921575182412,
  "waist_position": 0.4911139905452728,
  "torso_ratio": 1.3146341673405932,
  "shoulder_prominence": 0.1119232326745987,
  "hip_prominence": 0.046009428799152374
}