{
  "shoulder_hip_ratio": 1.6960844973932858,
  "waist_position": 0.5044980049133301,
  "torso_ratio": 1.3219899026217559,
  "shoulder_prominence": 0.0370392557233572,
  "hip_prominence": 0.0337660051882267
}