{
  "shoulder_hip_ratio": 1.8986962259283673,
  "waist_position": 0.5423024892807007,
  "torso_ratio": 1.8673976529615748,
  "shoulder_prominence": 0.420747846364975,
  "hip_prominence": 0.3204544186592102
}