{
  "shoulder_hip_ratio": 1.6602843608537938,
  "waist_position": 0.5196055471897125,
  "torso_ratio": 1.1969222292026833,
  "shoulder_prominence": 0.06565044820308685,
  "hip_prominence": 0.10194939747452736
}