{
  "shoulder_hip_ratio": 1.671694565443569,
  "waist_position": 0.5262956917285919,
  "torso_ratio": 1.2272750912205845,
  "shoulder_prominence": 0.20817072689533234,
  "hip_prominence": 0.10762301087379456
}