{
  "shoulder_hip_ratio": 1.5957093446775799,
  "waist_position": 0.5074564665555954,
  "torso_ratio": 1.6340553527830384,
  "shoulder_prominence": 0.2708560675382614,
  "hip_prominence": 0.1938045248389244
}