{
  "shoulder_hip_ratio": 1.7358075276336764,
  "waist_position": 0.48072779178619385,
  "torso_ratio": 1.381406943473091,
  "shoulder_prominence": 0.16050931438803673,
  "hip_prominence": 0.1084914430975914
}