{
  "shoulder_hip_ratio": 1.5791652523584758,
  "waist_position": 0.4901960641145706,
  "torso_ratio": 1.2882389455608605,
  "shoulder_prominence": 0.012849569320678711,
  "hip_prominence": 0.01187643501907587
}