{
  "shoulder_hip_ratio": 1.6101466744237234,
  "waist_position": 0.4858732223510742,
  "torso_ratio": 1.2371921854891157,
  "shoulder_prominence": 0.10645017772912979,
  "hip_prominence": 0.061015475541353226
}