{
  "shoulder_hip_ratio": 1.7358919069884624,
  "waist_position": 0.5295962691307068,
  "torso_ratio": 1.2118799705244383,
  "shoulder_prominence": 0.10110118240118027,
  "hip_prominence": 0.061692383140325546
}