{
  "shoulder_hip_ratio": 2.1264384560495806,
  "waist_position": 0.5086241662502289,
  "torso_ratio": 1.145524174654776,
  "shoulder_prominence": 0.033868297934532166,
  "hip_prominence": 0.029832527972757816
}