{
  "shoulder_hip_ratio": 1.6822654261085466,
  "waist_position": 0.4857180416584015,
  "torso_ratio": 1.2028801983270059,
  "shoulder_prominence": 0.15158653631806374,
  "hip_prominence": 0.09604846313595772
}