{
  "shoulder_hip_ratio": 1.6066756419800112,
  "waist_position": 0.498657763004303,
  "torso_ratio": 1.181179648300387,
  "shoulder_prominence": 0.05912087857723236,
  "hip_prominence": 0.07494764402508736
}