{
  "shoulder_hip_ratio": 1.6478858197492545,
  "waist_position": 0.47316625714302063,
  "torso_ratio": 1.169404043812246,
  "shoulder_prominence": 0.11030899733304977,
  "hip_prominence": 0.03147278446704149
}