{
  "shoulder_hip_ratio": 1.6960764528505547,
  "waist_position": 0.45857979357242584,
  "torso_ratio": 1.2061351321970333,
  "shoulder_prominence": 0.09480529651045799,
  "hip_prominence": 0.04921508580446243
}