{
  "shoulder_hip_ratio": 1.8109429943175228,
  "waist_position": 0.46870288252830505,
  "torso_ratio": 1.1742775341267624,
  "shoulder_prominence": 0.25826090574264526,
  "hip_prominence": 0.176428884267807
}