{
  "shoulder_hip_ratio": 1.853678723708178,
  "waist_position": 0.5555961430072784,
  "torso_ratio": 1.1186563255009545,
  "shoulder_prominence": 0.12937592715024948,
  "hip_prominence": 0.058670975267887115
}