{
  "shoulder_hip_ratio": 1.5316810772433844,
  "waist_position": 0.4746309369802475,
  "torso_ratio": 1.2046142779440234,
  "shoulder_prominence": 0.12494511902332306,
  "hip_prominence": 0.0286130141466856
}