{
  "shoulder_hip_ratio": 1.6004582466375517,
  "waist_position": 0.4971351772546768,
  "torso_ratio": 1.3374856447970305,
  "shoulder_prominence": 0.019472358748316765,
  "hip_prominence": 0.011390467174351215
}