{
  "shoulder_hip_ratio": 1.629087368169904,
  "waist_position": 0.5231798887252808,
  "torso_ratio": 1.3268092819102753,
  "shoulder_prominence": 0.10961046069860458,
  "hip_prominence": 0.09217071160674095
}