{
  "shoulder_hip_ratio": 1.6053097296571819,
  "waist_position": 0.5170407891273499,
  "torso_ratio": 1.1785022114505699,
  "shoulder_prominence": 0.0249781534075737,
  "hip_prominence": 0.037170710042119026
}