{
  "shoulder_hip_ratio": 1.8301634980489498,
  "waist_position": 0.4920218884944916,
  "torso_ratio": 1.2254370498152547,
  "shoulder_prominence": 0.0450860932469368,
  "hip_prominence": 0.046715209260582924
}