{
  "shoulder_hip_ratio": 1.8645891553412093,
  "waist_position": 0.5073017776012421,
  "torso_ratio": 1.266074458929342,
  "shoulder_prominence": 0.0597364604473114,
  "hip_prominence": 0.04232529737055302
}