{
  "shoulder_hip_ratio": 1.8987347211539871,
  "waist_position": 0.47516798973083496,
  "torso_ratio": 1.2688662011273082,
  "shoulder_prominence": 0.20787549763917923,
  "hip_prominence": 0.09560491144657135
}