{
  "shoulder_hip_ratio": 1.7786958896457286,
  "waist_position": 0.488989919424057,
  "torso_ratio": 1.115165075664554,
  "shoulder_prominence": 0.1325543848797679,
  "hip_prominence": 0.04853671416640282
}