{
  "shoulder_hip_ratio": 1.7733943575591624,
  "waist_position": 0.4537477642297745,
  "torso_ratio": 1.1319404369408033,
  "shoulder_prominence": 0.0005020357202738523,
  "hip_prominence": 0.01684796530753374
}