{
  "shoulder_hip_ratio": 1.1213065439215133,
  "waist_position": 0.5046187341213226,
  "torso_ratio": 6.1574317566704595,
  "shoulder_prominence": 0.3788415789604187,
  "hip_prominence": 0.2595301866531372
}