{
  "shoulder_hip_ratio": 1.8491102060031912,
  "waist_position": 0.4712597131729126,
  "torso_ratio": 1.3094902705244422,
  "shoulder_prominence": 0.03141137212514877,
  "hip_prominence": 0.021153613924980164
}