{
  "shoulder_hip_ratio": 1.6873077923864614,
  "waist_position": 0.5045947730541229,
  "torso_ratio": 1.215866198841667,
  "shoulder_prominence": 0.001521378755569458,
  "hip_prominence": 0.027786082588136196
}