{
  "shoulder_hip_ratio": 1.676529443460059,
  "waist_position": 0.5577191114425659,
  "torso_ratio": 1.6819018870724816,
  "shoulder_prominence": 0.29173634946346283,
  "hip_prominence": 0.1973477080464363
}