{
  "shoulder_hip_ratio": 1.7409201331526558,
  "waist_position": 0.5116426646709442,
  "torso_ratio": 1.1433658002179465,
  "shoulder_prominence": 0.07966131716966629,
  "hip_prominence": 0.06253139302134514
}