{
  "shoulder_hip_ratio": 1.6277930313487305,
  "waist_position": 0.464217871427536,
  "torso_ratio": 1.2120046405385148,
  "shoulder_prominence": 0.1050952896475792,
  "hip_prominence": 0.07795973494648933
}