{
  "shoulder_hip_ratio": 1.4471555777601708,
  "waist_position": 0.49172963201999664,
  "torso_ratio": 1.9015084512991849,
  "shoulder_prominence": 0.3631305992603302,
  "hip_prominence": 0.21153464913368225
}