{
  "shoulder_hip_ratio": 1.6248828469876122,
  "waist_position": 0.5193941593170166,
  "torso_ratio": 1.2824030531026673,
  "shoulder_prominence": 0.09172436967492104,
  "hip_prominence": 0.02966620121151209
}