{
  "shoulder_hip_ratio": 1.6413352800600887,
  "waist_position": 0.49016183614730835,
  "torso_ratio": 1.225809331029098,
  "shoulder_prominence": 0.04707871377468109,
  "hip_prominence": 0.08612209931015968
}