{
  "shoulder_hip_ratio": 1.7820288536852638,
  "waist_position": 0.49760493636131287,
  "torso_ratio": 1.2375263792135591,
  "shoulder_prominence": 0.1565205454826355,
  "hip_prominence": 0.11881116405129433
}