{
  "shoulder_hip_ratio": 1.684385827162757,
  "waist_position": 0.4846211075782776,
  "torso_ratio": 1.198230467253822,
  "shoulder_prominence": 0.061320314183831215,
  "hip_prominence": 0.07265042886137962
}