{
  "shoulder_hip_ratio": 1.7494818767587201,
  "waist_position": 0.5013831406831741,
  "torso_ratio": 1.1261289336934135,
  "shoulder_prominence": 0.04465355211868882,
  "hip_prominence": 0.021274153143167496
}