{
  "shoulder_hip_ratio": 1.5670011370841903,
  "waist_position": 0.4972420185804367,
  "torso_ratio": 1.318908020335366,
  "shoulder_prominence": 0.10378099232912064,
  "hip_prominence": 0.08564823493361473
}