{
  "shoulder_hip_ratio": 1.7631130843034433,
  "waist_position": 0.46158622205257416,
  "torso_ratio": 1.2185536149007492,
  "shoulder_prominence": 0.050780393183231354,
  "hip_prominence": 0.037991492077708244
}