{
  "shoulder_hip_ratio": 1.7760534515472193,
  "waist_position": 0.5002273619174957,
  "torso_ratio": 1.394005308321165,
  "shoulder_prominence": 0.19830332323908806,
  "hip_prominence": 0.06547439098358154
}