{
  "shoulder_hip_ratio": 1.7718082511488997,
  "waist_position": 0.4959500879049301,
  "torso_ratio": 1.1734571674333611,
  "shoulder_prominence": 0.02541964501142502,
  "hip_prominence": 0.022845438681542873
}