{
  "shoulder_hip_ratio": 1.729491904533113,
  "waist_position": 0.4779079258441925,
  "torso_ratio": 1.1275919874258762,
  "shoulder_prominence": 0.004920601844787598,
  "hip_prominence": 0.006338942563161254
}