{
  "shoulder_hip_ratio": 1.8201115740778022,
  "waist_position": 0.4843958616256714,
  "torso_ratio": 1.069824493300768,
  "shoulder_prominence": 0.11510347574949265,
  "hip_prominence": 0.03556658513844013
}