{
  "shoulder_hip_ratio": 1.7370094260260556,
  "waist_position": 0.48615747690200806,
  "torso_ratio": 1.1717601898614063,
  "shoulder_prominence": 0.019319504499435425,
  "hip_prominence": 0.049116602167487144
}