{
  "shoulder_hip_ratio": 1.599107797023952,
  "waist_position": 0.5078223049640656,
  "torso_ratio": 1.3022615405547708,
  "shoulder_prominence": 0.031136691570281982,
  "hip_prominence": 0.026660500094294548
}