{
  "shoulder_hip_ratio": 1.5823615250263443,
  "waist_position": 0.4771539866924286,
  "torso_ratio": 1.1700165561434022,
  "shoulder_prominence": 0.05450413841754198,
  "hip_prominence": 0.013270892668515444
}