{
  "shoulder_hip_ratio": 1.9264296488914001,
  "waist_position": 0.44866757094860077,
  "torso_ratio": 1.317897670118268,
  "shoulder_prominence": 0.05290291830897331,
  "hip_prominence": 0.00898547749966383
}