{
  "shoulder_hip_ratio": 1.9205591840522651,
  "waist_position": 0.5044054985046387,
  "torso_ratio": 1.1732654609106632,
  "shoulder_prominence": 0.009381264448165894,
  "hip_prominence": 0.016686118207871914
}