{
  "shoulder_hip_ratio": 1.9363660051645024,
  "waist_position": 0.5039774775505066,
  "torso_ratio": 1.1524697540780529,
  "shoulder_prominence": 0.0034092366695404053,
  "hip_prominence": 0.016886132769286633
}