{
  "shoulder_hip_ratio": 1.5314100893712044,
  "waist_position": 0.5498214364051819,
  "torso_ratio": 1.2877897476299929,
  "shoulder_prominence": 0.3261462077498436,
  "hip_prominence": 0.23310720920562744
}