{
  "shoulder_hip_ratio": 1.6899020058290497,
  "waist_position": 0.49858230352401733,
  "torso_ratio": 1.2155045688635915,
  "shoulder_prominence": 0.028373952955007553,
  "hip_prominence": 0.018104610964655876
}