{
  "shoulder_hip_ratio": 1.6032079976797728,
  "waist_position": 0.5117271840572357,
  "torso_ratio": 1.3061385340698985,
  "shoulder_prominence": 0.025912348181009293,
  "hip_prominence": 0.010661839973181486
}