{
  "shoulder_hip_ratio": 1.640475014945567,
  "waist_position": 0.47441570460796356,
  "torso_ratio": 1.244752941867931,
  "shoulder_prominence": 0.0999051183462143,
  "hip_prominence": 0.06010195054113865
}