{
  "shoulder_hip_ratio": 1.6695321168911583,
  "waist_position": 0.47345495223999023,
  "torso_ratio": 1.2231320757427424,
  "shoulder_prominence": 0.005097433924674988,
  "hip_prominence": 0.02914880309253931
}