{
  "shoulder_hip_ratio": 1.8431684452319024,
  "waist_position": 0.4764598309993744,
  "torso_ratio": 1.1491174288760193,
  "shoulder_prominence": 0.057249970734119415,
  "hip_prominence": 0.034003378823399544
}