{
  "shoulder_hip_ratio": 1.7310952904464028,
  "waist_position": 0.4596090763807297,
  "torso_ratio": 1.2141841370225062,
  "shoulder_prominence": 0.010303094983100891,
  "hip_prominence": 0.021433427929878235
}