{
  "shoulder_hip_ratio": 1.7455954058258552,
  "waist_position": 0.5149460732936859,
  "torso_ratio": 1.343059919803832,
  "shoulder_prominence": 0.10660724714398384,
  "hip_prominence": 0.02191351354122162
}