{
  "shoulder_hip_ratio": 1.68631772055799,
  "waist_position": 0.43334223330020905,
  "torso_ratio": 1.338224906711409,
  "shoulder_prominence": 0.09712587669491768,
  "hip_prominence": 0.0232069855555892
}