{
  "shoulder_hip_ratio": 1.7210253139851996,
  "waist_position": 0.5292380452156067,
  "torso_ratio": 1.2237815345691014,
  "shoulder_prominence": 0.05681384727358818,
  "hip_prominence": 0.0030717267654836178
}