{
  "shoulder_hip_ratio": 1.6578942548037483,
  "waist_position": 0.5039311796426773,
  "torso_ratio": 1.2151896812011156,
  "shoulder_prominence": 0.13557365536689758,
  "hip_prominence": 0.09487482160329819
}