{
  "shoulder_hip_ratio": 1.7490103251551967,
  "waist_position": 0.4971260279417038,
  "torso_ratio": 1.2412110103358738,
  "shoulder_prominence": 0.04426965489983559,
  "hip_prominence": 0.016180833335965872
}