{
  "shoulder_hip_ratio": 1.7985288576383835,
  "waist_position": 0.4870808571577072,
  "torso_ratio": 1.1136084847537016,
  "shoulder_prominence": 0.11430921778082848,
  "hip_prominence": 0.06904662027955055
}