{
  "shoulder_hip_ratio": 1.657652036435872,
  "waist_position": 0.48930615186691284,
  "torso_ratio": 1.297028026290793,
  "shoulder_prominence": 0.15008080005645752,
  "hip_prominence": 0.128228597342968
}