{
  "shoulder_hip_ratio": 1.8187444678361484,
  "waist_position": 0.478887602686882,
  "torso_ratio": 1.0051151380630643,
  "shoulder_prominence": 0.06391429901123047,
  "hip_prominence": 0.03477673977613449
}