{
  "shoulder_hip_ratio": 1.8008154289800717,
  "waist_position": 0.46684451401233673,
  "torso_ratio": 1.1195712639603401,
  "shoulder_prominence": 0.05511510372161865,
  "hip_prominence": 0.02629784308373928
}