{
  "shoulder_hip_ratio": 1.7635834911242665,
  "waist_position": 0.43445442616939545,
  "torso_ratio": 1.438023335922902,
  "shoulder_prominence": 0.1646982841193676,
  "hip_prominence": 0.11770936474204063
}