{
  "shoulder_hip_ratio": 1.7453700883561165,
  "waist_position": 0.49884118139743805,
  "torso_ratio": 1.247438502519243,
  "shoulder_prominence": 0.14361293613910675,
  "hip_prominence": 0.07817376777529716
}