{
  "shoulder_hip_ratio": 1.915894830542219,
  "waist_position": 0.49317967891693115,
  "torso_ratio": 1.2104265344622838,
  "shoulder_prominence": 0.016636550426483154,
  "hip_prominence": 0.015880750957876444
}