{
  "shoulder_hip_ratio": 1.6897363026244268,
  "waist_position": 0.4829678535461426,
  "torso_ratio": 1.2371449873444964,
  "shoulder_prominence": 0.08759451285004616,
  "hip_prominence": 0.04155619256198406
}