{
  "shoulder_hip_ratio": 1.9094084482008036,
  "waist_position": 0.5139895081520081,
  "torso_ratio": 1.4114929727932126,
  "shoulder_prominence": 0.18817266821861267,
  "hip_prominence": 0.11264197900891304
}