{
  "shoulder_hip_ratio": 1.72549765550033,
  "waist_position": 0.5084123611450195,
  "torso_ratio": 1.1156822233363575,
  "shoulder_prominence": 0.0009297365322709084,
  "hip_prominence": 0.02018322516232729
}