{
  "shoulder_hip_ratio": 1.7852174032736594,
  "waist_position": 0.4557611495256424,
  "torso_ratio": 1.1142992312215079,
  "shoulder_prominence": 0.02387822698801756,
  "hip_prominence": 0.014293295331299305
}