{
  "shoulder_hip_ratio": 1.7867955380004037,
  "waist_position": 0.456464484333992,
  "torso_ratio": 1.1207658499740465,
  "shoulder_prominence": 0.03456273674964905,
  "hip_prominence": 0.006819533417001367
}