{
  "shoulder_hip_ratio": 1.8545850878651733,
  "waist_position": 0.498866468667984,
  "torso_ratio": 1.2189017338439323,
  "shoulder_prominence": 0.0028929561376571655,
  "hip_prominence": 0.024736701510846615
}