{
  "shoulder_hip_ratio": 1.9332713999695272,
  "waist_position": 0.48740361630916595,
  "torso_ratio": 1.0872414164607331,
  "shoulder_prominence": 0.014602065086364746,
  "hip_prominence": 0.006268507335335016
}