{
  "shoulder_hip_ratio": 1.7679712981948883,
  "waist_position": 0.5621041655540466,
  "torso_ratio": 1.2805241906969627,
  "shoulder_prominence": 0.1445274967700243,
  "hip_prominence": 0.025427634827792645
}