{
  "shoulder_hip_ratio": 1.70273848545107,
  "waist_position": 0.5334954261779785,
  "torso_ratio": 1.253040585584782,
  "shoulder_prominence": 0.03863518848083913,
  "hip_prominence": 0.007881378289312124
}