{
  "shoulder_hip_ratio": 1.8403511747286259,
  "waist_position": 0.553321897983551,
  "torso_ratio": 1.1446495408382766,
  "shoulder_prominence": 0.050149381160736084,
  "hip_prominence": 0.006893914192914963
}