{
  "shoulder_hip_ratio": 1.7918242577582628,
  "waist_position": 0.46890538930892944,
  "torso_ratio": 1.1523288732966246,
  "shoulder_prominence": 0.05964489281177521,
  "hip_prominence": 0.0406312569975853
}