{
  "shoulder_hip_ratio": 1.628068698219546,
  "waist_position": 0.497514009475708,
  "torso_ratio": 1.252806827833622,
  "shoulder_prominence": 0.05123960226774216,
  "hip_prominence": 0.034932561218738556
}