{
  "shoulder_hip_ratio": 1.7250544103674457,
  "waist_position": 0.5145992487668991,
  "torso_ratio": 1.1014743902733037,
  "shoulder_prominence": 0.0625337166711688,
  "hip_prominence": 0.02165325079113245
}