{
  "shoulder_hip_ratio": 1.8440109374538383,
  "waist_position": 0.5085897743701935,
  "torso_ratio": 1.3751898697621023,
  "shoulder_prominence": 0.23434007912874222,
  "hip_prominence": 0.17949232459068298
}