{
  "shoulder_hip_ratio": 1.8607084340998818,
  "waist_position": 0.4511019438505173,
  "torso_ratio": 1.1387661574312955,
  "shoulder_prominence": 0.02571930969133973,
  "hip_prominence": 0.03113698959350586
}