{
  "shoulder_hip_ratio": 1.7568911384166512,
  "waist_position": 0.4860398471355438,
  "torso_ratio": 1.1428637878172763,
  "shoulder_prominence": 0.10844762064516544,
  "hip_prominence": 0.025247514247894287
}