{
  "shoulder_hip_ratio": 1.6611319248311907,
  "waist_position": 0.47438155114650726,
  "torso_ratio": 1.3024082640601435,
  "shoulder_prominence": 0.11687265150249004,
  "hip_prominence": 0.025675898417830467
}