{
  "shoulder_hip_ratio": 1.8153566106667518,
  "waist_position": 0.4413018971681595,
  "torso_ratio": 1.1908919944560237,
  "shoulder_prominence": 0.12147223576903343,
  "hip_prominence": 0.019611013121902943
}