{
  "shoulder_hip_ratio": 1.6519213165722546,
  "waist_position": 0.4922688752412796,
  "torso_ratio": 1.307782055389768,
  "shoulder_prominence": 0.11011014506220818,
  "hip_prominence": 0.08028612285852432
}