{
  "shoulder_hip_ratio": 1.8402105409082787,
  "waist_position": 0.5245989263057709,
  "torso_ratio": 1.138085916517045,
  "shoulder_prominence": 0.057974278926849365,
  "hip_prominence": 0.05015292577445507
}