{
  "shoulder_hip_ratio": 1.940178940652477,
  "waist_position": 0.47853535413742065,
  "torso_ratio": 1.1013525762979466,
  "shoulder_prominence": 0.09094675665255636,
  "hip_prominence": 0.031032545492053032
}