{
  "shoulder_hip_ratio": 1.7116638740663364,
  "waist_position": 0.44047708809375763,
  "torso_ratio": 1.179378202518251,
  "shoulder_prominence": 0.03923438489437103,
  "hip_prominence": 0.05548125505447388
}