{
  "shoulder_hip_ratio": 1.8844643840169237,
  "waist_position": 0.4956792891025543,
  "torso_ratio": 1.246689723215431,
  "shoulder_prominence": 0.060532838106155396,
  "hip_prominence": 0.024369977414608
}