{
  "shoulder_hip_ratio": 1.6967157343226984,
  "waist_position": 0.4622623324394226,
  "torso_ratio": 1.2061463116425035,
  "shoulder_prominence": 0.005522370338439941,
  "hip_prominence": 0.00873824767768383
}