{
  "shoulder_hip_ratio": 1.8080565492036087,
  "waist_position": 0.5857481360435486,
  "torso_ratio": 1.1880607024680077,
  "shoulder_prominence": 0.04798111040145159,
  "hip_prominence": 0.011926743667572737
}