{
  "shoulder_hip_ratio": 1.7180765417293522,
  "waist_position": 0.5607575476169586,
  "torso_ratio": 1.1178060810430834,
  "shoulder_prominence": 0.03463174216449261,
  "hip_prominence": 0.02959838043898344
}