{
  "shoulder_hip_ratio": 1.6059289725264512,
  "waist_position": 0.45470407605171204,
  "torso_ratio": 1.215302751061633,
  "shoulder_prominence": 0.17781378328800201,
  "hip_prominence": 0.11787530407309532
}