{
  "shoulder_hip_ratio": 1.7954016970913493,
  "waist_position": 0.4887428730726242,
  "torso_ratio": 1.252192497334748,
  "shoulder_prominence": 0.07114188652485609,
  "hip_prominence": 0.0583027359098196
}