{
  "shoulder_hip_ratio": 1.7761033402040265,
  "waist_position": 0.5453835725784302,
  "torso_ratio": 1.1374190539080216,
  "shoulder_prominence": 0.034690871834754944,
  "hip_prominence": 0.03775317221879959
}