{
  "shoulder_hip_ratio": 1.7523745094861065,
  "waist_position": 0.5133728981018066,
  "torso_ratio": 1.2025599871044832,
  "shoulder_prominence": 0.05172790214419365,
  "hip_prominence": 0.013592335395514965
}