{
  "shoulder_hip_ratio": 1.8770270581384974,
  "waist_position": 0.5112329721450806,
  "torso_ratio": 1.081392995839108,
  "shoulder_prominence": 0.0026456117630004883,
  "hip_prominence": 0.0287783220410347
}