{
  "shoulder_hip_ratio": 1.7433579553880028,
  "waist_position": 0.4337015599012375,
  "torso_ratio": 1.4461771596255453,
  "shoulder_prominence": 0.16697023063898087,
  "hip_prominence": 0.11678989976644516
}