{
  "shoulder_hip_ratio": 1.7408295970997252,
  "waist_position": 0.5107605159282684,
  "torso_ratio": 1.2019337595828972,
  "shoulder_prominence": 0.0695502944290638,
  "hip_prominence": 0.04078064300119877
}