{
  "shoulder_hip_ratio": 1.5948272703567836,
  "waist_position": 0.4785628616809845,
  "torso_ratio": 1.3690770394043161,
  "shoulder_prominence": 0.2873228080570698,
  "hip_prominence": 0.256118506193161
}