{
  "shoulder_hip_ratio": 1.7587412923673889,
  "waist_position": 0.5266984105110168,
  "torso_ratio": 1.2890331153053376,
  "shoulder_prominence": 0.030811317265033722,
  "hip_prominence": 0.0003343214702908881
}