{
  "shoulder_hip_ratio": 1.762136710163022,
  "waist_position": 0.4992309957742691,
  "torso_ratio": 1.1564833365930103,
  "shoulder_prominence": 0.08854852244257927,
  "hip_prominence": 0.04449520632624626
}