{
  "shoulder_hip_ratio": 1.7749791436921543,
  "waist_position": 0.5221010446548462,
  "torso_ratio": 1.189302586191089,
  "shoulder_prominence": 0.1020587831735611,
  "hip_prominence": 0.06419985368847847
}