{
  "shoulder_hip_ratio": 1.770674046557354,
  "waist_position": 0.4591205269098282,
  "torso_ratio": 1.234076450971729,
  "shoulder_prominence": 0.12567774951457977,
  "hip_prominence": 0.06682523712515831
}