{
  "shoulder_hip_ratio": 1.7852229724402067,
  "waist_position": 0.48924824595451355,
  "torso_ratio": 1.258090017822253,
  "shoulder_prominence": 0.04838230786845088,
  "hip_prominence": 0.030914039351046085
}