{
  "shoulder_hip_ratio": 1.6516053318153587,
  "waist_position": 0.4676354080438614,
  "torso_ratio": 1.195414481069565,
  "shoulder_prominence": 0.04588751494884491,
  "hip_prominence": 0.03843790292739868
}