{
  "shoulder_hip_ratio": 1.771918694243542,
  "waist_position": 0.4862518012523651,
  "torso_ratio": 1.2818824376687703,
  "shoulder_prominence": 0.20697397738695145,
  "hip_prominence": 0.14001820236444473
}