{
  "shoulder_hip_ratio": 1.704586662987246,
  "waist_position": 0.4562702775001526,
  "torso_ratio": 1.3067463388170282,
  "shoulder_prominence": 0.2941407859325409,
  "hip_prominence": 0.2138647586107254
}