{
  "shoulder_hip_ratio": 1.8350138261312166,
  "waist_position": 0.4428553134202957,
  "torso_ratio": 1.1581700753090882,
  "shoulder_prominence": 0.09176214411854744,
  "hip_prominence": 0.05224977992475033
}