{
  "shoulder_hip_ratio": 1.7644711794714305,
  "waist_position": 0.4998636692762375,
  "torso_ratio": 1.1595882788205272,
  "shoulder_prominence": 0.09315670281648636,
  "hip_prominence": 0.04796219244599342
}