{
  "shoulder_hip_ratio": 1.8325420475142742,
  "waist_position": 0.49090448021888733,
  "torso_ratio": 1.292005879815353,
  "shoulder_prominence": 0.004241360351443291,
  "hip_prominence": 0.01197716360911727
}