{
  "shoulder_hip_ratio": 1.7250720007172897,
  "waist_position": 0.4382530599832535,
  "torso_ratio": 1.1707640928279301,
  "shoulder_prominence": 0.14374495670199394,
  "hip_prominence": 0.09269198402762413
}