{
  "shoulder_hip_ratio": 1.6613643098641104,
  "waist_position": 0.4934663474559784,
  "torso_ratio": 1.2313539323794507,
  "shoulder_prominence": 0.12294255569577217,
  "hip_prominence": 0.07510853186249733
}