{
  "shoulder_hip_ratio": 1.7749787162796502,
  "waist_position": 0.4463930279016495,
  "torso_ratio": 1.2356091044611333,
  "shoulder_prominence": 0.14806014485657215,
  "hip_prominence": 0.0836028940975666
}