{
  "shoulder_hip_ratio": 1.7822744984380525,
  "waist_position": 0.427381306886673,
  "torso_ratio": 1.1170307228520409,
  "shoulder_prominence": 0.09342250227928162,
  "hip_prominence": 0.05317406356334686
}