{
  "shoulder_hip_ratio": 1.739600563291339,
  "waist_position": 0.5138083398342133,
  "torso_ratio": 1.2925349556407746,
  "shoulder_prominence": 0.08173473365604877,
  "hip_prominence": 0.05796538665890694
}