{
  "shoulder_hip_ratio": 1.8414728883088212,
  "waist_position": 0.5334822088479996,
  "torso_ratio": 1.1812329945997122,
  "shoulder_prominence": 0.014596547931432724,
  "hip_prominence": 0.009155531413853168
}