{
  "shoulder_hip_ratio": 1.8373436860975354,
  "waist_position": 0.5112011730670929,
  "torso_ratio": 1.1959460803848152,
  "shoulder_prominence": 0.08703327178955078,
  "hip_prominence": 0.06494056805968285
}