{
  "shoulder_hip_ratio": 1.8878010400877683,
  "waist_position": 0.47995343804359436,
  "torso_ratio": 1.1118424735137715,
  "shoulder_prominence": 0.020996034145355225,
  "hip_prominence": 0.017230726778507233
}