{
  "shoulder_hip_ratio": 1.8501653065281631,
  "waist_position": 0.5049673020839691,
  "torso_ratio": 1.1530803042278996,
  "shoulder_prominence": 0.051384665071964264,
  "hip_prominence": 0.03136224113404751
}