{
  "shoulder_hip_ratio": 1.6428217720417784,
  "waist_position": 0.5148972570896149,
  "torso_ratio": 1.213962146230149,
  "shoulder_prominence": 0.05754126235842705,
  "hip_prominence": 0.0066463337279856205
}