{
  "shoulder_hip_ratio": 1.7536080012246062,
  "waist_position": 0.5449791550636292,
  "torso_ratio": 1.1412067574627616,
  "shoulder_prominence": 0.050705406814813614,
  "hip_prominence": 0.01366996206343174
}