{
  "shoulder_hip_ratio": 1.549646133054747,
  "waist_position": 0.47205474972724915,
  "torso_ratio": 1.3510915819999987,
  "shoulder_prominence": 0.22101175785064697,
  "hip_prominence": 0.1815267875790596
}