{
  "shoulder_hip_ratio": 1.796728464601457,
  "waist_position": 0.4824717938899994,
  "torso_ratio": 1.2667648485644534,
  "shoulder_prominence": 0.07958664000034332,
  "hip_prominence": 0.054562317207455635
}