{
  "shoulder_hip_ratio": 1.9198551084437487,
  "waist_position": 0.47369326651096344,
  "torso_ratio": 1.0946525655124613,
  "shoulder_prominence": 0.024749182164669037,
  "hip_prominence": 0.028214087709784508
}