{
  "shoulder_hip_ratio": 1.9147878721177916,
  "waist_position": 0.5258651971817017,
  "torso_ratio": 1.2987252757847936,
  "shoulder_prominence": 0.02423985362111125,
  "hip_prominence": 0.006688163615763187
}