{
  "shoulder_hip_ratio": 1.8791918315559806,
  "waist_position": 0.5170838236808777,
  "torso_ratio": 1.2081936747083273,
  "shoulder_prominence": 0.137281971052289,
  "hip_prominence": 0.09162651374936104
}