{
  "shoulder_hip_ratio": 1.7723185159526675,
  "waist_position": 0.4584497958421707,
  "torso_ratio": 1.2153642818156336,
  "shoulder_prominence": 0.049451569095253944,
  "hip_prominence": 0.03743344731628895
}