{
  "shoulder_hip_ratio": 1.9900003584347932,
  "waist_position": 0.4720897674560547,
  "torso_ratio": 1.115218483169636,
  "shoulder_prominence": 0.08089293539524078,
  "hip_prominence": 0.06654029339551926
}