{
  "shoulder_hip_ratio": 1.7988445050981545,
  "waist_position": 0.5368828475475311,
  "torso_ratio": 1.2662258085087121,
  "shoulder_prominence": 0.02160383015871048,
  "hip_prominence": 0.004365745931863785
}