{
  "shoulder_hip_ratio": 1.7212468594957298,
  "waist_position": 0.5322912037372589,
  "torso_ratio": 1.281502735571226,
  "shoulder_prominence": 0.016462132334709167,
  "hip_prominence": 0.04703544266521931
}