{
  "shoulder_hip_ratio": 1.9263971998705163,
  "waist_position": 0.48872698843479156,
  "torso_ratio": 1.0882852785698125,
  "shoulder_prominence": 0.043705277144908905,
  "hip_prominence": 0.039999840781092644
}