{
  "shoulder_hip_ratio": 1.5850425476785723,
  "waist_position": 0.4560833275318146,
  "torso_ratio": 1.2920480156237137,
  "shoulder_prominence": 0.05333469808101654,
  "hip_prominence": 0.05417985841631889
}