{
  "shoulder_hip_ratio": 1.7794941507869855,
  "waist_position": 0.5658434629440308,
  "torso_ratio": 1.2523162296652164,
  "shoulder_prominence": 0.017255708575248718,
  "hip_prominence": 0.006519201211631298
}