{
  "shoulder_hip_ratio": 1.8878556763350383,
  "waist_position": 0.5003488510847092,
  "torso_ratio": 1.1756061485172686,
  "shoulder_prominence": 0.035252947360277176,
  "hip_prominence": 0.015072783455252647
}