{
  "shoulder_hip_ratio": 1.6273437466723912,
  "waist_position": 0.47179488837718964,
  "torso_ratio": 1.30763530271258,
  "shoulder_prominence": 0.02141912281513214,
  "hip_prominence": 0.03715931065380573
}