{
  "shoulder_hip_ratio": 1.8054238528144664,
  "waist_position": 0.4494905173778534,
  "torso_ratio": 1.2082625234530253,
  "shoulder_prominence": 0.08326825499534607,
  "hip_prominence": 0.007147242547944188
}