{
  "shoulder_hip_ratio": 1.7264524729789494,
  "waist_position": 0.4889255166053772,
  "torso_ratio": 1.153023736833728,
  "shoulder_prominence": 0.118599783629179,
  "hip_prominence": 0.07026628032326698
}