{
  "shoulder_hip_ratio": 1.7142830605192811,
  "waist_position": 0.5059594362974167,
  "torso_ratio": 1.1791681189120096,
  "shoulder_prominence": 0.06965641863644123,
  "hip_prominence": 0.015720836352556944
}