{
  "shoulder_hip_ratio": 1.8783328095522944,
  "waist_position": 0.5476229190826416,
  "torso_ratio": 1.314411094481571,
  "shoulder_prominence": 0.29466723278164864,
  "hip_prominence": 0.1560080349445343
}