{
  "shoulder_hip_ratio": 1.6587655608351364,
  "waist_position": 0.5415883958339691,
  "torso_ratio": 1.2261149856493354,
  "shoulder_prominence": 0.0136929452419281,
  "hip_prominence": 0.005006861872971058
}