{
  "shoulder_hip_ratio": 1.7636275353414272,
  "waist_position": 0.4685307443141937,
  "torso_ratio": 1.0641122607252338,
  "shoulder_prominence": 0.13954687863588333,
  "hip_prominence": 0.12737178057432175
}