{
  "shoulder_hip_ratio": 1.7334127463286066,
  "waist_position": 0.47542451322078705,
  "torso_ratio": 1.1558369479700252,
  "shoulder_prominence": 0.007567876949906349,
  "hip_prominence": 0.002505844458937645
}