{
  "shoulder_hip_ratio": 1.8505624498789641,
  "waist_position": 0.5154911279678345,
  "torso_ratio": 1.1532124529656798,
  "shoulder_prominence": 0.019355744123458862,
  "hip_prominence": 0.02060643397271633
}