{
  "shoulder_hip_ratio": 1.620486195443079,
  "waist_position": 0.496301531791687,
  "torso_ratio": 1.1740996104672383,
  "shoulder_prominence": 0.1876988261938095,
  "hip_prominence": 0.09891213476657867
}