{
  "shoulder_hip_ratio": 1.7222697031877618,
  "waist_position": 0.5095270574092865,
  "torso_ratio": 1.434400825388625,
  "shoulder_prominence": 0.28585855662822723,
  "hip_prominence": 0.20288442075252533
}