{
  "shoulder_hip_ratio": 1.7330995898737998,
  "waist_position": 0.4870423972606659,
  "torso_ratio": 1.145183580178886,
  "shoulder_prominence": 0.0230829119682312,
  "hip_prominence": 0.02410285733640194
}