{
  "shoulder_hip_ratio": 1.62158315029867,
  "waist_position": 0.43565475940704346,
  "torso_ratio": 1.2874741849185072,
  "shoulder_prominence": 0.007325619459152222,
  "hip_prominence": 0.002462639764416963
}