{
  "shoulder_hip_ratio": 1.7495403265728946,
  "waist_position": 0.5213995575904846,
  "torso_ratio": 1.1834411331066228,
  "shoulder_prominence": 0.07981060445308685,
  "hip_prominence": 0.05226100608706474
}