{
  "shoulder_hip_ratio": 1.7663262386311285,
  "waist_position": 0.5461317896842957,
  "torso_ratio": 1.1391669877968043,
  "shoulder_prominence": 0.054984673857688904,
  "hip_prominence": 0.005267700180411339
}