{
  "shoulder_hip_ratio": 1.728281720970392,
  "waist_position": 0.4561295807361603,
  "torso_ratio": 1.257156164493463,
  "shoulder_prominence": 0.0364840030670166,
  "hip_prominence": 0.053011707961559296
}