{
  "shoulder_hip_ratio": 1.8051001944570453,
  "waist_position": 0.5186797678470612,
  "torso_ratio": 1.1047171238709586,
  "shoulder_prominence": 0.15319115109741688,
  "hip_prominence": 0.057301897555589676
}