{
  "shoulder_hip_ratio": 1.6135418836177047,
  "waist_position": 0.4622580260038376,
  "torso_ratio": 1.3126485007040876,
  "shoulder_prominence": 0.05778362788259983,
  "hip_prominence": 0.038938041776418686
}