{
  "shoulder_hip_ratio": 1.746516007647774,
  "waist_position": 0.4807533174753189,
  "torso_ratio": 1.1116853267475628,
  "shoulder_prominence": 0.11249031126499176,
  "hip_prominence": 0.06962553784251213
}