{
  "shoulder_hip_ratio": 1.86145218689861,
  "waist_position": 0.4880063235759735,
  "torso_ratio": 1.2093923161105327,
  "shoulder_prominence": 0.026261653751134872,
  "hip_prominence": 0.019106317311525345
}