{
  "shoulder_hip_ratio": 1.7126426014810072,
  "waist_position": 0.4994691014289856,
  "torso_ratio": 1.2038796108596195,
  "shoulder_prominence": 0.03054887056350708,
  "hip_prominence": 0.03327669017016888
}