{
  "shoulder_hip_ratio": 1.651173121522064,
  "waist_position": 0.5225399434566498,
  "torso_ratio": 1.2513537312350045,
  "shoulder_prominence": 0.1091039590537548,
  "hip_prominence": 0.0597411934286356
}