{
  "shoulder_hip_ratio": 1.7803848815621564,
  "waist_position": 0.4918024390935898,
  "torso_ratio": 1.2665652243689893,
  "shoulder_prominence": 0.07772552222013474,
  "hip_prominence": 0.047412214800715446
}