{
  "shoulder_hip_ratio": 1.6120811477221462,
  "waist_position": 0.4776017814874649,
  "torso_ratio": 1.325169016561533,
  "shoulder_prominence": 0.0822092667222023,
  "hip_prominence": 0.08366375043988228
}