{
  "shoulder_hip_ratio": 1.755126116086703,
  "waist_position": 0.5429527461528778,
  "torso_ratio": 1.2418983821538887,
  "shoulder_prominence": 0.0076375845819711685,
  "hip_prominence": 0.009120956994593143
}