{
  "shoulder_hip_ratio": 1.7085231554226932,
  "waist_position": 0.4527587592601776,
  "torso_ratio": 1.2444622571010642,
  "shoulder_prominence": 0.024841569364070892,
  "hip_prominence": 0.04074613191187382
}