{
  "shoulder_hip_ratio": 1.7234339074736205,
  "waist_position": 0.49823835492134094,
  "torso_ratio": 1.2290817192898735,
  "shoulder_prominence": 0.053903574123978615,
  "hip_prominence": 0.015425375197082758
}