{
  "shoulder_hip_ratio": 1.7465498237067993,
  "waist_position": 0.5377384126186371,
  "torso_ratio": 1.2300198374266218,
  "shoulder_prominence": 0.01966852694749832,
  "hip_prominence": 0.014658878091722727
}