{
  "shoulder_hip_ratio": 1.7909905729712308,
  "waist_position": 0.4835876524448395,
  "torso_ratio": 1.1842648769338697,
  "shoulder_prominence": 0.023237071931362152,
  "hip_prominence": 0.023069330491125584
}