{
  "shoulder_hip_ratio": 1.7919072213538978,
  "waist_position": 0.4533093422651291,
  "torso_ratio": 1.4686213591829687,
  "shoulder_prominence": 0.17411407240433618,
  "hip_prominence": 0.17476575821638107
}