{
  "shoulder_hip_ratio": 1.6237341029558408,
  "waist_position": 0.4848185330629349,
  "torso_ratio": 1.1233003181662191,
  "shoulder_prominence": 0.01986517384648323,
  "hip_prominence": 0.036557747051119804
}