{
  "shoulder_hip_ratio": 1.7489313726610545,
  "waist_position": 0.4983184486627579,
  "torso_ratio": 1.187667034694065,
  "shoulder_prominence": 0.15518561750650406,
  "hip_prominence": 0.10628866404294968
}