{
  "shoulder_hip_ratio": 1.8663628510205579,
  "waist_position": 0.4597206860780716,
  "torso_ratio": 1.0496523001182825,
  "shoulder_prominence": 0.1863369718194008,
  "hip_prominence": 0.1458105593919754
}