{
  "shoulder_hip_ratio": 1.5883955526272922,
  "waist_position": 0.47440342605113983,
  "torso_ratio": 1.3253009707753358,
  "shoulder_prominence": 0.21187453344464302,
  "hip_prominence": 0.09071923792362213
}