{
  "shoulder_hip_ratio": 1.7440408445728397,
  "waist_position": 0.4896158277988434,
  "torso_ratio": 1.1889867442806012,
  "shoulder_prominence": 0.09599806544429157,
  "hip_prominence": 0.078493382781744
}