{
  "shoulder_hip_ratio": 1.6000628669722372,
  "waist_position": 0.5269363522529602,
  "torso_ratio": 1.3275116510180356,
  "shoulder_prominence": 0.2856105789542198,
  "hip_prominence": 0.20633172243833542
}