{
  "shoulder_hip_ratio": 1.7434594611733385,
  "waist_position": 0.4925021082162857,
  "torso_ratio": 1.1714118555490445,
  "shoulder_prominence": 0.09174137376248837,
  "hip_prominence": 0.02740873582661152
}