{
  "shoulder_hip_ratio": 1.842789991789936,
  "waist_position": 0.4517514109611511,
  "torso_ratio": 1.037178951641206,
  "shoulder_prominence": 0.2098185271024704,
  "hip_prominence": 0.15660285204648972
}