{
  "shoulder_hip_ratio": 1.7583234479916008,
  "waist_position": 0.4769853949546814,
  "torso_ratio": 1.1013742721446063,
  "shoulder_prominence": 0.04499965626746416,
  "hip_prominence": 0.007227450609207153
}