{
  "shoulder_hip_ratio": 1.7531634929877427,
  "waist_position": 0.4652545601129532,
  "torso_ratio": 1.1591320821487514,
  "shoulder_prominence": 0.07646745443344116,
  "hip_prominence": 0.03932235762476921
}