{
  "shoulder_hip_ratio": 1.6953465913259969,
  "waist_position": 0.5599367618560791,
  "torso_ratio": 1.0524102030595386,
  "shoulder_prominence": 0.08287842571735382,
  "hip_prominence": 0.042556749656796455
}