{
  "shoulder_hip_ratio": 1.7795489835327818,
  "waist_position": 0.43584536015987396,
  "torso_ratio": 1.0180745450231734,
  "shoulder_prominence": 0.06900236010551453,
  "hip_prominence": 0.042470525950193405
}