{
  "shoulder_hip_ratio": 1.6831491239021195,
  "waist_position": 0.49190670251846313,
  "torso_ratio": 1.131096977495498,
  "shoulder_prominence": 0.0007628798484802246,
  "hip_prominence": 0.00672824471257627
}