{
  "shoulder_hip_ratio": 1.641079080641171,
  "waist_position": 0.49185512959957123,
  "torso_ratio": 1.2779112707036473,
  "shoulder_prominence": 0.08253810182213783,
  "hip_prominence": 0.03872073255479336
}