{
  "shoulder_hip_ratio": 1.8761674746791985,
  "waist_position": 0.49098818004131317,
  "torso_ratio": 1.107657976819995,
  "shoulder_prominence": 0.29321172880008817,
  "hip_prominence": 0.18372062593698502
}