{
  "shoulder_hip_ratio": 1.7210826875096723,
  "waist_position": 0.526752382516861,
  "torso_ratio": 1.2068969792626465,
  "shoulder_prominence": 0.05517080798745155,
  "hip_prominence": 0.00022371363593265414
}