{
  "shoulder_hip_ratio": 1.7204927304023891,
  "waist_position": 0.48047633469104767,
  "torso_ratio": 1.2139650301261673,
  "shoulder_prominence": 0.026676591485738754,
  "hip_prominence": 0.001839472388383001
}