{
  "shoulder_hip_ratio": 1.6159065091935823,
  "waist_position": 0.4809005856513977,
  "torso_ratio": 1.393803945768838,
  "shoulder_prominence": 0.2578825280070305,
  "hip_prominence": 0.2327885851264
}