{
  "shoulder_hip_ratio": 1.6974124735954288,
  "waist_position": 0.5509805083274841,
  "torso_ratio": 1.277713873543542,
  "shoulder_prominence": 0.07736785989254713,
  "hip_prominence": 0.032306741923093796
}