{
  "shoulder_hip_ratio": 1.7569906144461211,
  "waist_position": 0.5190199017524719,
  "torso_ratio": 1.0859576236124207,
  "shoulder_prominence": 0.10721646621823311,
  "hip_prominence": 0.04251817800104618
}