{
  "shoulder_hip_ratio": 1.7848943811930718,
  "waist_position": 0.469864621758461,
  "torso_ratio": 1.257492999422001,
  "shoulder_prominence": 0.03432777151465416,
  "hip_prominence": 0.03640751540660858
}