{
  "shoulder_hip_ratio": 1.7385112045233735,
  "waist_position": 0.47547097504138947,
  "torso_ratio": 1.199513141931538,
  "shoulder_prominence": 0.05003622220829129,
  "hip_prominence": 0.03478511981666088
}