{
  "shoulder_hip_ratio": 1.8271334086143514,
  "waist_position": 0.4959285110235214,
  "torso_ratio": 1.1724562871725308,
  "shoulder_prominence": 0.1512065411079675,
  "hip_prominence": 0.11874213069677353
}