{
  "shoulder_hip_ratio": 1.6879872708373866,
  "waist_position": 0.5143173635005951,
  "torso_ratio": 1.1503829801891017,
  "shoulder_prominence": 0.14849954843521118,
  "hip_prominence": 0.08583410084247589
}