{
  "shoulder_hip_ratio": 1.8950039777518701,
  "waist_position": 0.5188464224338531,
  "torso_ratio": 1.3708427624160748,
  "shoulder_prominence": 0.16812998056411743,
  "hip_prominence": 0.09980128332972527
}