{
  "shoulder_hip_ratio": 1.6225532704581551,
  "waist_position": 0.48464876413345337,
  "torso_ratio": 1.2973887727040172,
  "shoulder_prominence": 0.14072919354657643,
  "hip_prominence": 0.04801900312304497
}