{
  "shoulder_hip_ratio": 1.6464531698068743,
  "waist_position": 0.5009693056344986,
  "torso_ratio": 1.192807126458414,
  "shoulder_prominence": 0.05198812112212181,
  "hip_prominence": 0.024910692125558853
}