{
  "shoulder_hip_ratio": 1.620780844835725,
  "waist_position": 0.5234430134296417,
  "torso_ratio": 1.2999108176439735,
  "shoulder_prominence": 0.043072521686553955,
  "hip_prominence": 0.00930812070146203
}