{
  "shoulder_hip_ratio": 1.7144397105897873,
  "waist_position": 0.48564237356185913,
  "torso_ratio": 1.2397527015411065,
  "shoulder_prominence": 0.14998929062858224,
  "hip_prominence": 0.07717010006308556
}