{
  "shoulder_hip_ratio": 1.947701872607036,
  "waist_position": 0.5111490786075592,
  "torso_ratio": 1.1749663629310168,
  "shoulder_prominence": 0.1192960306070745,
  "hip_prominence": 0.08567291125655174
}