{
  "shoulder_hip_ratio": 1.660652737494417,
  "waist_position": 0.5108407139778137,
  "torso_ratio": 1.3599361226308215,
  "shoulder_prominence": 0.05128371715545654,
  "hip_prominence": 0.0006329880125122145
}