{
  "shoulder_hip_ratio": 1.7591803231775436,
  "waist_position": 0.4651855081319809,
  "torso_ratio": 1.1558585741197362,
  "shoulder_prominence": 0.07886815071105957,
  "hip_prominence": 0.03971253149211407
}