{
  "shoulder_hip_ratio": 1.728986013910119,
  "waist_position": 0.46435075998306274,
  "torso_ratio": 1.182995944023071,
  "shoulder_prominence": 0.22883155196905136,
  "hip_prominence": 0.15433212369680405
}