{
  "shoulder_hip_ratio": 1.8193398480083416,
  "waist_position": 0.4772602617740631,
  "torso_ratio": 1.0330689052989215,
  "shoulder_prominence": 0.11218315362930298,
  "hip_prominence": 0.06717893481254578
}