{
  "shoulder_hip_ratio": 1.5757971529784236,
  "waist_position": 0.49415047466754913,
  "torso_ratio": 1.27982982642552,
  "shoulder_prominence": 0.028047725558280945,
  "hip_prominence": 0.00975925475358963
}