{
  "shoulder_hip_ratio": 1.7394433872647581,
  "waist_position": 0.4873545467853546,
  "torso_ratio": 1.1572436788614957,
  "shoulder_prominence": 0.02024674415588379,
  "hip_prominence": 0.023711725138127804
}