{
  "shoulder_hip_ratio": 1.5463804802356498,
  "waist_position": 0.4586786776781082,
  "torso_ratio": 1.2625494512970812,
  "shoulder_prominence": 0.11663657985627651,
  "hip_prominence": 0.0600699856877327
}