{
  "shoulder_hip_ratio": 1.7492703194538182,
  "waist_position": 0.4581684172153473,
  "torso_ratio": 1.1294220355322915,
  "shoulder_prominence": 0.24967932887375355,
  "hip_prominence": 0.14433982968330383
}