{
  "shoulder_hip_ratio": 1.7611491969237791,
  "waist_position": 0.5109312385320663,
  "torso_ratio": 1.1739836186415669,
  "shoulder_prominence": 0.06109938025474548,
  "hip_prominence": 0.030517583712935448
}