{
  "shoulder_hip_ratio": 1.7178804644350445,
  "waist_position": 0.4697283059358597,
  "torso_ratio": 1.1850770432867315,
  "shoulder_prominence": 0.023223668336868286,
  "hip_prominence": 0.006722210207954049
}