{
  "shoulder_hip_ratio": 1.8276424845023416,
  "waist_position": 0.4856785386800766,
  "torso_ratio": 1.0916842129699367,
  "shoulder_prominence": 0.07275713980197906,
  "hip_prominence": 0.028876207768917084
}