{
  "shoulder_hip_ratio": 1.7742952127263423,
  "waist_position": 0.5044113099575043,
  "torso_ratio": 1.1794698549677811,
  "shoulder_prominence": 0.04954635724425316,
  "hip_prominence": 0.025955586694180965
}