{
  "shoulder_hip_ratio": 1.757586473510731,
  "waist_position": 0.4811048358678818,
  "torso_ratio": 1.0621237247436557,
  "shoulder_prominence": 0.004295766353607178,
  "hip_prominence": 0.013461476191878319
}