{
  "shoulder_hip_ratio": 1.6964461134033224,
  "waist_position": 0.437103807926178,
  "torso_ratio": 1.1106755479800698,
  "shoulder_prominence": 0.02883363515138626,
  "hip_prominence": 0.019257565960288048
}