{
  "shoulder_hip_ratio": 1.6211335139124985,
  "waist_position": 0.4994010627269745,
  "torso_ratio": 1.2266428883185396,
  "shoulder_prominence": 0.0027011744678020477,
  "hip_prominence": 0.003424327354878187
}