{
  "shoulder_hip_ratio": 1.5366504154600362,
  "waist_position": 0.42642582952976227,
  "torso_ratio": 1.2767931968984476,
  "shoulder_prominence": 0.02215208113193512,
  "hip_prominence": 0.017332224175333977
}