{
  "shoulder_hip_ratio": 1.7613062235480397,
  "waist_position": 0.5270123481750488,
  "torso_ratio": 1.0640224534903693,
  "shoulder_prominence": 0.13171538710594177,
  "hip_prominence": 0.05185461789369583
}