{
  "shoulder_hip_ratio": 1.6460718861752055,
  "waist_position": 0.5246728956699371,
  "torso_ratio": 1.2417510409938313,
  "shoulder_prominence": 0.12932531535625458,
  "hip_prominence": 0.06447694450616837
}