{
  "shoulder_hip_ratio": 1.7036741662620407,
  "waist_position": 0.4696498364210129,
  "torso_ratio": 1.1607410207896658,
  "shoulder_prominence": 0.03439406305551529,
  "hip_prominence": 0.019577227532863617
}