{
  "shoulder_hip_ratio": 1.8010360262000342,
  "waist_position": 0.49180522561073303,
  "torso_ratio": 1.265558180815416,
  "shoulder_prominence": 0.2534475149586797,
  "hip_prominence": 0.1660759150981903
}