{
  "shoulder_hip_ratio": 1.5141232892357488,
  "waist_position": 0.4518131762742996,
  "torso_ratio": 1.2524674280555173,
  "shoulder_prominence": 0.11400698497891426,
  "hip_prominence": 0.0610788743942976
}