{
  "shoulder_hip_ratio": 1.7064170675220622,
  "waist_position": 0.4891560524702072,
  "torso_ratio": 1.0783540863353802,
  "shoulder_prominence": 0.02694506198167801,
  "hip_prominence": 0.041103580966591835
}