{
  "shoulder_hip_ratio": 1.8408406541254483,
  "waist_position": 0.49640561640262604,
  "torso_ratio": 1.1680304618845794,
  "shoulder_prominence": 0.023784592747688293,
  "hip_prominence": 0.007782804546877742
}