{
  "shoulder_hip_ratio": 1.6952257050050594,
  "waist_position": 0.433807373046875,
  "torso_ratio": 1.3419386038783976,
  "shoulder_prominence": 0.09567542560398579,
  "hip_prominence": 0.026005428284406662
}