{
  "shoulder_hip_ratio": 1.6896306481453054,
  "waist_position": 0.4959730803966522,
  "torso_ratio": 1.1689995804514042,
  "shoulder_prominence": 0.009211823344230652,
  "hip_prominence": 0.014848631341010332
}