{
  "shoulder_hip_ratio": 1.6311669594209293,
  "waist_position": 0.5583090484142303,
  "torso_ratio": 1.3183574782527252,
  "shoulder_prominence": 0.023279793560504913,
  "hip_prominence": 0.02170781046152115
}