{
  "shoulder_hip_ratio": 1.6572442320707128,
  "waist_position": 0.5021398961544037,
  "torso_ratio": 1.2688060788351874,
  "shoulder_prominence": 0.05300605669617653,
  "hip_prominence": 0.038136135786771774
}