{
  "shoulder_hip_ratio": 1.7303703689064491,
  "waist_position": 0.4503682553768158,
  "torso_ratio": 1.209204230920247,
  "shoulder_prominence": 0.02015012502670288,
  "hip_prominence": 0.01341011468321085
}