{
  "shoulder_hip_ratio": 1.5665507733643829,
  "waist_position": 0.42962585389614105,
  "torso_ratio": 1.2481199039226638,
  "shoulder_prominence": 0.029402408748865128,
  "hip_prominence": 0.002160796371754259
}