{
  "shoulder_hip_ratio": 1.9019126513690792,
  "waist_position": 0.5040795505046844,
  "torso_ratio": 1.0826082692078667,
  "shoulder_prominence": 0.10584244504570961,
  "hip_prominence": 0.03889472968876362
}