{
  "shoulder_hip_ratio": 1.8225604107993079,
  "waist_position": 0.5284712612628937,
  "torso_ratio": 1.2086653987413813,
  "shoulder_prominence": 0.07743893563747406,
  "hip_prominence": 0.026181548833847046
}