{
  "shoulder_hip_ratio": 1.8296775717298244,
  "waist_position": 0.5315604209899902,
  "torso_ratio": 1.1507021609042818,
  "shoulder_prominence": 0.03465752303600311,
  "hip_prominence": 0.0242502149194479
}