{
  "shoulder_hip_ratio": 1.7574442072452408,
  "waist_position": 0.5068266689777374,
  "torso_ratio": 1.2541150707044895,
  "shoulder_prominence": 0.06578459218144417,
  "hip_prominence": 0.024495030753314495
}