{
  "shoulder_hip_ratio": 1.6694689146903776,
  "waist_position": 0.4944101423025131,
  "torso_ratio": 1.203998247129133,
  "shoulder_prominence": 0.10226839780807495,
  "hip_prominence": 0.07212238013744354
}