{
  "shoulder_hip_ratio": 1.641253551367203,
  "waist_position": 0.46499860286712646,
  "torso_ratio": 1.4239759035566213,
  "shoulder_prominence": 0.04880356416106224,
  "hip_prominence": 0.014660338871181011
}