{
  "shoulder_hip_ratio": 1.7677953109517524,
  "waist_position": 0.5200757086277008,
  "torso_ratio": 1.198207791904351,
  "shoulder_prominence": 0.08501291275024414,
  "hip_prominence": 0.0532339159399271
}