{
  "shoulder_hip_ratio": 1.8173066995164264,
  "waist_position": 0.5005276501178741,
  "torso_ratio": 1.1714142435165054,
  "shoulder_prominence": 0.16281572729349136,
  "hip_prominence": 0.12094175070524216
}