{
  "shoulder_hip_ratio": 1.8046878233643975,
  "waist_position": 0.4604726582765579,
  "torso_ratio": 1.0349535802485132,
  "shoulder_prominence": 0.06479822099208832,
  "hip_prominence": 0.03208594769239426
}