{
  "shoulder_hip_ratio": 1.6001562664735733,
  "waist_position": 0.46724797785282135,
  "torso_ratio": 1.2438099541120793,
  "shoulder_prominence": 0.045856354758143425,
  "hip_prominence": 0.02206258289515972
}