{
  "shoulder_hip_ratio": 1.6972990409438005,
  "waist_position": 0.4832233488559723,
  "torso_ratio": 1.240476924652854,
  "shoulder_prominence": 0.00934050977230072,
  "hip_prominence": 0.022633885964751244
}