{
  "shoulder_hip_ratio": 1.6838220465918825,
  "waist_position": 0.5578896105289459,
  "torso_ratio": 1.2492919175505437,
  "shoulder_prominence": 0.07795045524835587,
  "hip_prominence": 0.03229738585650921
}