{
  "shoulder_hip_ratio": 1.6474687646258823,
  "waist_position": 0.49581606686115265,
  "torso_ratio": 1.2348970570203568,
  "shoulder_prominence": 0.11673945561051369,
  "hip_prominence": 0.08280215412378311
}