{
  "shoulder_hip_ratio": 1.6190877161825141,
  "waist_position": 0.5642160773277283,
  "torso_ratio": 1.4634319894608807,
  "shoulder_prominence": 0.16125817596912384,
  "hip_prominence": 0.09278687834739685
}