{
  "shoulder_hip_ratio": 1.8004917645932799,
  "waist_position": 0.4808669984340668,
  "torso_ratio": 1.1842863054575299,
  "shoulder_prominence": 0.006758764386177063,
  "hip_prominence": 0.03394727222621441
}