{
  "shoulder_hip_ratio": 1.6806447498704076,
  "waist_position": 0.465712308883667,
  "torso_ratio": 1.283971702646392,
  "shoulder_prominence": 0.3004400208592415,
  "hip_prominence": 0.184232197701931
}