{
  "shoulder_hip_ratio": 1.7870148275763627,
  "waist_position": 0.5815973281860352,
  "torso_ratio": 1.1939416650184531,
  "shoulder_prominence": 0.04160415008664131,
  "hip_prominence": 0.014299679547548294
}