{
  "shoulder_hip_ratio": 1.8499594395991663,
  "waist_position": 0.49356144666671753,
  "torso_ratio": 1.0869798253681484,
  "shoulder_prominence": 0.003938585519790649,
  "hip_prominence": 0.0181843563914299
}