{
  "shoulder_hip_ratio": 1.7521762801788636,
  "waist_position": 0.5001966059207916,
  "torso_ratio": 1.1439606249258234,
  "shoulder_prominence": 0.17789418995380402,
  "hip_prominence": 0.07840917259454727
}