{
  "shoulder_hip_ratio": 1.6210999168719997,
  "waist_position": 0.449701651930809,
  "torso_ratio": 1.3122569105690236,
  "shoulder_prominence": 0.15509866178035736,
  "hip_prominence": 0.053993167355656624
}