{
  "shoulder_hip_ratio": 1.7507254226213593,
  "waist_position": 0.48169732093811035,
  "torso_ratio": 1.0601694695585155,
  "shoulder_prominence": 0.009397730231285095,
  "hip_prominence": 0.009578966535627842
}