{
  "shoulder_hip_ratio": 1.7167052802197338,
  "waist_position": 0.48923709988594055,
  "torso_ratio": 1.1521070506437208,
  "shoulder_prominence": 0.1279314085841179,
  "hip_prominence": 0.10275648906826973
}