{
  "shoulder_hip_ratio": 1.7800693899097437,
  "waist_position": 0.504926323890686,
  "torso_ratio": 1.258757831340741,
  "shoulder_prominence": 0.2535553202033043,
  "hip_prominence": 0.1754544898867607
}