{
  "shoulder_hip_ratio": 1.6682435307900318,
  "waist_position": 0.48316825926303864,
  "torso_ratio": 1.3473301910478628,
  "shoulder_prominence": 0.03186204470694065,
  "hip_prominence": 0.026160655543208122
}