{
  "shoulder_hip_ratio": 1.8152800103116595,
  "waist_position": 0.4781872034072876,
  "torso_ratio": 1.231307007788387,
  "shoulder_prominence": 0.10193245485424995,
  "hip_prominence": 0.1266331970691681
}