{
  "shoulder_hip_ratio": 1.7555015359293118,
  "waist_position": 0.469612181186676,
  "torso_ratio": 1.2019228357639107,
  "shoulder_prominence": 0.07666344940662384,
  "hip_prominence": 0.046060629189014435
}