{
  "shoulder_hip_ratio": 1.8047662587307165,
  "waist_position": 0.4790056198835373,
  "torso_ratio": 1.2360193475641144,
  "shoulder_prominence": 0.0919734500348568,
  "hip_prominence": 0.1237686239182949
}