{
  "shoulder_hip_ratio": 1.815882473998522,
  "waist_position": 0.5191891491413116,
  "torso_ratio": 1.193530660003975,
  "shoulder_prominence": 0.2549526207149029,
  "hip_prominence": 0.180757574737072
}