{
  "shoulder_hip_ratio": 1.767868926111084,
  "waist_position": 0.4846486300230026,
  "torso_ratio": 1.077459970840644,
  "shoulder_prominence": 0.0042488425970077515,
  "hip_prominence": 0.007212545722723007
}