{
  "shoulder_hip_ratio": 1.6831921881918972,
  "waist_position": 0.48322129249572754,
  "torso_ratio": 1.0868599968766486,
  "shoulder_prominence": 0.054317450150847435,
  "hip_prominence": 0.02132465783506632
}