{
  "shoulder_hip_ratio": 1.6804298924405043,
  "waist_position": 0.4919387251138687,
  "torso_ratio": 1.1323616765025473,
  "shoulder_prominence": 0.004470065236091614,
  "hip_prominence": 0.010628460440784693
}