{
  "shoulder_hip_ratio": 1.8846343922585176,
  "waist_position": 0.5029008686542511,
  "torso_ratio": 1.0960456841103257,
  "shoulder_prominence": 0.05733710527420044,
  "hip_prominence": 0.040870264172554016
}