{
  "shoulder_hip_ratio": 1.9045998644188376,
  "waist_position": 0.4889408349990845,
  "torso_ratio": 1.122104740477772,
  "shoulder_prominence": 0.044593021273612976,
  "hip_prominence": 0.04134499654173851
}