{
  "shoulder_hip_ratio": 1.7904817376797706,
  "waist_position": 0.4580349326133728,
  "torso_ratio": 1.1956975564665704,
  "shoulder_prominence": 0.0524066838552244,
  "hip_prominence": 0.03976017236709595
}