{
  "shoulder_hip_ratio": 1.777235375810766,
  "waist_position": 0.48948782682418823,
  "torso_ratio": 1.1885134724023563,
  "shoulder_prominence": 0.007023140788078308,
  "hip_prominence": 0.021535036154091358
}