{
  "shoulder_hip_ratio": 1.520819907241007,
  "waist_position": 0.45701056718826294,
  "torso_ratio": 1.2781636927016424,
  "shoulder_prominence": 0.11520244553685188,
  "hip_prominence": 0.061342936009168625
}