{
  "shoulder_hip_ratio": 1.6872064508457145,
  "waist_position": 0.5552281737327576,
  "torso_ratio": 1.1876184173510382,
  "shoulder_prominence": 0.02960206288844347,
  "hip_prominence": 0.01682494767010212
}