{
  "shoulder_hip_ratio": 1.7590995480092744,
  "waist_position": 0.47643111646175385,
  "torso_ratio": 1.2611451912391738,
  "shoulder_prominence": 0.0055831000208854675,
  "hip_prominence": 0.01582169672474265
}