{
  "shoulder_hip_ratio": 1.686815416288716,
  "waist_position": 0.48613154888153076,
  "torso_ratio": 1.325486452427766,
  "shoulder_prominence": 0.1221601814031601,
  "hip_prominence": 0.034509267657995224
}