{
  "shoulder_hip_ratio": 1.7346649442008566,
  "waist_position": 0.43697749078273773,
  "torso_ratio": 1.466942330713988,
  "shoulder_prominence": 0.13372433185577393,
  "hip_prominence": 0.09487135708332062
}