{
  "shoulder_hip_ratio": 1.6379548455634958,
  "waist_position": 0.46247734129428864,
  "torso_ratio": 1.2393081325036808,
  "shoulder_prominence": 0.005980879068374634,
  "hip_prominence": 0.0034465775825083256
}