{
  "shoulder_hip_ratio": 1.713592953322323,
  "waist_position": 0.4595932513475418,
  "torso_ratio": 1.2009780973599324,
  "shoulder_prominence": 0.04933949559926987,
  "hip_prominence": 0.04203801043331623
}