{
  "shoulder_hip_ratio": 1.836884161371746,
  "waist_position": 0.5285873413085938,
  "torso_ratio": 1.1160158517184864,
  "shoulder_prominence": 0.05970896780490875,
  "hip_prominence": 0.029775137081742287
}