{
  "shoulder_hip_ratio": 1.71405255469553,
  "waist_position": 0.5206919610500336,
  "torso_ratio": 1.0591187175595755,
  "shoulder_prominence": 0.10431025922298431,
  "hip_prominence": 0.07645294815301895
}