{
  "shoulder_hip_ratio": 1.8148231758706275,
  "waist_position": 0.513767659664154,
  "torso_ratio": 1.0284478295098811,
  "shoulder_prominence": 0.03243005834519863,
  "hip_prominence": 0.0131491394713521
}