{
  "shoulder_hip_ratio": 1.8040814451111382,
  "waist_position": 0.5309223234653473,
  "torso_ratio": 1.1641931884622834,
  "shoulder_prominence": 0.04055631160736084,
  "hip_prominence": 0.002241759968455881
}