{
  "shoulder_hip_ratio": 1.5909901596400202,
  "waist_position": 0.47926750779151917,
  "torso_ratio": 1.3744571933646301,
  "shoulder_prominence": 0.2900981791317463,
  "hip_prominence": 0.25770795345306396
}