{
  "shoulder_hip_ratio": 1.8443458008331104,
  "waist_position": 0.510384202003479,
  "torso_ratio": 1.1916464326822775,
  "shoulder_prominence": 0.06444871425628662,
  "hip_prominence": 0.052154844626784325
}