{
  "shoulder_hip_ratio": 1.7021226233332083,
  "waist_position": 0.5109220445156097,
  "torso_ratio": 1.2769598488723723,
  "shoulder_prominence": 0.3399473987519741,
  "hip_prominence": 0.2033020183444023
}