{
  "shoulder_hip_ratio": 1.7553244904929364,
  "waist_position": 0.484666183590889,
  "torso_ratio": 1.181109704741762,
  "shoulder_prominence": 0.03445663471939042,
  "hip_prominence": 0.017180311493575573
}