{
  "shoulder_hip_ratio": 1.718963822871353,
  "waist_position": 0.4430927038192749,
  "torso_ratio": 1.4763277439670222,
  "shoulder_prominence": 0.2684949114918709,
  "hip_prominence": 0.21210084110498428
}