{
  "shoulder_hip_ratio": 1.6992532902729647,
  "waist_position": 0.4894556403160095,
  "torso_ratio": 1.233850856940175,
  "shoulder_prominence": 0.08227522857487202,
  "hip_prominence": 0.033203000202775
}