{
  "shoulder_hip_ratio": 1.6544154310833574,
  "waist_position": 0.4667622894048691,
  "torso_ratio": 1.1980624507707616,
  "shoulder_prominence": 0.07160663604736328,
  "hip_prominence": 0.04998992942273617
}