{
  "shoulder_hip_ratio": 1.6547860337181088,
  "waist_position": 0.4356462210416794,
  "torso_ratio": 1.2217836077266955,
  "shoulder_prominence": 0.18404584005475044,
  "hip_prominence": 0.11096993088722229
}