{
  "shoulder_hip_ratio": 1.7421512369672365,
  "waist_position": 0.49056464433670044,
  "torso_ratio": 1.1573925175260125,
  "shoulder_prominence": 0.06537505239248276,
  "hip_prominence": 0.040360426530241966
}