{
  "shoulder_hip_ratio": 1.7942654604845572,
  "waist_position": 0.4941585659980774,
  "torso_ratio": 1.11882970107969,
  "shoulder_prominence": 0.24025720823556185,
  "hip_prominence": 0.13904855400323868
}