{
  "shoulder_hip_ratio": 1.6758543111429252,
  "waist_position": 0.5273122489452362,
  "torso_ratio": 1.3143006781075073,
  "shoulder_prominence": 0.03263590484857559,
  "hip_prominence": 0.0032288350630551577
}