{
  "shoulder_hip_ratio": 1.8369513401939956,
  "waist_position": 0.49801231920719147,
  "torso_ratio": 1.2425138535088365,
  "shoulder_prominence": 0.056602951139211655,
  "hip_prominence": 0.023166568018496037
}