{
  "shoulder_hip_ratio": 1.6172230010932855,
  "waist_position": 0.48986536264419556,
  "torso_ratio": 1.2736673839053054,
  "shoulder_prominence": 0.025501851923763752,
  "hip_prominence": 0.02310000639408827
}