{
  "shoulder_hip_ratio": 1.74254562533539,
  "waist_position": 0.4948081076145172,
  "torso_ratio": 1.198651284108002,
  "shoulder_prominence": 0.13195589184761047,
  "hip_prominence": 0.09063451737165451
}