{
  "shoulder_hip_ratio": 1.7580816185089658,
  "waist_position": 0.48903729021549225,
  "torso_ratio": 1.2141937150109972,
  "shoulder_prominence": 0.10092804953455925,
  "hip_prominence": 0.07146940380334854
}