{
  "shoulder_hip_ratio": 1.7377125455647913,
  "waist_position": 0.4948871433734894,
  "torso_ratio": 1.1696654513616138,
  "shoulder_prominence": 0.07661658897995949,
  "hip_prominence": 0.01952410861849785
}