{
  "shoulder_hip_ratio": 1.7668259898280374,
  "waist_position": 0.5005985200405121,
  "torso_ratio": 1.1904596758400914,
  "shoulder_prominence": 0.040295446291565895,
  "hip_prominence": 0.022609512321650982
}