{
  "shoulder_hip_ratio": 1.7132141264470357,
  "waist_position": 0.4664161801338196,
  "torso_ratio": 1.2804581140068816,
  "shoulder_prominence": 0.03203251026570797,
  "hip_prominence": 0.0466640405356884
}