{
  "shoulder_hip_ratio": 1.6852656677090878,
  "waist_position": 0.48922841250896454,
  "torso_ratio": 1.1368544700321974,
  "shoulder_prominence": 0.039951711893081665,
  "hip_prominence": 0.0283065028488636
}