{
  "shoulder_hip_ratio": 1.5833489721346634,
  "waist_position": 0.4840184897184372,
  "torso_ratio": 1.2410532238356953,
  "shoulder_prominence": 0.07411448657512665,
  "hip_prominence": 0.02278661634773016
}