{
  "shoulder_hip_ratio": 1.6875343625391936,
  "waist_position": 0.510916143655777,
  "torso_ratio": 1.1379579142300373,
  "shoulder_prominence": 0.09572652727365494,
  "hip_prominence": 0.07918033003807068
}