{
  "shoulder_hip_ratio": 1.8769803846042328,
  "waist_position": 0.4941024035215378,
  "torso_ratio": 1.1230237616707608,
  "shoulder_prominence": 0.046229854226112366,
  "hip_prominence": 0.03388250432908535
}