{
  "shoulder_hip_ratio": 1.6349461030732002,
  "waist_position": 0.46233807504177094,
  "torso_ratio": 1.1723288712817115,
  "shoulder_prominence": 0.10321468859910965,
  "hip_prominence": 0.07482215017080307
}