{
  "shoulder_hip_ratio": 1.8208538440412299,
  "waist_position": 0.5076248943805695,
  "torso_ratio": 1.1140312027794539,
  "shoulder_prominence": 0.16232256218791008,
  "hip_prominence": 0.08151405304670334
}