{
  "shoulder_hip_ratio": 1.925608380784914,
  "waist_position": 0.5050261318683624,
  "torso_ratio": 1.1559262432047133,
  "shoulder_prominence": 0.004294902086257935,
  "hip_prominence": 0.013735140208154917
}