{
  "shoulder_hip_ratio": 1.506509626015059,
  "waist_position": 0.46254681050777435,
  "torso_ratio": 1.3388799148144999,
  "shoulder_prominence": 0.1620907485485077,
  "hip_prominence": 0.0759146474301815
}