{
  "shoulder_hip_ratio": 1.6929540728102572,
  "waist_position": 0.5102168321609497,
  "torso_ratio": 1.2044358427407456,
  "shoulder_prominence": 0.01458863914012909,
  "hip_prominence": 0.005857580341398716
}