{
  "shoulder_hip_ratio": 1.8115378087887972,
  "waist_position": 0.5436201393604279,
  "torso_ratio": 1.042802650009522,
  "shoulder_prominence": 0.09734096378087997,
  "hip_prominence": 0.08281403034925461
}