{
  "shoulder_hip_ratio": 1.6371008892435974,
  "waist_position": 0.491760715842247,
  "torso_ratio": 1.2825506380593716,
  "shoulder_prominence": 0.009873938746750355,
  "hip_prominence": 0.012686131987720728
}