{
  "shoulder_hip_ratio": 1.724453441762951,
  "waist_position": 0.4892488121986389,
  "torso_ratio": 1.2794227375702851,
  "shoulder_prominence": 0.009346966166049242,
  "hip_prominence": 0.008688622154295444
}