{
  "shoulder_hip_ratio": 1.695086564560372,
  "waist_position": 0.48277658224105835,
  "torso_ratio": 1.2434396193536248,
  "shoulder_prominence": 0.08861743845045567,
  "hip_prominence": 0.0402790829539299
}