{
  "shoulder_hip_ratio": 1.7108052766881365,
  "waist_position": 0.4829436242580414,
  "torso_ratio": 1.1131649482089727,
  "shoulder_prominence": 0.016407785937190056,
  "hip_prominence": 0.010700919665396214
}