{
  "shoulder_hip_ratio": 1.6249261632860033,
  "waist_position": 0.4849582016468048,
  "torso_ratio": 1.1282698122378343,
  "shoulder_prominence": 0.019219734705984592,
  "hip_prominence": 0.03608823008835316
}