{
  "shoulder_hip_ratio": 1.681717888300744,
  "waist_position": 0.4594462811946869,
  "torso_ratio": 1.3562789124832977,
  "shoulder_prominence": 0.14436128875240684,
  "hip_prominence": 0.0898127444088459
}