{
  "shoulder_hip_ratio": 1.7999932980697968,
  "waist_position": 0.511150062084198,
  "torso_ratio": 1.160909535456806,
  "shoulder_prominence": 0.16432309709489346,
  "hip_prominence": 0.07138089463114738
}