{
  "shoulder_hip_ratio": 1.9892327948511213,
  "waist_position": 0.4627194106578827,
  "torso_ratio": 1.2382994846716857,
  "shoulder_prominence": 0.034887018613517284,
  "hip_prominence": 0.003620133618824184
}