{
  "shoulder_hip_ratio": 1.8764026110115173,
  "waist_position": 0.493456706404686,
  "torso_ratio": 1.2129291048677087,
  "shoulder_prominence": 0.07118998980149627,
  "hip_prominence": 0.04026123508810997
}