{
  "shoulder_hip_ratio": 1.6444099442073064,
  "waist_position": 0.4933669865131378,
  "torso_ratio": 1.31409409325612,
  "shoulder_prominence": 0.15256363525986671,
  "hip_prominence": 0.11399390548467636
}