{
  "shoulder_hip_ratio": 1.7750907362751873,
  "waist_position": 0.4911300539970398,
  "torso_ratio": 1.2441088988955902,
  "shoulder_prominence": 0.06446860730648041,
  "hip_prominence": 0.05947747081518173
}