{
  "shoulder_hip_ratio": 1.6358885961828382,
  "waist_position": 0.5134992897510529,
  "torso_ratio": 1.1570660917272493,
  "shoulder_prominence": 0.042410336434841156,
  "hip_prominence": 0.021085144020617008
}