{
  "shoulder_hip_ratio": 1.9580573933185574,
  "waist_position": 0.5043543577194214,
  "torso_ratio": 1.15943497952661,
  "shoulder_prominence": 0.13047071918845177,
  "hip_prominence": 0.09053708985447884
}