{
  "shoulder_hip_ratio": 1.7626994174702806,
  "waist_position": 0.5069941878318787,
  "torso_ratio": 1.2544210656969328,
  "shoulder_prominence": 0.0640900582075119,
  "hip_prominence": 0.023061870597302914
}