{
  "shoulder_hip_ratio": 1.9223753290285195,
  "waist_position": 0.5152987539768219,
  "torso_ratio": 1.4142882212698558,
  "shoulder_prominence": 0.15665147081017494,
  "hip_prominence": 0.08869480714201927
}