{
  "shoulder_hip_ratio": 1.5949397774140979,
  "waist_position": 0.552336722612381,
  "torso_ratio": 1.2966075781045274,
  "shoulder_prominence": 0.0473586767911911,
  "hip_prominence": 0.045193152502179146
}