{
  "shoulder_hip_ratio": 1.8725972195346265,
  "waist_position": 0.44680243730545044,
  "torso_ratio": 1.3449541452859852,
  "shoulder_prominence": 0.26366784423589706,
  "hip_prominence": 0.12402979657053947
}