{
  "shoulder_hip_ratio": 1.8124635493084513,
  "waist_position": 0.5030598938465118,
  "torso_ratio": 1.205201969229967,
  "shoulder_prominence": 0.04512341134250164,
  "hip_prominence": 0.024137713946402073
}