{
  "shoulder_hip_ratio": 1.6701522952952788,
  "waist_position": 0.4948042631149292,
  "torso_ratio": 1.2041467482361916,
  "shoulder_prominence": 0.10031485557556152,
  "hip_prominence": 0.06821178644895554
}