{
  "shoulder_hip_ratio": 1.8429826112846475,
  "waist_position": 0.4805825501680374,
  "torso_ratio": 1.1804202816743727,
  "shoulder_prominence": 0.010885775089263916,
  "hip_prominence": 0.019659697078168392
}