{
  "shoulder_hip_ratio": 1.6613368293840869,
  "waist_position": 0.46540112793445587,
  "torso_ratio": 1.164925423547721,
  "shoulder_prominence": 0.2633528336882591,
  "hip_prominence": 0.1490686908364296
}