{
  "shoulder_hip_ratio": 1.7540825493222687,
  "waist_position": 0.4939548075199127,
  "torso_ratio": 1.1895913509241305,
  "shoulder_prominence": 0.014006443321704865,
  "hip_prominence": 0.00757991150021553
}