{
  "shoulder_hip_ratio": 1.8814881666683534,
  "waist_position": 0.48981451988220215,
  "torso_ratio": 1.1740991086556873,
  "shoulder_prominence": 0.11156756803393364,
  "hip_prominence": 0.06479652225971222
}