{
  "shoulder_hip_ratio": 1.7206595692548783,
  "waist_position": 0.5263352394104004,
  "torso_ratio": 1.2893147170566885,
  "shoulder_prominence": 0.022954650223255157,
  "hip_prominence": 0.000715381873305887
}