{
  "shoulder_hip_ratio": 1.6522685322606518,
  "waist_position": 0.4933272898197174,
  "torso_ratio": 1.2353676586033933,
  "shoulder_prominence": 0.040084898471832275,
  "hip_prominence": 0.04499604180455208
}