{
  "shoulder_hip_ratio": 1.7590023409875675,
  "waist_position": 0.4805634915828705,
  "torso_ratio": 1.0633138253057433,
  "shoulder_prominence": 0.004579432308673859,
  "hip_prominence": 0.007053101900964975
}