{
  "shoulder_hip_ratio": 1.8680492239556996,
  "waist_position": 0.536876916885376,
  "torso_ratio": 1.2324988940802024,
  "shoulder_prominence": 0.07440225593745708,
  "hip_prominence": 0.05793132074177265
}