{
  "shoulder_hip_ratio": 1.7186549399498545,
  "waist_position": 0.5039229989051819,
  "torso_ratio": 1.200522419219436,
  "shoulder_prominence": 0.04897293262183666,
  "hip_prominence": 0.024054926820099354
}