{
  "shoulder_hip_ratio": 1.7425040318716916,
  "waist_position": 0.48546767234802246,
  "torso_ratio": 1.1721290480118383,
  "shoulder_prominence": 0.03172030299901962,
  "hip_prominence": 0.05832342989742756
}