{
  "shoulder_hip_ratio": 1.715177610558378,
  "waist_position": 0.49444594979286194,
  "torso_ratio": 1.2149652241438997,
  "shoulder_prominence": 0.03818365000188351,
  "hip_prominence": 0.023519916459918022
}