{
  "shoulder_hip_ratio": 1.637985772392835,
  "waist_position": 0.5194302797317505,
  "torso_ratio": 1.2587362519220688,
  "shoulder_prominence": 0.03919222019612789,
  "hip_prominence": 0.03612904995679855
}