{
  "shoulder_hip_ratio": 1.7857522485061472,
  "waist_position": 0.4144999384880066,
  "torso_ratio": 1.2089483863671397,
  "shoulder_prominence": 0.023417849093675613,
  "hip_prominence": 0.018310895189642906
}