{
  "shoulder_hip_ratio": 1.6266301008437731,
  "waist_position": 0.4625375270843506,
  "torso_ratio": 1.144758543337684,
  "shoulder_prominence": 0.10296440124511719,
  "hip_prominence": 0.05956062860786915
}