{
  "shoulder_hip_ratio": 1.720121359510919,
  "waist_position": 0.4554118514060974,
  "torso_ratio": 1.2051203238005188,
  "shoulder_prominence": 0.048768327571451664,
  "hip_prominence": 0.0451053474098444
}