{
  "shoulder_hip_ratio": 1.7661567099948006,
  "waist_position": 0.46469517052173615,
  "torso_ratio": 1.2037282636945226,
  "shoulder_prominence": 0.0601496547460556,
  "hip_prominence": 0.052887674421072006
}