{
  "shoulder_hip_ratio": 1.636842085388981,
  "waist_position": 0.5255113244056702,
  "torso_ratio": 1.2582238732725441,
  "shoulder_prominence": 0.007408082485198975,
  "hip_prominence": 0.020952955819666386
}