{
  "shoulder_hip_ratio": 1.6405376092080655,
  "waist_position": 0.5205824375152588,
  "torso_ratio": 1.253836248066413,
  "shoulder_prominence": 0.011275392025709152,
  "hip_prominence": 0.01464216597378254
}