{
  "shoulder_hip_ratio": 1.838441587926709,
  "waist_position": 0.4406218081712723,
  "torso_ratio": 1.1840953191565555,
  "shoulder_prominence": 0.13639091327786446,
  "hip_prominence": 0.02782858069986105
}