{
  "shoulder_hip_ratio": 1.6839593126988976,
  "waist_position": 0.5083697736263275,
  "torso_ratio": 1.18301414047011,
  "shoulder_prominence": 0.15196270495653152,
  "hip_prominence": 0.051355479285120964
}