{
  "shoulder_hip_ratio": 1.7192753305513802,
  "waist_position": 0.5316135734319687,
  "torso_ratio": 1.3029393856482816,
  "shoulder_prominence": 0.07177293114364147,
  "hip_prominence": 0.02601008303463459
}