{
  "shoulder_hip_ratio": 1.7478070090181084,
  "waist_position": 0.5030336380004883,
  "torso_ratio": 1.1435200448081277,
  "shoulder_prominence": 0.18941160012036562,
  "hip_prominence": 0.09270305186510086
}