{
  "shoulder_hip_ratio": 1.772476856400863,
  "waist_position": 0.505677193403244,
  "torso_ratio": 1.2686227714980034,
  "shoulder_prominence": 0.1873804461210966,
  "hip_prominence": 0.14800620079040527
}