{
  "shoulder_hip_ratio": 1.8402064004693763,
  "waist_position": 0.4798654317855835,
  "torso_ratio": 1.1184148303124957,
  "shoulder_prominence": 0.01688817050307989,
  "hip_prominence": 0.014730216935276985
}