{
  "shoulder_hip_ratio": 1.6153696586411583,
  "waist_position": 0.5652497708797455,
  "torso_ratio": 1.291727412733931,
  "shoulder_prominence": 0.03219304978847504,
  "hip_prominence": 0.003943063202314079
}