{
  "shoulder_hip_ratio": 1.7192804809110436,
  "waist_position": 0.4516267776489258,
  "torso_ratio": 1.2791794770147562,
  "shoulder_prominence": 0.23070368450134993,
  "hip_prominence": 0.1790567710995674
}