{
  "shoulder_hip_ratio": 1.5635346184132675,
  "waist_position": 0.45702365040779114,
  "torso_ratio": 1.5256118226751103,
  "shoulder_prominence": 0.24063008278608322,
  "hip_prominence": 0.14515362679958344
}