{
  "shoulder_hip_ratio": 1.8667961089499332,
  "waist_position": 0.44773226976394653,
  "torso_ratio": 1.3593996462143507,
  "shoulder_prominence": 0.04192994348704815,
  "hip_prominence": 0.010607945267111063
}