{
  "shoulder_hip_ratio": 1.8890418362739765,
  "waist_position": 0.4936167597770691,
  "torso_ratio": 1.0886422324523903,
  "shoulder_prominence": 0.038616761565208435,
  "hip_prominence": 0.03218131884932518
}