{
  "shoulder_hip_ratio": 1.725906277360176,
  "waist_position": 0.5217527449131012,
  "torso_ratio": 1.139775326195813,
  "shoulder_prominence": 0.0676068626344204,
  "hip_prominence": 0.015562672168016434
}