{
  "shoulder_hip_ratio": 1.7341703945881415,
  "waist_position": 0.5021208822727203,
  "torso_ratio": 1.188208837773212,
  "shoulder_prominence": 0.005707930773496628,
  "hip_prominence": 0.018841958604753017
}