{
  "shoulder_hip_ratio": 1.6789716160823749,
  "waist_position": 0.42376692593097687,
  "torso_ratio": 1.134964575131408,
  "shoulder_prominence": 0.18088023364543915,
  "hip_prominence": 0.10082894191145897
}