{
  "shoulder_hip_ratio": 1.8284607389386052,
  "waist_position": 0.49460412561893463,
  "torso_ratio": 1.0972656733978428,
  "shoulder_prominence": 0.13402009941637516,
  "hip_prominence": 0.061005089432001114
}