{
  "shoulder_hip_ratio": 1.8715596399773857,
  "waist_position": 0.49649128317832947,
  "torso_ratio": 1.1736849678492265,
  "shoulder_prominence": 0.2888616696000099,
  "hip_prominence": 0.17747393250465393
}