{
  "shoulder_hip_ratio": 1.6757972602880962,
  "waist_position": 0.4677119553089142,
  "torso_ratio": 1.2170376532464942,
  "shoulder_prominence": 0.18389885313808918,
  "hip_prominence": 0.13352804630994797
}