{
  "shoulder_hip_ratio": 1.7707630576937945,
  "waist_position": 0.42624232172966003,
  "torso_ratio": 1.1779079045468956,
  "shoulder_prominence": 0.09301044791936874,
  "hip_prominence": 0.053670914843678474
}