{
  "shoulder_hip_ratio": 1.6013694281416662,
  "waist_position": 0.5145643651485443,
  "torso_ratio": 1.2982444797870143,
  "shoulder_prominence": 0.02010190859436989,
  "hip_prominence": 0.00852492032572627
}