{
  "shoulder_hip_ratio": 1.590939938741806,
  "waist_position": 0.5121892392635345,
  "torso_ratio": 1.097186436202092,
  "shoulder_prominence": 0.035117171704769135,
  "hip_prominence": 0.004544184310361743
}