{
  "shoulder_hip_ratio": 1.6936496082367078,
  "waist_position": 0.456340491771698,
  "torso_ratio": 1.2202096461491323,
  "shoulder_prominence": 0.0860596764832735,
  "hip_prominence": 0.07979049533605576
}