{
  "shoulder_hip_ratio": 1.6498050374184943,
  "waist_position": 0.4913221001625061,
  "torso_ratio": 1.2770357697221808,
  "shoulder_prominence": 0.08648254536092281,
  "hip_prominence": 0.04318190738558769
}