{
  "shoulder_hip_ratio": 1.6846077345878212,
  "waist_position": 0.47114652395248413,
  "torso_ratio": 1.2046217869183995,
  "shoulder_prominence": 0.025956489145755768,
  "hip_prominence": 0.014100691769272089
}