{
  "shoulder_hip_ratio": 1.5968971786179218,
  "waist_position": 0.5123276859521866,
  "torso_ratio": 1.2833050047358157,
  "shoulder_prominence": 0.06284818798303604,
  "hip_prominence": 0.03447252698242664
}