{
  "shoulder_hip_ratio": 1.7848687323051364,
  "waist_position": 0.4538012892007828,
  "torso_ratio": 1.2645839208643963,
  "shoulder_prominence": 0.16187671571969986,
  "hip_prominence": 0.08601764217019081
}