{
  "shoulder_hip_ratio": 1.6387772988185705,
  "waist_position": 0.46532051265239716,
  "torso_ratio": 1.211841867343409,
  "shoulder_prominence": 0.028879748657345772,
  "hip_prominence": 0.02280555199831724
}