{
  "shoulder_hip_ratio": 1.7921604867872285,
  "waist_position": 0.4598904252052307,
  "torso_ratio": 1.2221507721842888,
  "shoulder_prominence": 0.14667899906635284,
  "hip_prominence": 0.08088256046175957
}