{
  "shoulder_hip_ratio": 1.6188480616736904,
  "waist_position": 0.507459431886673,
  "torso_ratio": 1.3113518478404662,
  "shoulder_prominence": 0.028320327401161194,
  "hip_prominence": 0.007719023618847132
}