{
  "shoulder_hip_ratio": 1.6988733314265205,
  "waist_position": 0.5004310458898544,
  "torso_ratio": 1.2734932671042067,
  "shoulder_prominence": 0.020864742808043957,
  "hip_prominence": 0.004604102578014135
}