{
  "shoulder_hip_ratio": 1.5467748410718472,
  "waist_position": 0.5076054036617279,
  "torso_ratio": 1.3295008968480202,
  "shoulder_prominence": 0.036249056458473206,
  "hip_prominence": 0.03291362151503563
}