{
  "shoulder_hip_ratio": 1.9201199438978511,
  "waist_position": 0.5021895468235016,
  "torso_ratio": 1.1955095729583802,
  "shoulder_prominence": 0.051325976848602295,
  "hip_prominence": 0.05568981543183327
}