{
  "shoulder_hip_ratio": 1.7449670689463208,
  "waist_position": 0.492893323302269,
  "torso_ratio": 1.3030068390551484,
  "shoulder_prominence": 0.04213372617959976,
  "hip_prominence": 0.009192761033773422
}