{
  "shoulder_hip_ratio": 1.6590420479177441,
  "waist_position": 0.6072506308555603,
  "torso_ratio": 1.2103139162709418,
  "shoulder_prominence": 0.015657193958759308,
  "hip_prominence": 0.027035360224545002
}