{
  "shoulder_hip_ratio": 1.7186228971859945,
  "waist_position": 0.4581346958875656,
  "torso_ratio": 1.1669451027069306,
  "shoulder_prominence": 0.015244826674461365,
  "hip_prominence": 0.0032785512739792466
}