{
  "shoulder_hip_ratio": 1.7739302650961801,
  "waist_position": 0.49297401309013367,
  "torso_ratio": 1.2231373122839484,
  "shoulder_prominence": 0.04819842055439949,
  "hip_prominence": 0.03110790066421032
}