{
  "shoulder_hip_ratio": 1.8403075790820633,
  "waist_position": 0.5290864408016205,
  "torso_ratio": 1.3080063586111623,
  "shoulder_prominence": 0.0880171163007617,
  "hip_prominence": 0.08819802477955818
}