{
  "shoulder_hip_ratio": 1.65318256816671,
  "waist_position": 0.4898040145635605,
  "torso_ratio": 1.2242796538402099,
  "shoulder_prominence": 0.01930151879787445,
  "hip_prominence": 0.029432345181703568
}