{
  "shoulder_hip_ratio": 1.7624471167674913,
  "waist_position": 0.47670355439186096,
  "torso_ratio": 1.102624512900785,
  "shoulder_prominence": 0.045942530035972595,
  "hip_prominence": 0.006901439744979143
}