{
  "shoulder_hip_ratio": 1.806194836576781,
  "waist_position": 0.45430581271648407,
  "torso_ratio": 1.1385980454662243,
  "shoulder_prominence": 0.0721728689968586,
  "hip_prominence": 0.04161241091787815
}