{
  "shoulder_hip_ratio": 1.6737450571050294,
  "waist_position": 0.4759172797203064,
  "torso_ratio": 1.2450253022591378,
  "shoulder_prominence": 0.010575629770755768,
  "hip_prominence": 0.018895721063017845
}