{
  "shoulder_hip_ratio": 1.7540723698081522,
  "waist_position": 0.5164728164672852,
  "torso_ratio": 1.1989102976113253,
  "shoulder_prominence": 0.17175646126270294,
  "hip_prominence": 0.0916685163974762
}