{
  "shoulder_hip_ratio": 1.78599709482609,
  "waist_position": 0.49191616475582123,
  "torso_ratio": 1.141766079968524,
  "shoulder_prominence": 0.12139472924172878,
  "hip_prominence": 0.05267769284546375
}