{
  "shoulder_hip_ratio": 1.8344394697783508,
  "waist_position": 0.49626050889492035,
  "torso_ratio": 1.1095701482114184,
  "shoulder_prominence": 0.00665653869509697,
  "hip_prominence": 0.005183227360248566
}