{
  "shoulder_hip_ratio": 1.6530887174291073,
  "waist_position": 0.49273034930229187,
  "torso_ratio": 1.1950658303876354,
  "shoulder_prominence": 0.1658469419926405,
  "hip_prominence": 0.11079519242048264
}