{
  "shoulder_hip_ratio": 1.65799902629513,
  "waist_position": 0.5462687611579895,
  "torso_ratio": 1.1026258613998603,
  "shoulder_prominence": 0.03394686430692673,
  "hip_prominence": 0.018855632282793522
}