{
  "shoulder_hip_ratio": 1.7586062931232704,
  "waist_position": 0.5063445568084717,
  "torso_ratio": 1.1968822372086458,
  "shoulder_prominence": 0.0038136839866638184,
  "hip_prominence": 0.03625626303255558
}