{
  "shoulder_hip_ratio": 1.6195420137727958,
  "waist_position": 0.480536550283432,
  "torso_ratio": 1.2439500742000498,
  "shoulder_prominence": 0.03148530423641205,
  "hip_prominence": 0.014263095334172249
}