{
  "shoulder_hip_ratio": 1.6948923015140407,
  "waist_position": 0.547653079032898,
  "torso_ratio": 1.3059914873123086,
  "shoulder_prominence": 0.3061065450310707,
  "hip_prominence": 0.21926287561655045
}