{
  "shoulder_hip_ratio": 1.7813647608042324,
  "waist_position": 0.42961385846138,
  "torso_ratio": 1.2522384029112748,
  "shoulder_prominence": 0.013554912060499191,
  "hip_prominence": 0.008714838419109583
}