{
  "shoulder_hip_ratio": 1.652236834860162,
  "waist_position": 0.4879571795463562,
  "torso_ratio": 1.318903386217795,
  "shoulder_prominence": 0.16364962048828602,
  "hip_prominence": 0.1358448639512062
}