{
  "shoulder_hip_ratio": 1.8371093962170184,
  "waist_position": 0.4798346012830734,
  "torso_ratio": 1.1183663923502496,
  "shoulder_prominence": 0.014892087318003178,
  "hip_prominence": 0.010699576698243618
}