{
  "shoulder_hip_ratio": 1.7752362234594254,
  "waist_position": 0.5410753488540649,
  "torso_ratio": 1.1899774253490478,
  "shoulder_prominence": 0.05676044523715973,
  "hip_prominence": 0.05307428166270256
}