{
  "shoulder_hip_ratio": 1.6069327415003134,
  "waist_position": 0.49283966422080994,
  "torso_ratio": 1.2285526423785713,
  "shoulder_prominence": 0.01681477576494217,
  "hip_prominence": 0.012998740188777447
}