{
  "shoulder_hip_ratio": 1.739206827386483,
  "waist_position": 0.5001108646392822,
  "torso_ratio": 1.1195126177221748,
  "shoulder_prominence": 0.017021052539348602,
  "hip_prominence": 0.035389648750424385
}