{
  "shoulder_hip_ratio": 1.9864058658082389,
  "waist_position": 0.46328359842300415,
  "torso_ratio": 1.2942189568045708,
  "shoulder_prominence": 0.001945036230608821,
  "hip_prominence": 0.025409848429262638
}