{
  "shoulder_hip_ratio": 1.657509047275232,
  "waist_position": 0.48937541246414185,
  "torso_ratio": 1.258072901639583,
  "shoulder_prominence": 0.019159182906150818,
  "hip_prominence": 0.005095573840662837
}