{
  "shoulder_hip_ratio": 1.7706082138068016,
  "waist_position": 0.46973347663879395,
  "torso_ratio": 1.1945786466558765,
  "shoulder_prominence": 0.07271149102598429,
  "hip_prominence": 0.042973801493644714
}