{
  "shoulder_hip_ratio": 1.7472550517243395,
  "waist_position": 0.53443443775177,
  "torso_ratio": 1.223492916496206,
  "shoulder_prominence": 0.0284329354763031,
  "hip_prominence": 0.0436379536986351
}