{
  "shoulder_hip_ratio": 1.7690991313619793,
  "waist_position": 0.4949900656938553,
  "torso_ratio": 1.1610368893929985,
  "shoulder_prominence": 0.1438274197280407,
  "hip_prominence": 0.06235566921532154
}