{
  "shoulder_hip_ratio": 1.7931961745394875,
  "waist_position": 0.47980502247810364,
  "torso_ratio": 1.1920650269405428,
  "shoulder_prominence": 0.04435013886541128,
  "hip_prominence": 0.0017661667079664767
}