{
  "shoulder_hip_ratio": 1.6707659211780348,
  "waist_position": 0.5435807406902313,
  "torso_ratio": 1.206569735204066,
  "shoulder_prominence": 0.0269026942551136,
  "hip_prominence": 0.006605008617043495
}