{
  "shoulder_hip_ratio": 1.8859807376937523,
  "waist_position": 0.5035063475370407,
  "torso_ratio": 1.2152466457245406,
  "shoulder_prominence": 0.06482427637092769,
  "hip_prominence": 0.03639875166118145
}