{
  "shoulder_hip_ratio": 1.873222207904422,
  "waist_position": 0.444429486989975,
  "torso_ratio": 1.3497312394690069,
  "shoulder_prominence": 0.04104696214199066,
  "hip_prominence": 0.003334602923132479
}