{
  "shoulder_hip_ratio": 1.738758295944637,
  "waist_position": 0.4708777368068695,
  "torso_ratio": 1.2377184588152228,
  "shoulder_prominence": 0.1858278065919876,
  "hip_prominence": 0.11559523269534111
}