{
  "shoulder_hip_ratio": 1.7198147566787283,
  "waist_position": 0.49889563024044037,
  "torso_ratio": 1.2421779527285075,
  "shoulder_prominence": 0.17958481423556805,
  "hip_prominence": 0.13239984959363937
}