{
  "shoulder_hip_ratio": 2.0091482911057152,
  "waist_position": 0.5251939296722412,
  "torso_ratio": 1.089123283051681,
  "shoulder_prominence": 0.05606871843338013,
  "hip_prominence": 0.04696810245513916
}