{
  "shoulder_hip_ratio": 1.6889754513266144,
  "waist_position": 0.47354382276535034,
  "torso_ratio": 1.2311041745720073,
  "shoulder_prominence": 0.007640674710273743,
  "hip_prominence": 0.022978786379098892
}