{
  "shoulder_hip_ratio": 1.7112490964599163,
  "waist_position": 0.4967513829469681,
  "torso_ratio": 1.2687842401275824,
  "shoulder_prominence": 0.0139282145537436,
  "hip_prominence": 0.0021186736412346363
}