{
  "shoulder_hip_ratio": 1.6705699183861,
  "waist_position": 0.5255952179431915,
  "torso_ratio": 1.2422224366570809,
  "shoulder_prominence": 0.016019344329833984,
  "hip_prominence": 0.023381873965263367
}