{
  "shoulder_hip_ratio": 1.7163476737047403,
  "waist_position": 0.5233077704906464,
  "torso_ratio": 1.3073972836507342,
  "shoulder_prominence": 0.059232473373413086,
  "hip_prominence": 0.022534743882715702
}