{
  "shoulder_hip_ratio": 1.6425225215312607,
  "waist_position": 0.4624766707420349,
  "torso_ratio": 1.1281493737527144,
  "shoulder_prominence": 0.11490702629089355,
  "hip_prominence": 0.06198210082948208
}