{
  "shoulder_hip_ratio": 1.757135265899112,
  "waist_position": 0.5098331272602081,
  "torso_ratio": 1.291574544030603,
  "shoulder_prominence": 0.059505878016352654,
  "hip_prominence": 0.054064229130744934
}