{
  "shoulder_hip_ratio": 1.7307606791659638,
  "waist_position": 0.48786601424217224,
  "torso_ratio": 1.2911357022795642,
  "shoulder_prominence": 0.026321224868297577,
  "hip_prominence": 0.0012880949361715466
}