{
  "shoulder_hip_ratio": 1.7420709084343422,
  "waist_position": 0.4919430911540985,
  "torso_ratio": 1.2519372554720787,
  "shoulder_prominence": 0.33413949236273766,
  "hip_prominence": 0.20869258791208267
}