{
  "shoulder_hip_ratio": 1.7067441924794429,
  "waist_position": 0.45807789266109467,
  "torso_ratio": 1.2191406363427937,
  "shoulder_prominence": 0.03654903545975685,
  "hip_prominence": 0.037579815834760666
}