{
  "shoulder_hip_ratio": 1.5674125664232172,
  "waist_position": 0.43019258975982666,
  "torso_ratio": 1.2453139512363305,
  "shoulder_prominence": 0.03610575571656227,
  "hip_prominence": 0.007092467974871397
}