{
  "shoulder_hip_ratio": 1.830477357771982,
  "waist_position": 0.5145132690668106,
  "torso_ratio": 1.1447093634155376,
  "shoulder_prominence": 0.08364548347890377,
  "hip_prominence": 0.07271627709269524
}