{
  "shoulder_hip_ratio": 1.7425648986400737,
  "waist_position": 0.5699229836463928,
  "torso_ratio": 1.1540187796083397,
  "shoulder_prominence": 0.14415232464671135,
  "hip_prominence": 0.07683934643864632
}