{
  "shoulder_hip_ratio": 1.9022548303372877,
  "waist_position": 0.5098663866519928,
  "torso_ratio": 1.1286108005528575,
  "shoulder_prominence": 0.016440868377685547,
  "hip_prominence": 0.02093124482780695
}