{
  "shoulder_hip_ratio": 1.7982646198749872,
  "waist_position": 0.5165945142507553,
  "torso_ratio": 1.304938617047729,
  "shoulder_prominence": 0.25244033336639404,
  "hip_prominence": 0.16944266110658646
}