{
  "shoulder_hip_ratio": 1.6795989000213616,
  "waist_position": 0.49969664216041565,
  "torso_ratio": 1.2220786887174573,
  "shoulder_prominence": 0.08976311609148979,
  "hip_prominence": 0.0343849528580904
}