{
  "shoulder_hip_ratio": 1.6921783534609012,
  "waist_position": 0.4899337589740753,
  "torso_ratio": 1.3127798686493568,
  "shoulder_prominence": 0.02508610114455223,
  "hip_prominence": 0.05118005350232124
}