{
  "shoulder_hip_ratio": 1.6571953109015662,
  "waist_position": 0.44155459105968475,
  "torso_ratio": 1.2022357505692822,
  "shoulder_prominence": 0.026158318854868412,
  "hip_prominence": 0.01564443437382579
}