{
  "shoulder_hip_ratio": 1.8346083223853364,
  "waist_position": 0.47347135841846466,
  "torso_ratio": 1.1404526624698725,
  "shoulder_prominence": 0.0623612254858017,
  "hip_prominence": 0.042353538796305656
}