{
  "shoulder_hip_ratio": 1.7323639263796844,
  "waist_position": 0.540230393409729,
  "torso_ratio": 1.1863947863295874,
  "shoulder_prominence": 0.08459334447979927,
  "hip_prominence": 0.06861677393317223
}