{
  "shoulder_hip_ratio": 1.7284600793812377,
  "waist_position": 0.49952951073646545,
  "torso_ratio": 1.277445965544867,
  "shoulder_prominence": 0.08035631477832794,
  "hip_prominence": 0.04318465664982796
}