{
  "shoulder_hip_ratio": 1.6945969063725732,
  "waist_position": 0.4868907034397125,
  "torso_ratio": 1.10870716955392,
  "shoulder_prominence": 0.025946989422664046,
  "hip_prominence": 0.031833178363740444
}