{
  "shoulder_hip_ratio": 1.7118550772599455,
  "waist_position": 0.4555702805519104,
  "torso_ratio": 1.0950589242882225,
  "shoulder_prominence": 0.010202787816524506,
  "hip_prominence": 0.0007184009882621467
}