{
  "shoulder_hip_ratio": 1.6979845212298064,
  "waist_position": 0.4679703414440155,
  "torso_ratio": 1.273082286699247,
  "shoulder_prominence": 0.2912277951836586,
  "hip_prominence": 0.2143888920545578
}