{
  "shoulder_hip_ratio": 1.6941279078535416,
  "waist_position": 0.46941444277763367,
  "torso_ratio": 1.2054880951247076,
  "shoulder_prominence": 0.19026077538728714,
  "hip_prominence": 0.15441149473190308
}