{
  "shoulder_hip_ratio": 1.6063268493588465,
  "waist_position": 0.515126645565033,
  "torso_ratio": 1.301878078049642,
  "shoulder_prominence": 0.07809042185544968,
  "hip_prominence": 0.021719543263316154
}