{
  "shoulder_hip_ratio": 1.7518558579963983,
  "waist_position": 0.48499350249767303,
  "torso_ratio": 1.132205678127304,
  "shoulder_prominence": 0.12824157252907753,
  "hip_prominence": 0.04026533663272858
}