{
  "shoulder_hip_ratio": 1.613307274240198,
  "waist_position": 0.49574539065361023,
  "torso_ratio": 1.17860361339966,
  "shoulder_prominence": 0.20201259851455688,
  "hip_prominence": 0.10655848309397697
}