{
  "shoulder_hip_ratio": 1.784056450345183,
  "waist_position": 0.4988929480314255,
  "torso_ratio": 1.211999294105811,
  "shoulder_prominence": 0.20469156140461564,
  "hip_prominence": 0.11394917592406273
}