{
  "shoulder_hip_ratio": 1.7322785689274138,
  "waist_position": 0.45584750175476074,
  "torso_ratio": 1.0865401089383797,
  "shoulder_prominence": 0.009264837950468063,
  "hip_prominence": 0.0027542426250874996
}