{
  "shoulder_hip_ratio": 1.8874843098248772,
  "waist_position": 0.4986753612756729,
  "torso_ratio": 1.1544206897039098,
  "shoulder_prominence": 0.15882517956197262,
  "hip_prominence": 0.0813167430460453
}