{
  "shoulder_hip_ratio": 1.4827741946852404,
  "waist_position": 0.45716844499111176,
  "torso_ratio": 1.264948271748097,
  "shoulder_prominence": 0.13976166769862175,
  "hip_prominence": 0.07667599990963936
}