{
  "shoulder_hip_ratio": 1.7194185990850919,
  "waist_position": 0.5630859732627869,
  "torso_ratio": 1.2226875422421812,
  "shoulder_prominence": 0.11513044685125351,
  "hip_prominence": 0.017889663577079773
}