{
  "shoulder_hip_ratio": 1.6685241760604377,
  "waist_position": 0.5055885314941406,
  "torso_ratio": 1.1224377168033401,
  "shoulder_prominence": 2.8682872653007507e-05,
  "hip_prominence": 0.004773133900016546
}