{
  "shoulder_hip_ratio": 1.841725982913774,
  "waist_position": 0.4983433187007904,
  "torso_ratio": 1.1907271542531568,
  "shoulder_prominence": 0.17294401675462723,
  "hip_prominence": 0.08947675675153732
}