{
  "shoulder_hip_ratio": 1.7755083830945855,
  "waist_position": 0.5097010433673859,
  "torso_ratio": 1.1265408318708492,
  "shoulder_prominence": 0.09397814702242613,
  "hip_prominence": 0.07946044579148293
}