{
  "shoulder_hip_ratio": 1.628048852800927,
  "waist_position": 0.46031519770622253,
  "torso_ratio": 1.16385303556431,
  "shoulder_prominence": 0.16441270732320845,
  "hip_prominence": 0.06989480182528496
}