{
  "shoulder_hip_ratio": 1.5887534278480433,
  "waist_position": 0.4931991994380951,
  "torso_ratio": 1.3323788063204178,
  "shoulder_prominence": 0.045912645757198334,
  "hip_prominence": 0.0035279643489047885
}