{
  "shoulder_hip_ratio": 1.75717392333375,
  "waist_position": 0.48895296454429626,
  "torso_ratio": 1.2202934115324808,
  "shoulder_prominence": 0.10244925785809755,
  "hip_prominence": 0.07288632541894913
}