{
  "shoulder_hip_ratio": 1.8598382222929017,
  "waist_position": 0.5391606688499451,
  "torso_ratio": 1.1517187792948662,
  "shoulder_prominence": 0.09666074812412262,
  "hip_prominence": 0.04868962988257408
}