{
  "shoulder_hip_ratio": 1.8332631270781254,
  "waist_position": 0.5544405281543732,
  "torso_ratio": 1.1881751352882677,
  "shoulder_prominence": 0.11345291620818898,
  "hip_prominence": 0.06867677345871925
}