{
  "shoulder_hip_ratio": 1.8543869928544239,
  "waist_position": 0.4936009347438812,
  "torso_ratio": 1.2049655801670103,
  "shoulder_prominence": 0.08514476846903563,
  "hip_prominence": 0.03588692471385002
}