{
  "shoulder_hip_ratio": 1.7832651489437712,
  "waist_position": 0.42958277463912964,
  "torso_ratio": 1.2515523636822297,
  "shoulder_prominence": 0.02333437092602253,
  "hip_prominence": 0.0006013000838720473
}