{
  "shoulder_hip_ratio": 1.594614951880704,
  "waist_position": 0.46366241574287415,
  "torso_ratio": 1.2239589734995764,
  "shoulder_prominence": 0.09425685554742813,
  "hip_prominence": 0.04713805392384529
}