{
  "shoulder_hip_ratio": 1.7104539600163733,
  "waist_position": 0.5280923545360565,
  "torso_ratio": 1.1607786296389715,
  "shoulder_prominence": 0.04826122522354126,
  "hip_prominence": 0.02175509463995695
}