{
  "shoulder_hip_ratio": 1.7593617460460595,
  "waist_position": 0.5175175070762634,
  "torso_ratio": 1.084915364952798,
  "shoulder_prominence": 0.08882354386150837,
  "hip_prominence": 0.03361235000193119
}