{
  "shoulder_hip_ratio": 1.6670195932252136,
  "waist_position": 0.4980738162994385,
  "torso_ratio": 1.2475743300925022,
  "shoulder_prominence": 0.05990801751613617,
  "hip_prominence": 0.012642374262213707
}