{
  "shoulder_hip_ratio": 1.7902996712047967,
  "waist_position": 0.4135901480913162,
  "torso_ratio": 1.2050644167698519,
  "shoulder_prominence": 0.014769699424505234,
  "hip_prominence": 0.02276643645018339
}