{
  "shoulder_hip_ratio": 1.866320223562673,
  "waist_position": 0.548991858959198,
  "torso_ratio": 1.431127106166953,
  "shoulder_prominence": 0.25078291818499565,
  "hip_prominence": 0.21542783081531525
}