{
  "shoulder_hip_ratio": 1.6841692557448882,
  "waist_position": 0.5045590698719025,
  "torso_ratio": 1.2167481146011183,
  "shoulder_prominence": 0.07047200202941895,
  "hip_prominence": 0.014558034483343363
}