{
  "shoulder_hip_ratio": 1.7608065848096626,
  "waist_position": 0.46094080805778503,
  "torso_ratio": 1.2376854564359954,
  "shoulder_prominence": 0.05006731301546097,
  "hip_prominence": 0.015645254869014025
}