{
  "shoulder_hip_ratio": 1.7294746181102365,
  "waist_position": 0.5092464685440063,
  "torso_ratio": 1.1296662560951851,
  "shoulder_prominence": 0.005439102649688721,
  "hip_prominence": 0.033435454592108727
}