{
  "shoulder_hip_ratio": 1.6585097423148858,
  "waist_position": 0.48090991377830505,
  "torso_ratio": 1.1635838788490267,
  "shoulder_prominence": 0.07774024270474911,
  "hip_prominence": 0.02691842895001173
}