{
  "shoulder_hip_ratio": 1.719013621110734,
  "waist_position": 0.4900214821100235,
  "torso_ratio": 1.132308126578152,
  "shoulder_prominence": 0.04795575141906738,
  "hip_prominence": 0.016327119432389736
}