{
  "shoulder_hip_ratio": 1.7251418013515312,
  "waist_position": 0.459388867020607,
  "torso_ratio": 1.211067550807592,
  "shoulder_prominence": 0.014123030006885529,
  "hip_prominence": 0.023192227818071842
}