{
  "shoulder_hip_ratio": 1.7449584828566203,
  "waist_position": 0.516694501042366,
  "torso_ratio": 1.1159019842557485,
  "shoulder_prominence": 0.06313966272864491,
  "hip_prominence": 0.021651784889400005
}