{
  "shoulder_hip_ratio": 1.7434753432296144,
  "waist_position": 0.5032484084367752,
  "torso_ratio": 1.2126878085496315,
  "shoulder_prominence": 0.08677554130554199,
  "hip_prominence": 0.07248004525899887
}