{
  "shoulder_hip_ratio": 1.9973404609507088,
  "waist_position": 0.4906071722507477,
  "torso_ratio": 1.2333257307697207,
  "shoulder_prominence": 0.030655674636363983,
  "hip_prominence": 0.010152783710509539
}