{
  "shoulder_hip_ratio": 1.6883852842284983,
  "waist_position": 0.46346549689769745,
  "torso_ratio": 1.2559246699074917,
  "shoulder_prominence": 0.02073141187429428,
  "hip_prominence": 0.04975653812289238
}