{
  "shoulder_hip_ratio": 1.6605322137820253,
  "waist_position": 0.4882271885871887,
  "torso_ratio": 1.1669457705471074,
  "shoulder_prominence": 0.12617122381925583,
  "hip_prominence": 0.051217220723629
}