{
  "shoulder_hip_ratio": 1.6194757319166875,
  "waist_position": 0.5333533883094788,
  "torso_ratio": 1.1925263069585714,
  "shoulder_prominence": 0.03385281562805176,
  "hip_prominence": 0.031150545924901962
}