{
  "shoulder_hip_ratio": 1.8778162535472511,
  "waist_position": 0.45299825072288513,
  "torso_ratio": 1.1401904252273183,
  "shoulder_prominence": 0.029472997412085533,
  "hip_prominence": 0.029352393001317978
}