{
  "shoulder_hip_ratio": 1.7504768576847034,
  "waist_position": 0.5206144750118256,
  "torso_ratio": 1.162990611141093,
  "shoulder_prominence": 0.15006895549595356,
  "hip_prominence": 0.07897601649165154
}