{
  "shoulder_hip_ratio": 1.807161453612484,
  "waist_position": 0.5184934437274933,
  "torso_ratio": 1.111394143629523,
  "shoulder_prominence": 0.06952202320098877,
  "hip_prominence": 0.03967404179275036
}