{
  "shoulder_hip_ratio": 1.7200250479286445,
  "waist_position": 0.4792480021715164,
  "torso_ratio": 1.1525443089930998,
  "shoulder_prominence": 0.13297343626618385,
  "hip_prominence": 0.07216094061732292
}