{
  "shoulder_hip_ratio": 1.7783567067051733,
  "waist_position": 0.5247773379087448,
  "torso_ratio": 1.1825159176944915,
  "shoulder_prominence": 0.005862687947228551,
  "hip_prominence": 0.005053831497207284
}