{
  "shoulder_hip_ratio": 1.8723239098942162,
  "waist_position": 0.514588788151741,
  "torso_ratio": 1.198212425533805,
  "shoulder_prominence": 0.1179906353354454,
  "hip_prominence": 0.07625370845198631
}