{
  "shoulder_hip_ratio": 1.7824680425729889,
  "waist_position": 0.4478795677423477,
  "torso_ratio": 1.161606157960751,
  "shoulder_prominence": 0.025596383959054947,
  "hip_prominence": 0.03369947709143162
}