{
  "shoulder_hip_ratio": 1.7977429564751006,
  "waist_position": 0.5034556984901428,
  "torso_ratio": 1.3202721964180488,
  "shoulder_prominence": 0.022471211850643158,
  "hip_prominence": 0.01612130692228675
}