{
  "shoulder_hip_ratio": 1.7660846368709477,
  "waist_position": 0.5132579654455185,
  "torso_ratio": 1.2344996382420361,
  "shoulder_prominence": 0.052021220326423645,
  "hip_prominence": 0.0598094891756773
}