{
  "shoulder_hip_ratio": 1.8300220467997863,
  "waist_position": 0.5281577408313751,
  "torso_ratio": 1.0459260515371973,
  "shoulder_prominence": 0.06988424062728882,
  "hip_prominence": 0.051444726064801216
}