{
  "shoulder_hip_ratio": 1.4922386294803782,
  "waist_position": 0.5208011865615845,
  "torso_ratio": 1.3568626034163387,
  "shoulder_prominence": 0.28713642060756683,
  "hip_prominence": 0.23486650735139847
}