{
  "shoulder_hip_ratio": 1.6157404394660548,
  "waist_position": 0.4718829095363617,
  "torso_ratio": 1.2335745800004776,
  "shoulder_prominence": 0.08742506802082062,
  "hip_prominence": 0.04286440648138523
}