{
  "shoulder_hip_ratio": 1.6649145507807221,
  "waist_position": 0.4886937290430069,
  "torso_ratio": 1.5090674440322103,
  "shoulder_prominence": 0.24700258299708366,
  "hip_prominence": 0.18185551464557648
}