{
  "shoulder_hip_ratio": 1.8163642815971788,
  "waist_position": 0.5270288586616516,
  "torso_ratio": 1.1972296390656665,
  "shoulder_prominence": 0.06699910014867783,
  "hip_prominence": 0.018208671361207962
}