{
  "shoulder_hip_ratio": 1.7693557669745041,
  "waist_position": 0.46045857667922974,
  "torso_ratio": 1.2366329154684272,
  "shoulder_prominence": 0.054183878004550934,
  "hip_prominence": 0.016012741718441248
}