{
  "shoulder_hip_ratio": 1.7932123553129358,
  "waist_position": 0.49836136400699615,
  "torso_ratio": 1.2331470853948663,
  "shoulder_prominence": 0.05587456561625004,
  "hip_prominence": 0.006518542533740401
}