{
  "shoulder_hip_ratio": 1.702434307517852,
  "waist_position": 0.4933284521102905,
  "torso_ratio": 1.3009605812135516,
  "shoulder_prominence": 0.21034512296319008,
  "hip_prominence": 0.14717905968427658
}