{
  "shoulder_hip_ratio": 1.6908279436527895,
  "waist_position": 0.46951159834861755,
  "torso_ratio": 1.2714430297438557,
  "shoulder_prominence": 0.34962232783436775,
  "hip_prominence": 0.25180886685848236
}