{
  "shoulder_hip_ratio": 1.6860677530193917,
  "waist_position": 0.5340655148029327,
  "torso_ratio": 1.1345981396028613,
  "shoulder_prominence": 0.05044060945510864,
  "hip_prominence": 0.02767467312514782
}