{
  "shoulder_hip_ratio": 1.860024714656845,
  "waist_position": 0.5395019054412842,
  "torso_ratio": 1.1784441214147106,
  "shoulder_prominence": 0.12438538670539856,
  "hip_prominence": 0.06256110221147537
}