{
  "shoulder_hip_ratio": 1.8029363645473724,
  "waist_position": 0.4892852157354355,
  "torso_ratio": 1.129286653240324,
  "shoulder_prominence": 0.06791245937347412,
  "hip_prominence": 0.07577106356620789
}