{
  "shoulder_hip_ratio": 1.8021054582696907,
  "waist_position": 0.47725796699523926,
  "torso_ratio": 1.1392729964344006,
  "shoulder_prominence": 0.019341533537954092,
  "hip_prominence": 0.033230045810341835
}