{
  "shoulder_hip_ratio": 1.741404501700172,
  "waist_position": 0.44349339604377747,
  "torso_ratio": 1.4790832464990122,
  "shoulder_prominence": 0.24804984219372272,
  "hip_prominence": 0.19884821772575378
}