{
  "shoulder_hip_ratio": 1.6740948301397045,
  "waist_position": 0.5312979519367218,
  "torso_ratio": 1.197152558306852,
  "shoulder_prominence": 0.1831415370106697,
  "hip_prominence": 0.13114991784095764
}