{
  "shoulder_hip_ratio": 1.889002366731436,
  "waist_position": 0.44873960316181183,
  "torso_ratio": 1.348953025797024,
  "shoulder_prominence": 0.27024465054273605,
  "hip_prominence": 0.1258077323436737
}