{
  "shoulder_hip_ratio": 1.7942941641731438,
  "waist_position": 0.4977792352437973,
  "torso_ratio": 1.241448315991504,
  "shoulder_prominence": 0.15992000978440046,
  "hip_prominence": 0.12087024748325348
}