{
  "shoulder_hip_ratio": 1.7777781299902038,
  "waist_position": 0.5033621490001678,
  "torso_ratio": 1.1174180275100558,
  "shoulder_prominence": 0.04961253656074405,
  "hip_prominence": 0.024095402099192142
}