{
  "shoulder_hip_ratio": 1.6195909323272537,
  "waist_position": 0.5182156562805176,
  "torso_ratio": 1.2735948245544426,
  "shoulder_prominence": 0.10556220449507236,
  "hip_prominence": 0.059178926050662994
}