{
  "shoulder_hip_ratio": 1.695776718237798,
  "waist_position": 0.5149734020233154,
  "torso_ratio": 1.2497568747053782,
  "shoulder_prominence": 0.05400976166129112,
  "hip_prominence": 0.042680973187088966
}