{
  "shoulder_hip_ratio": 1.893159870088439,
  "waist_position": 0.4780668318271637,
  "torso_ratio": 1.084918912696185,
  "shoulder_prominence": 0.028700679540634155,
  "hip_prominence": 0.0036699521588161588
}