{
  "shoulder_hip_ratio": 1.8105189638388792,
  "waist_position": 0.49364955723285675,
  "torso_ratio": 1.0974080342062396,
  "shoulder_prominence": 0.1469016605988145,
  "hip_prominence": 0.07227866351604462
}