{
  "shoulder_hip_ratio": 1.67844020267233,
  "waist_position": 0.5266901254653931,
  "torso_ratio": 1.3365986309153797,
  "shoulder_prominence": 0.13992445170879364,
  "hip_prominence": 0.029543280601501465
}