{
  "shoulder_hip_ratio": 1.8862646237594924,
  "waist_position": 0.49496352672576904,
  "torso_ratio": 1.1893801386192113,
  "shoulder_prominence": 0.08049114048480988,
  "hip_prominence": 0.0676889680325985
}