{
  "shoulder_hip_ratio": 1.657485598332095,
  "waist_position": 0.5353484153747559,
  "torso_ratio": 1.1953196515337454,
  "shoulder_prominence": 0.0033819940872490406,
  "hip_prominence": 0.014467623084783554
}