{
  "shoulder_hip_ratio": 1.8986448506672409,
  "waist_position": 0.5034231543540955,
  "torso_ratio": 1.1568378636572838,
  "shoulder_prominence": 0.023756369948387146,
  "hip_prominence": 0.034004032611846924
}