{
  "shoulder_hip_ratio": 1.8659338279715263,
  "waist_position": 0.49511340260505676,
  "torso_ratio": 1.2369183198058942,
  "shoulder_prominence": 0.004912257194519043,
  "hip_prominence": 0.015407141763716936
}