{
  "shoulder_hip_ratio": 1.7753346159506955,
  "waist_position": 0.4931964725255966,
  "torso_ratio": 1.2226588174280633,
  "shoulder_prominence": 0.04288573935627937,
  "hip_prominence": 0.022334663197398186
}