{
  "shoulder_hip_ratio": 1.767091623240107,
  "waist_position": 0.5031535625457764,
  "torso_ratio": 1.1214402328088098,
  "shoulder_prominence": 0.050998901249840856,
  "hip_prominence": 0.02738348487764597
}