{
  "shoulder_hip_ratio": 1.7158467179624146,
  "waist_position": 0.5134724527597427,
  "torso_ratio": 1.2023740081614858,
  "shoulder_prominence": 0.05899932549800724,
  "hip_prominence": 0.019672653637826443
}