{
  "shoulder_hip_ratio": 1.6457222230611634,
  "waist_position": 0.4556874483823776,
  "torso_ratio": 1.1322296506716043,
  "shoulder_prominence": 0.0015200786292552948,
  "hip_prominence": 0.011264291126281023
}