{
  "shoulder_hip_ratio": 1.7634158168670417,
  "waist_position": 0.49566879868507385,
  "torso_ratio": 1.2777648103532675,
  "shoulder_prominence": 0.040589213371276855,
  "hip_prominence": 0.036017393693327904
}