{
  "shoulder_hip_ratio": 1.900355239298448,
  "waist_position": 0.5151114016771317,
  "torso_ratio": 1.1837790871682763,
  "shoulder_prominence": 0.018578380346298218,
  "hip_prominence": 0.022461719810962677
}