{
  "shoulder_hip_ratio": 1.601404385672746,
  "waist_position": 0.5117028951644897,
  "torso_ratio": 1.396710108672888,
  "shoulder_prominence": 0.2054118737578392,
  "hip_prominence": 0.13415857404470444
}