{
  "shoulder_hip_ratio": 1.7468900201938973,
  "waist_position": 0.44065551459789276,
  "torso_ratio": 1.1540154281788768,
  "shoulder_prominence": 0.05639008805155754,
  "hip_prominence": 0.06587889418005943
}