{
  "shoulder_hip_ratio": 1.8388311762426444,
  "waist_position": 0.5182441771030426,
  "torso_ratio": 1.0995455387474187,
  "shoulder_prominence": 0.22023804858326912,
  "hip_prominence": 0.1340658813714981
}