{
  "shoulder_hip_ratio": 1.8473354527856403,
  "waist_position": 0.48130983114242554,
  "torso_ratio": 1.1829239693330187,
  "shoulder_prominence": 0.007914617657661438,
  "hip_prominence": 0.022495437413454056
}