{
  "shoulder_hip_ratio": 1.7641836574164718,
  "waist_position": 0.4957805275917053,
  "torso_ratio": 1.276137226593819,
  "shoulder_prominence": 0.03731592185795307,
  "hip_prominence": 0.036504633724689484
}