{
  "shoulder_hip_ratio": 1.848536083692551,
  "waist_position": 0.500480443239212,
  "torso_ratio": 1.1534406381846252,
  "shoulder_prominence": 0.04572427272796631,
  "hip_prominence": 0.048372676596045494
}