{
  "shoulder_hip_ratio": 1.6999233226212707,
  "waist_position": 0.47555240988731384,
  "torso_ratio": 1.1978786032451627,
  "shoulder_prominence": 0.09047219157218933,
  "hip_prominence": 0.06288854219019413
}