{
  "shoulder_hip_ratio": 1.6337538162503868,
  "waist_position": 0.4441521465778351,
  "torso_ratio": 1.1951566256687127,
  "shoulder_prominence": 0.002607247792184353,
  "hip_prominence": 0.005118424771353602
}