{
  "shoulder_hip_ratio": 1.7510594223326554,
  "waist_position": 0.4907700717449188,
  "torso_ratio": 1.1043618988620743,
  "shoulder_prominence": 0.06314929202198982,
  "hip_prominence": 0.02050517313182354
}