{
  "shoulder_hip_ratio": 1.7805806240449689,
  "waist_position": 0.514100968837738,
  "torso_ratio": 1.1949295430539708,
  "shoulder_prominence": 0.02808016538619995,
  "hip_prominence": 0.036995163187384605
}