{
  "shoulder_hip_ratio": 1.7372758034908844,
  "waist_position": 0.5162757039070129,
  "torso_ratio": 1.0894907575838846,
  "shoulder_prominence": 0.05294610373675823,
  "hip_prominence": 0.024785333313047886
}