{
  "shoulder_hip_ratio": 2.004676453901308,
  "waist_position": 0.4642668068408966,
  "torso_ratio": 1.299719674602665,
  "shoulder_prominence": 0.010325614362955093,
  "hip_prominence": 0.031998515129089355
}