{
  "shoulder_hip_ratio": 1.6367962589438843,
  "waist_position": 0.4437985122203827,
  "torso_ratio": 1.1894218857848071,
  "shoulder_prominence": 0.0002736765891313553,
  "hip_prominence": 0.0006694318799418397
}