{
  "shoulder_hip_ratio": 1.8246856337764712,
  "waist_position": 0.4954308867454529,
  "torso_ratio": 1.0674552844578296,
  "shoulder_prominence": 0.07169343158602715,
  "hip_prominence": 0.032555678859353065
}