{
  "shoulder_hip_ratio": 1.700749210666869,
  "waist_position": 0.46536286175251007,
  "torso_ratio": 1.2453832262029978,
  "shoulder_prominence": 0.04357519745826721,
  "hip_prominence": 0.05366929806768894
}