{
  "shoulder_hip_ratio": 1.8133907474607276,
  "waist_position": 0.49987056851387024,
  "torso_ratio": 1.0820596793948556,
  "shoulder_prominence": 0.012544519733637571,
  "hip_prominence": 0.02205011621117592
}