{
  "shoulder_hip_ratio": 1.6963909365345853,
  "waist_position": 0.5012610554695129,
  "torso_ratio": 1.1817983201703808,
  "shoulder_prominence": 0.0008708983659744263,
  "hip_prominence": 0.00734667107462883
}