{
  "shoulder_hip_ratio": 1.6855871857391915,
  "waist_position": 0.4836353361606598,
  "torso_ratio": 1.0822381938111225,
  "shoulder_prominence": 0.05277950130403042,
  "hip_prominence": 0.019227106124162674
}