{
  "shoulder_hip_ratio": 1.630306871545174,
  "waist_position": 0.4979296326637268,
  "torso_ratio": 1.15444882069798,
  "shoulder_prominence": 0.09417980723083019,
  "hip_prominence": 0.04873558506369591
}