{
  "shoulder_hip_ratio": 1.8493230253693613,
  "waist_position": 0.48753292858600616,
  "torso_ratio": 1.0802112493567297,
  "shoulder_prominence": 0.011074036359786987,
  "hip_prominence": 0.004233294865116477
}