{
  "shoulder_hip_ratio": 1.836171937784525,
  "waist_position": 0.5033570528030396,
  "torso_ratio": 1.1486501797086135,
  "shoulder_prominence": 0.036686187610030174,
  "hip_prominence": 0.0058816049713641405
}