{
  "shoulder_hip_ratio": 1.8495600261208065,
  "waist_position": 0.4874320924282074,
  "torso_ratio": 1.179554008717966,
  "shoulder_prominence": 0.10082147270441055,
  "hip_prominence": 0.07128427177667618
}