{
  "shoulder_hip_ratio": 1.8936674728842031,
  "waist_position": 0.5136798620223999,
  "torso_ratio": 1.3963313272511688,
  "shoulder_prominence": 0.17184779047966003,
  "hip_prominence": 0.09623466804623604
}