{
  "shoulder_hip_ratio": 1.7945786676372963,
  "waist_position": 0.518319845199585,
  "torso_ratio": 1.1290896843422793,
  "shoulder_prominence": 0.06983408331871033,
  "hip_prominence": 0.03839701972901821
}