{
  "shoulder_hip_ratio": 1.5568838016582423,
  "waist_position": 0.5183906555175781,
  "torso_ratio": 1.306684237868127,
  "shoulder_prominence": 0.06727121770381927,
  "hip_prominence": 0.05355462059378624
}