{
  "shoulder_hip_ratio": 1.6737753818987993,
  "waist_position": 0.5258949398994446,
  "torso_ratio": 1.2016710806558735,
  "shoulder_prominence": 0.08514280617237091,
  "hip_prominence": 0.03699513338506222
}