{
  "shoulder_hip_ratio": 1.7451524241887888,
  "waist_position": 0.45037470757961273,
  "torso_ratio": 1.2071111716888925,
  "shoulder_prominence": 0.011381825432181358,
  "hip_prominence": 0.003602038021199405
}