{
  "shoulder_hip_ratio": 1.7067532409846344,
  "waist_position": 0.5281568765640259,
  "torso_ratio": 1.3030567586080033,
  "shoulder_prominence": 0.054080601781606674,
  "hip_prominence": 0.0337356049567461
}