{
  "shoulder_hip_ratio": 1.8537520731208916,
  "waist_position": 0.5076063573360443,
  "torso_ratio": 1.2524050669055942,
  "shoulder_prominence": 0.06265507265925407,
  "hip_prominence": 0.017697454430162907
}