{
  "shoulder_hip_ratio": 1.9063259221258628,
  "waist_position": 0.4872206598520279,
  "torso_ratio": 1.283289252972974,
  "shoulder_prominence": 0.04110615327954292,
  "hip_prominence": 0.04164103604853153
}