{
  "shoulder_hip_ratio": 1.7539032839207214,
  "waist_position": 0.49646879732608795,
  "torso_ratio": 1.138384458097026,
  "shoulder_prominence": 0.11844074563123286,
  "hip_prominence": 0.04266739636659622
}