{
  "shoulder_hip_ratio": 1.7958820135225637,
  "waist_position": 0.5362569093704224,
  "torso_ratio": 1.0585683643799562,
  "shoulder_prominence": 0.12658578157424927,
  "hip_prominence": 0.08014477044343948
}