{
  "shoulder_hip_ratio": 1.7983537685657995,
  "waist_position": 0.4820268601179123,
  "torso_ratio": 1.2510670498513512,
  "shoulder_prominence": 0.08546984568238258,
  "hip_prominence": 0.053842004388570786
}