{
  "shoulder_hip_ratio": 1.7125422334583182,
  "waist_position": 0.5197671949863434,
  "torso_ratio": 1.2030298597415963,
  "shoulder_prominence": 0.029312068014405668,
  "hip_prominence": 0.0067567972000688314
}