{
  "shoulder_hip_ratio": 1.780185959097669,
  "waist_position": 0.5108043849468231,
  "torso_ratio": 1.0542184478101204,
  "shoulder_prominence": 0.07066219672560692,
  "hip_prominence": 0.038855934515595436
}