{
  "shoulder_hip_ratio": 1.830827225243094,
  "waist_position": 0.4967140704393387,
  "torso_ratio": 1.0747605259054882,
  "shoulder_prominence": 0.04140857607126236,
  "hip_prominence": 0.024769648909568787
}