{
  "shoulder_hip_ratio": 1.909687222322466,
  "waist_position": 0.519190639257431,
  "torso_ratio": 1.1653189133345687,
  "shoulder_prominence": 0.04885372519493103,
  "hip_prominence": 0.03722101263701916
}