{
  "shoulder_hip_ratio": 1.845781250869574,
  "waist_position": 0.5420933365821838,
  "torso_ratio": 1.1886338015560762,
  "shoulder_prominence": 0.08959900215268135,
  "hip_prominence": 0.006991248112171888
}