{
  "shoulder_hip_ratio": 1.7147727412127682,
  "waist_position": 0.5036586225032806,
  "torso_ratio": 1.188693521698035,
  "shoulder_prominence": 0.023748159408569336,
  "hip_prominence": 0.012406457681208849
}