{
  "shoulder_hip_ratio": 1.7333856984843319,
  "waist_position": 0.5651019215583801,
  "torso_ratio": 1.0370675663888596,
  "shoulder_prominence": 0.10060030221939087,
  "hip_prominence": 0.049920909106731415
}