{
  "shoulder_hip_ratio": 1.7413281960292684,
  "waist_position": 0.47967329621315,
  "torso_ratio": 1.1290480448609514,
  "shoulder_prominence": 0.1087719276547432,
  "hip_prominence": 0.08463338762521744
}