{
  "shoulder_hip_ratio": 1.8265375069516598,
  "waist_position": 0.4979705363512039,
  "torso_ratio": 1.2445601043735417,
  "shoulder_prominence": 0.05698526557534933,
  "hip_prominence": 0.09294581040740013
}