{
  "shoulder_hip_ratio": 1.6498680698858195,
  "waist_position": 0.4902087450027466,
  "torso_ratio": 1.228185893151158,
  "shoulder_prominence": 0.0003099832683801651,
  "hip_prominence": 0.014821026008576155
}