{
  "shoulder_hip_ratio": 1.9385365731354123,
  "waist_position": 0.5359362661838531,
  "torso_ratio": 1.3104561102161776,
  "shoulder_prominence": 0.04713926278054714,
  "hip_prominence": 0.0030868080211803317
}