{
  "shoulder_hip_ratio": 1.5036473892531608,
  "waist_position": 0.5023012161254883,
  "torso_ratio": 1.2665644133389304,
  "shoulder_prominence": 0.010742761194705963,
  "hip_prominence": 0.014947881922125816
}