{
  "shoulder_hip_ratio": 1.6481211910668894,
  "waist_position": 0.4899381101131439,
  "torso_ratio": 1.5158682802946701,
  "shoulder_prominence": 0.24642973206937313,
  "hip_prominence": 0.1753055825829506
}