{
  "shoulder_hip_ratio": 1.6658275781783058,
  "waist_position": 0.4890327751636505,
  "torso_ratio": 1.3131369815642981,
  "shoulder_prominence": 0.15243524499237537,
  "hip_prominence": 0.12633419781923294
}