{
  "shoulder_hip_ratio": 1.7131649746647744,
  "waist_position": 0.5020704865455627,
  "torso_ratio": 1.1881994400226992,
  "shoulder_prominence": 0.01204681396484375,
  "hip_prominence": 0.019632622599601746
}