{
  "shoulder_hip_ratio": 1.7950875475380055,
  "waist_position": 0.4783061444759369,
  "torso_ratio": 1.144714889251739,
  "shoulder_prominence": 0.01727696298621595,
  "hip_prominence": 0.029033944942057133
}