{
  "shoulder_hip_ratio": 1.705316071324511,
  "waist_position": 0.5233992636203766,
  "torso_ratio": 1.1506980885557292,
  "shoulder_prominence": 0.003895299043506384,
  "hip_prominence": 0.007662588730454445
}