{
  "shoulder_hip_ratio": 1.7434282239532386,
  "waist_position": 0.47520244121551514,
  "torso_ratio": 1.1549455200748528,
  "shoulder_prominence": 0.01009320467710495,
  "hip_prominence": 0.00980849051848054
}