{
  "shoulder_hip_ratio": 1.8183607751469202,
  "waist_position": 0.45316949486732483,
  "torso_ratio": 1.2043990828473463,
  "shoulder_prominence": 0.08636928535997868,
  "hip_prominence": 0.02057698369026184
}