{
  "shoulder_hip_ratio": 1.5814675251770802,
  "waist_position": 0.4857458919286728,
  "torso_ratio": 1.0950681089899987,
  "shoulder_prominence": 0.028098151087760925,
  "hip_prominence": 0.00595333194360137
}