{
  "shoulder_hip_ratio": 1.794118807192116,
  "waist_position": 0.4690030366182327,
  "torso_ratio": 1.2467863957068313,
  "shoulder_prominence": 0.0344037264585495,
  "hip_prominence": 0.03649007901549339
}