{
  "shoulder_hip_ratio": 1.6511345677001925,
  "waist_position": 0.4736219048500061,
  "torso_ratio": 1.305060970648004,
  "shoulder_prominence": 0.01234581507742405,
  "hip_prominence": 0.046942103654146194
}