{
  "shoulder_hip_ratio": 1.8179920997007697,
  "waist_position": 0.45113714039325714,
  "torso_ratio": 1.3180580563845559,
  "shoulder_prominence": 0.31208476424217224,
  "hip_prominence": 0.17184075713157654
}