{
  "shoulder_hip_ratio": 1.7117125797424075,
  "waist_position": 0.521791934967041,
  "torso_ratio": 1.3077190773517946,
  "shoulder_prominence": 0.007681181887164712,
  "hip_prominence": 0.01848577242344618
}