{
  "shoulder_hip_ratio": 1.6240633085946263,
  "waist_position": 0.44587212800979614,
  "torso_ratio": 1.2916909797840683,
  "shoulder_prominence": 0.03821374475955963,
  "hip_prominence": 0.038289666175842285
}