{
  "shoulder_hip_ratio": 1.870712132208464,
  "waist_position": 0.5105175822973251,
  "torso_ratio": 1.1908872842225242,
  "shoulder_prominence": 0.04285724088549614,
  "hip_prominence": 0.027768012136220932
}