{
  "shoulder_hip_ratio": 1.773215753356441,
  "waist_position": 0.4236828535795212,
  "torso_ratio": 1.3031529445709933,
  "shoulder_prominence": 0.1253679320216179,
  "hip_prominence": 0.05602032691240311
}