{
  "shoulder_hip_ratio": 1.659604872474212,
  "waist_position": 0.47305917739868164,
  "torso_ratio": 1.300900448326927,
  "shoulder_prominence": 0.11732499115169048,
  "hip_prominence": 0.0214070538058877
}