{
  "shoulder_hip_ratio": 1.8206459636617554,
  "waist_position": 0.5001150816679001,
  "torso_ratio": 1.1852834765506688,
  "shoulder_prominence": 0.01690077781677246,
  "hip_prominence": 0.004091402515769005
}