{
  "shoulder_hip_ratio": 1.8155110615528223,
  "waist_position": 0.5001515597105026,
  "torso_ratio": 1.0868968761239262,
  "shoulder_prominence": 0.05215242627309635,
  "hip_prominence": 0.027202611789107323
}