{
  "shoulder_hip_ratio": 1.6563704413184714,
  "waist_position": 0.4954196810722351,
  "torso_ratio": 1.1900726755916888,
  "shoulder_prominence": 0.05329006165266037,
  "hip_prominence": 0.023947784677147865
}