{
  "shoulder_hip_ratio": 1.837673191765114,
  "waist_position": 0.5601012110710144,
  "torso_ratio": 1.1120549907863508,
  "shoulder_prominence": 0.032491445541381836,
  "hip_prominence": 0.03472097031772137
}