{
  "shoulder_hip_ratio": 1.671613852118626,
  "waist_position": 0.5224185734987259,
  "torso_ratio": 1.1534878937634205,
  "shoulder_prominence": 0.11003491282463074,
  "hip_prominence": 0.07040286436676979
}