{
  "shoulder_hip_ratio": 1.6721515524695185,
  "waist_position": 0.42280304431915283,
  "torso_ratio": 1.138816062826674,
  "shoulder_prominence": 0.17147785052657127,
  "hip_prominence": 0.09975124150514603
}