{
  "shoulder_hip_ratio": 1.5670136505059626,
  "waist_position": 0.4843606799840927,
  "torso_ratio": 1.1423820475969966,
  "shoulder_prominence": 0.01599431037902832,
  "hip_prominence": 0.00221681414404884
}