{
  "shoulder_hip_ratio": 1.8873926480101744,
  "waist_position": 0.5432098954916,
  "torso_ratio": 1.081531402020602,
  "shoulder_prominence": 0.1672840416431427,
  "hip_prominence": 0.1062898300588131
}