{
  "shoulder_hip_ratio": 1.7671056540487668,
  "waist_position": 0.4507782459259033,
  "torso_ratio": 1.1480675876674797,
  "shoulder_prominence": 0.06428021937608719,
  "hip_prominence": 0.0031866319477558136
}