{
  "shoulder_hip_ratio": 1.8132525598208622,
  "waist_position": 0.491990327835083,
  "torso_ratio": 1.1472044327749902,
  "shoulder_prominence": 0.08110045082867146,
  "hip_prominence": 0.07582472637295723
}