{
  "shoulder_hip_ratio": 1.6432616772381263,
  "waist_position": 0.4625256508588791,
  "torso_ratio": 1.243901578462024,
  "shoulder_prominence": 0.0075919851660728455,
  "hip_prominence": 0.0007293037069757702
}