{
  "shoulder_hip_ratio": 1.6937261535700356,
  "waist_position": 0.46744196116924286,
  "torso_ratio": 1.2671955941025315,
  "shoulder_prominence": 0.2998683247715235,
  "hip_prominence": 0.22026287764310837
}