{
  "shoulder_hip_ratio": 1.7413958561679015,
  "waist_position": 0.5019745975732803,
  "torso_ratio": 1.2574528250316508,
  "shoulder_prominence": 0.03874692879617214,
  "hip_prominence": 0.015280381310731173
}