{
  "shoulder_hip_ratio": 1.627469886007555,
  "waist_position": 0.47431550920009613,
  "torso_ratio": 1.224724940427845,
  "shoulder_prominence": 0.12424120772629976,
  "hip_prominence": 0.03280521742999554
}