{
  "shoulder_hip_ratio": 1.7880039983398441,
  "waist_position": 0.4522847384214401,
  "torso_ratio": 1.178811599169566,
  "shoulder_prominence": 0.0443744882941246,
  "hip_prominence": 0.033418815582990646
}