{
  "shoulder_hip_ratio": 1.6129276546771096,
  "waist_position": 0.456680029630661,
  "torso_ratio": 1.173764711191627,
  "shoulder_prominence": 0.013281814754009247,
  "hip_prominence": 0.05193885415792465
}