{
  "shoulder_hip_ratio": 1.6138444794292839,
  "waist_position": 0.4715769588947296,
  "torso_ratio": 1.2318658634209294,
  "shoulder_prominence": 0.08546684682369232,
  "hip_prominence": 0.04027433507144451
}