{
  "shoulder_hip_ratio": 1.6901501795043916,
  "waist_position": 0.5086326152086258,
  "torso_ratio": 1.1817064764501786,
  "shoulder_prominence": 0.04778357781469822,
  "hip_prominence": 0.017654921859502792
}