{
  "shoulder_hip_ratio": 1.7489445765165903,
  "waist_position": 0.47546009719371796,
  "torso_ratio": 1.2442928655719896,
  "shoulder_prominence": 0.025844819843769073,
  "hip_prominence": 0.009355831425637007
}