{
  "shoulder_hip_ratio": 1.579437815154128,
  "waist_position": 0.42366454005241394,
  "torso_ratio": 1.2377536658593962,
  "shoulder_prominence": 0.03612969070672989,
  "hip_prominence": 0.001185743574751541
}