{
  "shoulder_hip_ratio": 1.7174999413227714,
  "waist_position": 0.48975174129009247,
  "torso_ratio": 1.1799898025171154,
  "shoulder_prominence": 0.05470930598676205,
  "hip_prominence": 0.025770267471671104
}