{
  "shoulder_hip_ratio": 1.851832593965949,
  "waist_position": 0.4542047828435898,
  "torso_ratio": 1.2548876307248162,
  "shoulder_prominence": 0.0502501018345356,
  "hip_prominence": 0.006954730488359928
}