{
  "shoulder_hip_ratio": 1.6952130617572077,
  "waist_position": 0.5047675371170044,
  "torso_ratio": 1.2628288345387564,
  "shoulder_prominence": 0.06471421214519069,
  "hip_prominence": 0.03042320441454649
}