{
  "shoulder_hip_ratio": 1.7557273814225685,
  "waist_position": 0.48680536448955536,
  "torso_ratio": 1.0905951718238651,
  "shoulder_prominence": 0.09935808926820755,
  "hip_prominence": 0.040067924186587334
}