{
  "shoulder_hip_ratio": 1.8606968351050643,
  "waist_position": 0.496785968542099,
  "torso_ratio": 1.1472245593003523,
  "shoulder_prominence": 0.07734653167426586,
  "hip_prominence": 0.054943397641181946
}