{
  "shoulder_hip_ratio": 1.705692036713031,
  "waist_position": 0.5096706449985504,
  "torso_ratio": 1.1171022648888447,
  "shoulder_prominence": 0.009417399764060974,
  "hip_prominence": 0.00311854702886194
}