{
  "shoulder_hip_ratio": 1.6830429634323958,
  "waist_position": 0.4601171612739563,
  "torso_ratio": 1.2526923123142935,
  "shoulder_prominence": 0.011344395577907562,
  "hip_prominence": 0.0378993134945631
}