{
  "shoulder_hip_ratio": 1.7252746237918382,
  "waist_position": 0.48893286287784576,
  "torso_ratio": 1.137041513725416,
  "shoulder_prominence": 0.0538506954908371,
  "hip_prominence": 0.02133211400359869
}