{
  "shoulder_hip_ratio": 1.6585884925292167,
  "waist_position": 0.5034702271223068,
  "torso_ratio": 1.254721392426227,
  "shoulder_prominence": 0.0155210942029953,
  "hip_prominence": 0.005775371799245477
}