{
  "shoulder_hip_ratio": 1.7078426373762363,
  "waist_position": 0.4280117303133011,
  "torso_ratio": 1.2547149627448366,
  "shoulder_prominence": 0.0039784349501132965,
  "hip_prominence": 0.012022253591567278
}