{
  "shoulder_hip_ratio": 1.7861979591881185,
  "waist_position": 0.5109037756919861,
  "torso_ratio": 1.0517448678592378,
  "shoulder_prominence": 0.03297210857272148,
  "hip_prominence": 0.013111334759742022
}