{
  "shoulder_hip_ratio": 1.6372294620854437,
  "waist_position": 0.49337761104106903,
  "torso_ratio": 1.312583847120173,
  "shoulder_prominence": 0.14789226278662682,
  "hip_prominence": 0.11152802780270576
}