{
  "shoulder_hip_ratio": 1.8041700525584652,
  "waist_position": 0.49553707242012024,
  "torso_ratio": 1.1702666715171908,
  "shoulder_prominence": 0.042850165627896786,
  "hip_prominence": 0.012928780168294907
}