{
  "shoulder_hip_ratio": 1.8049305318857118,
  "waist_position": 0.4903864860534668,
  "torso_ratio": 1.1404110587031204,
  "shoulder_prominence": 0.08476119488477707,
  "hip_prominence": 0.07695699110627174
}