{
  "shoulder_hip_ratio": 1.6862022313614642,
  "waist_position": 0.5272005498409271,
  "torso_ratio": 1.1532538872548013,
  "shoulder_prominence": 0.09163261204957962,
  "hip_prominence": 0.034687213599681854
}