{
  "shoulder_hip_ratio": 1.7155110927067192,
  "waist_position": 0.47275538742542267,
  "torso_ratio": 1.1529449606324196,
  "shoulder_prominence": 0.012833149638026953,
  "hip_prominence": 0.006076923804357648
}