{
  "shoulder_hip_ratio": 1.6270356242552522,
  "waist_position": 0.46521517634391785,
  "torso_ratio": 1.4293854933146033,
  "shoulder_prominence": 0.054282527416944504,
  "hip_prominence": 0.019795252941548824
}