{
  "shoulder_hip_ratio": 1.8004374498867877,
  "waist_position": 0.5427824556827545,
  "torso_ratio": 1.0486240809718126,
  "shoulder_prominence": 0.10463673993945122,
  "hip_prominence": 0.08869092538952827
}