{
  "shoulder_hip_ratio": 1.7763810150181787,
  "waist_position": 0.49709025025367737,
  "torso_ratio": 1.161607451452304,
  "shoulder_prominence": 0.14461193978786469,
  "hip_prominence": 0.09728275239467621
}