{
  "shoulder_hip_ratio": 1.6324015135841974,
  "waist_position": 0.4931275397539139,
  "torso_ratio": 1.2525429829740842,
  "shoulder_prominence": 0.17067479342222214,
  "hip_prominence": 0.08255455642938614
}