{
  "shoulder_hip_ratio": 1.8284941323831139,
  "waist_position": 0.47388502955436707,
  "torso_ratio": 1.257969425349798,
  "shoulder_prominence": 0.029999200254678726,
  "hip_prominence": 0.03202156163752079
}