{
  "shoulder_hip_ratio": 1.8782590669528154,
  "waist_position": 0.5171397030353546,
  "torso_ratio": 1.2132025414778171,
  "shoulder_prominence": 0.1436527892947197,
  "hip_prominence": 0.09507228434085846
}