{
  "shoulder_hip_ratio": 1.6372631266372708,
  "waist_position": 0.4930340051651001,
  "torso_ratio": 1.222994977928943,
  "shoulder_prominence": 0.0688188225030899,
  "hip_prominence": 0.03396995738148689
}