{
  "shoulder_hip_ratio": 1.7691964630394093,
  "waist_position": 0.5101487934589386,
  "torso_ratio": 1.1249401389698606,
  "shoulder_prominence": 0.10370155423879623,
  "hip_prominence": 0.08217797428369522
}