{
  "shoulder_hip_ratio": 1.6715127638774323,
  "waist_position": 0.4245433956384659,
  "torso_ratio": 1.1440171751396055,
  "shoulder_prominence": 0.16366705670952797,
  "hip_prominence": 0.09159905835986137
}