{
  "shoulder_hip_ratio": 1.636292292718373,
  "waist_position": 0.43581724166870117,
  "torso_ratio": 1.3110076788378031,
  "shoulder_prominence": 0.008411932736635208,
  "hip_prominence": 0.01107279397547245
}