{
  "shoulder_hip_ratio": 1.6681295252859223,
  "waist_position": 0.49143852293491364,
  "torso_ratio": 1.1964281272733956,
  "shoulder_prominence": 0.16285424679517746,
  "hip_prominence": 0.12789785116910934
}