{
  "shoulder_hip_ratio": 1.7950087651923967,
  "waist_position": 0.45594067871570587,
  "torso_ratio": 1.2400914267846928,
  "shoulder_prominence": 0.07958870194852352,
  "hip_prominence": 0.013968673534691334
}