{
  "shoulder_hip_ratio": 1.7080524340725816,
  "waist_position": 0.5494236052036285,
  "torso_ratio": 1.2259886697062745,
  "shoulder_prominence": 0.0018065720796585083,
  "hip_prominence": 0.015235988888889551
}