{
  "shoulder_hip_ratio": 1.841599333619807,
  "waist_position": 0.4823400676250458,
  "torso_ratio": 1.1808495926267775,
  "shoulder_prominence": 0.0020575523376464844,
  "hip_prominence": 0.023078741505742073
}