{
  "shoulder_hip_ratio": 1.6161313122211942,
  "waist_position": 0.5109401494264603,
  "torso_ratio": 1.2327841442497334,
  "shoulder_prominence": 0.02168496698141098,
  "hip_prominence": 0.001961852773092687
}