{
  "shoulder_hip_ratio": 1.7565709595840906,
  "waist_position": 0.48835723102092743,
  "torso_ratio": 1.1180198877704057,
  "shoulder_prominence": 0.05131852440536022,
  "hip_prominence": 0.02086428366601467
}