{
  "shoulder_hip_ratio": 1.6276396599125722,
  "waist_position": 0.5051327645778656,
  "torso_ratio": 1.3103957649172242,
  "shoulder_prominence": 0.1743696928024292,
  "hip_prominence": 0.1759381666779518
}