{
  "shoulder_hip_ratio": 1.6460177067885693,
  "waist_position": 0.4645185172557831,
  "torso_ratio": 1.1986054859615376,
  "shoulder_prominence": 0.025416908785700798,
  "hip_prominence": 0.022622672840952873
}