{
  "shoulder_hip_ratio": 1.6548546210396282,
  "waist_position": 0.4736190140247345,
  "torso_ratio": 1.2749004098329497,
  "shoulder_prominence": 0.13209646940231323,
  "hip_prominence": 0.03601213917136192
}