{
  "shoulder_hip_ratio": 1.93342433584581,
  "waist_position": 0.44826455414295197,
  "torso_ratio": 1.3325529981527358,
  "shoulder_prominence": 0.035045772790908813,
  "hip_prominence": 0.004423778969794512
}