{
  "shoulder_hip_ratio": 1.8135137714130534,
  "waist_position": 0.45309288799762726,
  "torso_ratio": 1.1388790979258667,
  "shoulder_prominence": 0.07274048775434494,
  "hip_prominence": 0.04153323173522949
}