{
  "shoulder_hip_ratio": 1.8219247660713844,
  "waist_position": 0.47100262343883514,
  "torso_ratio": 1.061518036972395,
  "shoulder_prominence": 0.06098651885986328,
  "hip_prominence": 0.037961263209581375
}