{
  "shoulder_hip_ratio": 1.8314373061653313,
  "waist_position": 0.513143002986908,
  "torso_ratio": 1.110843955831543,
  "shoulder_prominence": 0.03413516283035278,
  "hip_prominence": 0.036963291466236115
}