{
  "shoulder_hip_ratio": 1.7631416910604014,
  "waist_position": 0.4646313190460205,
  "torso_ratio": 1.2031644494605882,
  "shoulder_prominence": 0.061248376965522766,
  "hip_prominence": 0.051156386733055115
}