{
  "shoulder_hip_ratio": 1.6695726138769247,
  "waist_position": 0.5116179287433624,
  "torso_ratio": 1.3408678882772944,
  "shoulder_prominence": 0.043456911109387875,
  "hip_prominence": 0.002414529270026833
}