{
  "shoulder_hip_ratio": 1.763997486369714,
  "waist_position": 0.4903947114944458,
  "torso_ratio": 1.147459520977261,
  "shoulder_prominence": 0.03514106571674347,
  "hip_prominence": 0.05011647753417492
}