{
  "shoulder_hip_ratio": 1.7139025533506933,
  "waist_position": 0.4671674072742462,
  "torso_ratio": 1.1333229847046018,
  "shoulder_prominence": 0.02368263155221939,
  "hip_prominence": 0.005878106225281954
}