{
  "shoulder_hip_ratio": 1.8880541681486862,
  "waist_position": 0.4815976172685623,
  "torso_ratio": 1.067745504587016,
  "shoulder_prominence": 0.2651981469243765,
  "hip_prominence": 0.16291645169258118
}