{
  "shoulder_hip_ratio": 1.8373501374314993,
  "waist_position": 0.4845510274171829,
  "torso_ratio": 1.1090176339477265,
  "shoulder_prominence": 0.13815541565418243,
  "hip_prominence": 0.09771738946437836
}