{
  "shoulder_hip_ratio": 1.6269516765611949,
  "waist_position": 0.5660058557987213,
  "torso_ratio": 1.419463229137751,
  "shoulder_prominence": 0.06476384401321411,
  "hip_prominence": 0.045735035091638565
}