{
  "shoulder_hip_ratio": 1.7956739838047215,
  "waist_position": 0.49095316231250763,
  "torso_ratio": 1.2254217111939973,
  "shoulder_prominence": 0.0850367434322834,
  "hip_prominence": 0.0688411220908165
}