{
  "shoulder_hip_ratio": 1.5894514252938412,
  "waist_position": 0.4559175670146942,
  "torso_ratio": 1.2923538148128162,
  "shoulder_prominence": 0.05513884872198105,
  "hip_prominence": 0.05506862699985504
}