{
  "shoulder_hip_ratio": 1.7195800147309133,
  "waist_position": 0.48426927626132965,
  "torso_ratio": 1.1540997633905048,
  "shoulder_prominence": 0.03684781491756439,
  "hip_prominence": 0.05785798653960228
}