{
  "shoulder_hip_ratio": 1.7178546414545381,
  "waist_position": 0.4383418560028076,
  "torso_ratio": 1.182504708780771,
  "shoulder_prominence": 0.1415359228849411,
  "hip_prominence": 0.09289850294589996
}