{
  "shoulder_hip_ratio": 1.8611421839101543,
  "waist_position": 0.4866892844438553,
  "torso_ratio": 1.1685558149078183,
  "shoulder_prominence": 0.10236407071352005,
  "hip_prominence": 0.07093963772058487
}