{
  "shoulder_hip_ratio": 1.7719821323502192,
  "waist_position": 0.42876778542995453,
  "torso_ratio": 1.1296121020020113,
  "shoulder_prominence": 0.08748665452003479,
  "hip_prominence": 0.051311906427145004
}