{
  "shoulder_hip_ratio": 1.701621430144955,
  "waist_position": 0.47617948055267334,
  "torso_ratio": 1.1432612460317773,
  "shoulder_prominence": 0.14879928715527058,
  "hip_prominence": 0.0800003632903099
}