{
  "shoulder_hip_ratio": 1.7421105861611923,
  "waist_position": 0.48186467587947845,
  "torso_ratio": 1.2879779033384637,
  "shoulder_prominence": 0.03459950163960457,
  "hip_prominence": 0.009775882586836815
}