{
  "shoulder_hip_ratio": 1.6526374599866913,
  "waist_position": 0.4660129249095917,
  "torso_ratio": 1.1862364549033724,
  "shoulder_prominence": 0.047537341713905334,
  "hip_prominence": 0.03997216746211052
}