{
  "shoulder_hip_ratio": 1.8063511385349564,
  "waist_position": 0.5235919654369354,
  "torso_ratio": 1.2042889000444192,
  "shoulder_prominence": 0.056051649153232574,
  "hip_prominence": 0.0008150373178068548
}