{
  "shoulder_hip_ratio": 1.8637241043151886,
  "waist_position": 0.5029436945915222,
  "torso_ratio": 1.1430554699897513,
  "shoulder_prominence": 0.19608453288674355,
  "hip_prominence": 0.11607373505830765
}