{
  "shoulder_hip_ratio": 1.8087605639063058,
  "waist_position": 0.5226810276508331,
  "torso_ratio": 1.116092780153891,
  "shoulder_prominence": 0.02036605030298233,
  "hip_prominence": 0.000986190076218918
}