{
  "shoulder_hip_ratio": 1.803212212324148,
  "waist_position": 0.4799744188785553,
  "torso_ratio": 1.1311106402129911,
  "shoulder_prominence": 0.01855124905705452,
  "hip_prominence": 0.019744480028748512
}