{
  "shoulder_hip_ratio": 1.7460850020805254,
  "waist_position": 0.4506876766681671,
  "torso_ratio": 1.203654797012627,
  "shoulder_prominence": 0.014394093304872513,
  "hip_prominence": 0.003955283318646252
}