{
  "shoulder_hip_ratio": 1.8079760950950574,
  "waist_position": 0.49274420738220215,
  "torso_ratio": 1.1497373657520076,
  "shoulder_prominence": 0.020224303007125854,
  "hip_prominence": 0.035523463040590286
}