{
  "shoulder_hip_ratio": 1.6899840144315377,
  "waist_position": 0.4859497994184494,
  "torso_ratio": 1.2963008765692452,
  "shoulder_prominence": 0.03462187107652426,
  "hip_prominence": 0.05621171183884144
}