{
  "shoulder_hip_ratio": 1.7447110778361206,
  "waist_position": 0.485848143696785,
  "torso_ratio": 1.1541816748781553,
  "shoulder_prominence": 0.04486065357923508,
  "hip_prominence": 0.0680975392460823
}