{
  "shoulder_hip_ratio": 1.7924445427383404,
  "waist_position": 0.4962743818759918,
  "torso_ratio": 1.0712879621451132,
  "shoulder_prominence": 0.07343075424432755,
  "hip_prominence": 0.04556393250823021
}