{
  "shoulder_hip_ratio": 1.8775494304267115,
  "waist_position": 0.49321095645427704,
  "torso_ratio": 1.2066728996004774,
  "shoulder_prominence": 0.07142252614721656,
  "hip_prominence": 0.041216932237148285
}