{
  "shoulder_hip_ratio": 1.7382945628497413,
  "waist_position": 0.42856238782405853,
  "torso_ratio": 1.2090848891611536,
  "shoulder_prominence": 0.0881175771355629,
  "hip_prominence": 0.011648298241198063
}