{
  "shoulder_hip_ratio": 1.7001091157315953,
  "waist_position": 0.5377486348152161,
  "torso_ratio": 1.2767224998236582,
  "shoulder_prominence": 0.036993542686104774,
  "hip_prominence": 0.028347761370241642
}