{
  "shoulder_hip_ratio": 1.9171819504977692,
  "waist_position": 0.48873409628868103,
  "torso_ratio": 1.091158074607418,
  "shoulder_prominence": 0.04602270945906639,
  "hip_prominence": 0.04353030025959015
}