{
  "shoulder_hip_ratio": 1.7807404020797943,
  "waist_position": 0.4894697368144989,
  "torso_ratio": 1.1833436511560453,
  "shoulder_prominence": 0.009459953755140305,
  "hip_prominence": 0.028377914801239967
}