{
  "shoulder_hip_ratio": 1.7951186473662808,
  "waist_position": 0.528784453868866,
  "torso_ratio": 1.203666689978395,
  "shoulder_prominence": 0.09779303520917892,
  "hip_prominence": 0.037216056138277054
}