{
  "shoulder_hip_ratio": 1.6188764489595546,
  "waist_position": 0.4963501840829849,
  "torso_ratio": 1.2256176249613846,
  "shoulder_prominence": 0.18969114124774933,
  "hip_prominence": 0.1062086783349514
}