{
  "shoulder_hip_ratio": 1.7806676660527576,
  "waist_position": 0.4639245271682739,
  "torso_ratio": 1.1770627335788642,
  "shoulder_prominence": 0.0297156423330307,
  "hip_prominence": 0.0072060697712004185
}