{
  "shoulder_hip_ratio": 1.5493725698513758,
  "waist_position": 0.4838588833808899,
  "torso_ratio": 1.1415875584052197,
  "shoulder_prominence": 0.008586853742599487,
  "hip_prominence": 0.005092100938782096
}