{
  "shoulder_hip_ratio": 1.832978028683472,
  "waist_position": 0.4843032956123352,
  "torso_ratio": 1.206302265466535,
  "shoulder_prominence": 0.111889922991395,
  "hip_prominence": 0.07625074684619904
}