{
  "shoulder_hip_ratio": 1.7273228503279248,
  "waist_position": 0.46384885907173157,
  "torso_ratio": 1.1116054862059284,
  "shoulder_prominence": 0.025102999061346054,
  "hip_prominence": 0.009909283369779587
}