{
  "shoulder_hip_ratio": 1.9318300090445992,
  "waist_position": 0.48920322954654694,
  "torso_ratio": 1.0671224027275612,
  "shoulder_prominence": 0.03361322358250618,
  "hip_prominence": 0.04072507657110691
}