{
  "shoulder_hip_ratio": 1.8007494741500056,
  "waist_position": 0.47830046713352203,
  "torso_ratio": 1.1480838560206523,
  "shoulder_prominence": 0.01840869151055813,
  "hip_prominence": 0.028229105286300182
}