{
  "shoulder_hip_ratio": 1.9241715726921067,
  "waist_position": 0.4727397561073303,
  "torso_ratio": 1.0951985703876779,
  "shoulder_prominence": 0.029758065938949585,
  "hip_prominence": 0.033571572974324226
}