{
  "shoulder_hip_ratio": 1.8481586679006647,
  "waist_position": 0.4572908282279968,
  "torso_ratio": 1.1966325766396144,
  "shoulder_prominence": 0.024343429133296013,
  "hip_prominence": 0.05077558569610119
}