{
  "shoulder_hip_ratio": 1.7471396979170357,
  "waist_position": 0.4975292533636093,
  "torso_ratio": 1.1594118945496013,
  "shoulder_prominence": 0.04276868607848883,
  "hip_prominence": 0.027885403484106064
}