{
  "shoulder_hip_ratio": 1.8235110233205525,
  "waist_position": 0.5145887136459351,
  "torso_ratio": 1.1787402992798162,
  "shoulder_prominence": 0.0016971826553344727,
  "hip_prominence": 0.03122816141694784
}