{
  "shoulder_hip_ratio": 1.689308365537705,
  "waist_position": 0.5125812292098999,
  "torso_ratio": 1.299161190251183,
  "shoulder_prominence": 0.038164293859153986,
  "hip_prominence": 0.0403953492641449
}