{
  "shoulder_hip_ratio": 1.8501927102648272,
  "waist_position": 0.473137691617012,
  "torso_ratio": 1.2474924224989936,
  "shoulder_prominence": 0.04722233861684799,
  "hip_prominence": 0.031093408353626728
}