{
  "shoulder_hip_ratio": 1.678558831578083,
  "waist_position": 0.5351031124591827,
  "torso_ratio": 1.1742259092917562,
  "shoulder_prominence": 0.010462366044521332,
  "hip_prominence": 0.0016728717600926757
}