{
  "shoulder_hip_ratio": 1.7633936861172352,
  "waist_position": 0.49268200993537903,
  "torso_ratio": 1.2491199935329405,
  "shoulder_prominence": 0.3377454988658428,
  "hip_prominence": 0.21856070309877396
}