{
  "shoulder_hip_ratio": 1.7870368336788596,
  "waist_position": 0.5158633887767792,
  "torso_ratio": 1.0766114216637883,
  "shoulder_prominence": 0.0164414644241333,
  "hip_prominence": 0.016200208570808172
}