{
  "shoulder_hip_ratio": 1.6334259077778746,
  "waist_position": 0.4721805602312088,
  "torso_ratio": 1.3109505152884329,
  "shoulder_prominence": 0.037264276295900345,
  "hip_prominence": 0.04304964281618595
}