{
  "shoulder_hip_ratio": 1.5368370278367929,
  "waist_position": 0.5472393929958344,
  "torso_ratio": 1.2454286599380673,
  "shoulder_prominence": 0.1441642865538597,
  "hip_prominence": 0.11041610687971115
}