{
  "shoulder_hip_ratio": 1.7053437921658168,
  "waist_position": 0.49018487334251404,
  "torso_ratio": 1.162716798629798,
  "shoulder_prominence": 0.14621677622199059,
  "hip_prominence": 0.10983093827962875
}