{
  "shoulder_hip_ratio": 1.7740876847669806,
  "waist_position": 0.5414932668209076,
  "torso_ratio": 1.2028434085709225,
  "shoulder_prominence": 0.14837798476219177,
  "hip_prominence": 0.0930897444486618
}