{
  "shoulder_hip_ratio": 1.8542893103886062,
  "waist_position": 0.49978096783161163,
  "torso_ratio": 1.2172716813660795,
  "shoulder_prominence": 0.05492923781275749,
  "hip_prominence": 0.02934959903359413
}