{
  "shoulder_hip_ratio": 1.74289820746295,
  "waist_position": 0.5061366260051727,
  "torso_ratio": 1.294051270364014,
  "shoulder_prominence": 0.3196415491402149,
  "hip_prominence": 0.2147083804011345
}