{
  "shoulder_hip_ratio": 1.6167057128311273,
  "waist_position": 0.4462706446647644,
  "torso_ratio": 1.3034166681896318,
  "shoulder_prominence": 0.04473938047885895,
  "hip_prominence": 0.04673180915415287
}