{
  "shoulder_hip_ratio": 1.7820292714843944,
  "waist_position": 0.4492192268371582,
  "torso_ratio": 1.16002464236948,
  "shoulder_prominence": 0.018566250801086426,
  "hip_prominence": 0.0018564973725005984
}