{
  "shoulder_hip_ratio": 1.7023157511556897,
  "waist_position": 0.49931977689266205,
  "torso_ratio": 1.2175997669517715,
  "shoulder_prominence": 0.027842913288623095,
  "hip_prominence": 0.025722027756273746
}