{
  "shoulder_hip_ratio": 1.8013201508036465,
  "waist_position": 0.4945934861898422,
  "torso_ratio": 1.3849246471199244,
  "shoulder_prominence": 0.15538327768445015,
  "hip_prominence": 0.10131244733929634
}