{
  "shoulder_hip_ratio": 1.8439057672529104,
  "waist_position": 0.4531951993703842,
  "torso_ratio": 1.1243895698462003,
  "shoulder_prominence": 0.06848068721592426,
  "hip_prominence": 0.0076994216069579124
}