{
  "shoulder_hip_ratio": 1.6073279313389408,
  "waist_position": 0.53321872651577,
  "torso_ratio": 1.206873387999653,
  "shoulder_prominence": 0.06278016418218613,
  "hip_prominence": 0.027016558684408665
}