{
  "shoulder_hip_ratio": 1.9653405950968734,
  "waist_position": 0.5134505927562714,
  "torso_ratio": 1.095412961938173,
  "shoulder_prominence": 0.1405898667871952,
  "hip_prominence": 0.09189724177122116
}