{
  "shoulder_hip_ratio": 1.7307055005213234,
  "waist_position": 0.4979906380176544,
  "torso_ratio": 1.165724814908679,
  "shoulder_prominence": 0.12664890219457448,
  "hip_prominence": 0.05017532594501972
}