{
  "shoulder_hip_ratio": 1.6063493732549252,
  "waist_position": 0.5114328861236572,
  "torso_ratio": 1.3718091996609165,
  "shoulder_prominence": 0.19500187784433365,
  "hip_prominence": 0.13145695626735687
}