{
  "shoulder_hip_ratio": 1.8078215043161272,
  "waist_position": 0.4898150563240051,
  "torso_ratio": 1.1286644586785695,
  "shoulder_prominence": 0.08214357495307922,
  "hip_prominence": 0.043424684554338455
}