{
  "shoulder_hip_ratio": 1.7504311418231369,
  "waist_position": 0.506331592798233,
  "torso_ratio": 1.119716439317206,
  "shoulder_prominence": 0.04679559147916734,
  "hip_prominence": 0.023243398405611515
}