{
  "shoulder_hip_ratio": 1.8672466324154182,
  "waist_position": 0.5019133687019348,
  "torso_ratio": 1.2033333260925998,
  "shoulder_prominence": 0.11442084610462189,
  "hip_prominence": 0.07709192484617233
}