{
  "shoulder_hip_ratio": 1.7295491790168784,
  "waist_position": 0.4807180315256119,
  "torso_ratio": 1.1560766646457934,
  "shoulder_prominence": 0.05714454688131809,
  "hip_prominence": 0.00354134407825768
}