{
  "shoulder_hip_ratio": 1.6652859693626503,
  "waist_position": 0.5137343406677246,
  "torso_ratio": 1.2505207454190717,
  "shoulder_prominence": 0.0021941959857940674,
  "hip_prominence": 0.004845447605475783
}