{
  "shoulder_hip_ratio": 1.8479234474246775,
  "waist_position": 0.5038550496101379,
  "torso_ratio": 1.1320429991611674,
  "shoulder_prominence": 0.07660381961613894,
  "hip_prominence": 0.033238980919122696
}