{
  "shoulder_hip_ratio": 1.551877562832999,
  "waist_position": 0.5077540576457977,
  "torso_ratio": 1.3300621625871276,
  "shoulder_prominence": 0.02480354905128479,
  "hip_prominence": 0.020957584492862225
}