{
  "shoulder_hip_ratio": 1.9787103475376102,
  "waist_position": 0.46941855549812317,
  "torso_ratio": 1.1420472411555083,
  "shoulder_prominence": 0.09320017695426941,
  "hip_prominence": 0.07613576576113701
}