{
  "shoulder_hip_ratio": 1.9784243561391617,
  "waist_position": 0.49048084020614624,
  "torso_ratio": 1.097895830841259,
  "shoulder_prominence": 0.07403821544721723,
  "hip_prominence": 0.03020001482218504
}