{
  "shoulder_hip_ratio": 1.7224608622084838,
  "waist_position": 0.505886510014534,
  "torso_ratio": 1.330589834998095,
  "shoulder_prominence": 0.13600542023777962,
  "hip_prominence": 0.0867822915315628
}