{
  "shoulder_hip_ratio": 1.6839593203803989,
  "waist_position": 0.5073531568050385,
  "torso_ratio": 1.1807381428781005,
  "shoulder_prominence": 0.13722342625260353,
  "hip_prominence": 0.046464866027235985
}