{
  "shoulder_hip_ratio": 1.739294333463696,
  "waist_position": 0.5407069027423859,
  "torso_ratio": 1.209155914965741,
  "shoulder_prominence": 0.03764786571264267,
  "hip_prominence": 0.02682764083147049
}