{
  "shoulder_hip_ratio": 1.7691839391088207,
  "waist_position": 0.519159734249115,
  "torso_ratio": 1.1660348586479223,
  "shoulder_prominence": 0.004520460031926632,
  "hip_prominence": 0.009900575503706932
}