{
  "shoulder_hip_ratio": 1.771742785472325,
  "waist_position": 0.48313531279563904,
  "torso_ratio": 1.2827008351997993,
  "shoulder_prominence": 0.08456284925341606,
  "hip_prominence": 0.056506287306547165
}