{
  "shoulder_hip_ratio": 1.7589494743532594,
  "waist_position": 0.499403715133667,
  "torso_ratio": 1.1646764546991641,
  "shoulder_prominence": 0.09119851514697075,
  "hip_prominence": 0.04656212776899338
}