{
  "shoulder_hip_ratio": 1.8194180006929772,
  "waist_position": 0.4925137460231781,
  "torso_ratio": 1.1904725661647204,
  "shoulder_prominence": 0.02778021991252899,
  "hip_prominence": 0.006732230074703693
}