{
  "shoulder_hip_ratio": 1.6979495197772723,
  "waist_position": 0.4842609167098999,
  "torso_ratio": 1.3214455782036314,
  "shoulder_prominence": 0.05589883774518967,
  "hip_prominence": 0.0376648660749197
}