{
  "shoulder_hip_ratio": 1.7078710387010105,
  "waist_position": 0.4868205487728119,
  "torso_ratio": 1.2962102204069406,
  "shoulder_prominence": 0.041883865371346474,
  "hip_prominence": 0.06778604909777641
}