{
  "shoulder_hip_ratio": 1.957987906949152,
  "waist_position": 0.4726622998714447,
  "torso_ratio": 1.10910703212139,
  "shoulder_prominence": 0.05262245982885361,
  "hip_prominence": 0.030147324316203594
}