{
  "shoulder_hip_ratio": 1.5075038023280383,
  "waist_position": 0.5115952640771866,
  "torso_ratio": 1.244495857773087,
  "shoulder_prominence": 0.01858629286289215,
  "hip_prominence": 0.01323382742702961
}