{
  "shoulder_hip_ratio": 1.7539719749401688,
  "waist_position": 0.47519391775131226,
  "torso_ratio": 1.1766456841036976,
  "shoulder_prominence": 0.05139033170416951,
  "hip_prominence": 0.037039101123809814
}