{
  "shoulder_hip_ratio": 1.858423761499501,
  "waist_position": 0.5401538610458374,
  "torso_ratio": 1.1777922600716688,
  "shoulder_prominence": 0.12595350295305252,
  "hip_prominence": 0.06182045675814152
}