{
  "shoulder_hip_ratio": 1.7408680709742246,
  "waist_position": 0.5219257473945618,
  "torso_ratio": 1.1276405091031076,
  "shoulder_prominence": 0.03127315640449524,
  "hip_prominence": 0.01880464982241392
}