{
  "shoulder_hip_ratio": 1.7053575073583043,
  "waist_position": 0.48379547894001007,
  "torso_ratio": 1.2222201682717395,
  "shoulder_prominence": 0.023736199364066124,
  "hip_prominence": 0.019021784886717796
}