{
  "shoulder_hip_ratio": 2.0466290571712826,
  "waist_position": 0.48197580873966217,
  "torso_ratio": 1.1922360860730612,
  "shoulder_prominence": 0.05062581109814346,
  "hip_prominence": 0.014415263198316097
}