{
  "shoulder_hip_ratio": 1.7647537749368065,
  "waist_position": 0.4498976320028305,
  "torso_ratio": 1.4027150281512766,
  "shoulder_prominence": 0.31033363938331604,
  "hip_prominence": 0.17199058085680008
}