{
  "shoulder_hip_ratio": 1.8000607272757347,
  "waist_position": 0.5102289170026779,
  "torso_ratio": 1.09183943313435,
  "shoulder_prominence": 0.07608107849955559,
  "hip_prominence": 0.02831459604203701
}