{
  "shoulder_hip_ratio": 1.6028949546019633,
  "waist_position": 0.45840446650981903,
  "torso_ratio": 1.306828245672361,
  "shoulder_prominence": 0.06979873054660857,
  "hip_prominence": 0.04668605886399746
}