{
  "shoulder_hip_ratio": 1.7428459673631622,
  "waist_position": 0.4937245398759842,
  "torso_ratio": 1.2637327314760691,
  "shoulder_prominence": 0.11252477951347828,
  "hip_prominence": 0.053961822763085365
}