{
  "shoulder_hip_ratio": 1.643824015194623,
  "waist_position": 0.5264224112033844,
  "torso_ratio": 1.2434298355885922,
  "shoulder_prominence": 0.06485650315880775,
  "hip_prominence": 0.009620211087167263
}