{
  "shoulder_hip_ratio": 1.7540690481626506,
  "waist_position": 0.5211613476276398,
  "torso_ratio": 1.1746424781756015,
  "shoulder_prominence": 0.08318213373422623,
  "hip_prominence": 0.07660949230194092
}