{
  "shoulder_hip_ratio": 1.719589060475781,
  "waist_position": 0.5143888592720032,
  "torso_ratio": 1.3526510419011957,
  "shoulder_prominence": 0.20669429749250412,
  "hip_prominence": 0.1055193804204464
}