{
  "shoulder_hip_ratio": 1.7146045679181818,
  "waist_position": 0.48701031506061554,
  "torso_ratio": 1.2680166410898557,
  "shoulder_prominence": 0.25741552002727985,
  "hip_prominence": 0.11788743361830711
}