{
  "shoulder_hip_ratio": 1.634757942143045,
  "waist_position": 0.46115632355213165,
  "torso_ratio": 1.1081609405970196,
  "shoulder_prominence": 0.008092537522315979,
  "hip_prominence": 0.05665583908557892
}