{
  "shoulder_hip_ratio": 1.7418284642574053,
  "waist_position": 0.48220834136009216,
  "torso_ratio": 1.12199511879206,
  "shoulder_prominence": 0.02115224301815033,
  "hip_prominence": 0.009625089820474386
}