{
  "shoulder_hip_ratio": 1.7442802497412215,
  "waist_position": 0.516393631696701,
  "torso_ratio": 1.1360393151581065,
  "shoulder_prominence": 0.44282160699367523,
  "hip_prominence": 0.25641414523124695
}