{
  "shoulder_hip_ratio": 1.62747877792773,
  "waist_position": 0.5117954909801483,
  "torso_ratio": 1.156374889444839,
  "shoulder_prominence": 0.06138097122311592,
  "hip_prominence": 0.049994777888059616
}