{
  "shoulder_hip_ratio": 1.3178351196058082,
  "waist_position": 0.5011024624109268,
  "torso_ratio": 2.9581435946937407,
  "shoulder_prominence": 0.5847969055175781,
  "hip_prominence": 0.37199392914772034
}