{
  "shoulder_hip_ratio": 1.5562386603345546,
  "waist_position": 0.4877741038799286,
  "torso_ratio": 1.4391632742147256,
  "shoulder_prominence": 0.18129784613847733,
  "hip_prominence": 0.08092197775840759
}