{
  "shoulder_hip_ratio": 1.7660608663041106,
  "waist_position": 0.5182643532752991,
  "torso_ratio": 1.17508012401816,
  "shoulder_prominence": 0.2056712582707405,
  "hip_prominence": 0.09165921807289124
}