{
  "shoulder_hip_ratio": 1.8219929602355274,
  "waist_position": 0.47046463191509247,
  "torso_ratio": 1.1962607172698236,
  "shoulder_prominence": 0.06602864526212215,
  "hip_prominence": 0.06605861708521843
}