{
  "shoulder_hip_ratio": 1.887661288048086,
  "waist_position": 0.4886709153652191,
  "torso_ratio": 3.1977358685659816,
  "shoulder_prominence": 0.41108326613903046,
  "hip_prominence": 0.28257012367248535
}