{
  "shoulder_hip_ratio": 1.6989570915507046,
  "waist_position": 0.47644761204719543,
  "torso_ratio": 1.2990836499202194,
  "shoulder_prominence": 0.16096315905451775,
  "hip_prominence": 0.07692626863718033
}