{
  "shoulder_hip_ratio": 1.7703524675665412,
  "waist_position": 0.47650279104709625,
  "torso_ratio": 1.3101809247466656,
  "shoulder_prominence": 0.08649119222536683,
  "hip_prominence": 0.06327640265226364
}