{
  "shoulder_hip_ratio": 1.8740158343048692,
  "waist_position": 0.4985627979040146,
  "torso_ratio": 1.2319111938303131,
  "shoulder_prominence": 0.05182009004056454,
  "hip_prominence": 0.023108595982193947
}