{
  "shoulder_hip_ratio": 1.6520113935804752,
  "waist_position": 0.5095732808113098,
  "torso_ratio": 1.2092682004658883,
  "shoulder_prominence": 0.10530926287174225,
  "hip_prominence": 0.0796082355082035
}