{
  "shoulder_hip_ratio": 1.5758499032508735,
  "waist_position": 0.5014744400978088,
  "torso_ratio": 1.256036466045027,
  "shoulder_prominence": 0.09867926687002182,
  "hip_prominence": 0.0410569217056036
}