{
  "shoulder_hip_ratio": 1.6795257992907768,
  "waist_position": 0.48772433400154114,
  "torso_ratio": 1.3521649726569747,
  "shoulder_prominence": 0.13101833872497082,
  "hip_prominence": 0.03852047026157379
}