{
  "shoulder_hip_ratio": 1.5820387792417876,
  "waist_position": 0.5259958207607269,
  "torso_ratio": 1.23269640665315,
  "shoulder_prominence": 0.0029798150062561035,
  "hip_prominence": 0.03774304687976837
}