{
  "shoulder_hip_ratio": 1.5544637944204862,
  "waist_position": 0.4756582975387573,
  "torso_ratio": 1.6366172594941,
  "shoulder_prominence": 0.3276980519294739,
  "hip_prominence": 0.204885795712471
}