{
  "shoulder_hip_ratio": 1.8060310346146453,
  "waist_position": 0.5182019919157028,
  "torso_ratio": 1.6387188930596788,
  "shoulder_prominence": 0.2765548676252365,
  "hip_prominence": 0.16725203394889832
}