{
  "shoulder_hip_ratio": 1.7421668956798055,
  "waist_position": 0.4821496158838272,
  "torso_ratio": 1.1624812555706827,
  "shoulder_prominence": 0.04181971459183842,
  "hip_prominence": 0.04436849616467953
}