{
  "shoulder_hip_ratio": 1.6934486842196652,
  "waist_position": 0.5192821621894836,
  "torso_ratio": 1.2791055246229897,
  "shoulder_prominence": 0.0668860375881195,
  "hip_prominence": 0.026496149599552155
}