{
  "shoulder_hip_ratio": 1.7474007529883089,
  "waist_position": 0.48731571435928345,
  "torso_ratio": 1.31119007170207,
  "shoulder_prominence": 0.28062938898801804,
  "hip_prominence": 0.2005162090063095
}