{
  "shoulder_hip_ratio": 1.8113061514564968,
  "waist_position": 0.5413626432418823,
  "torso_ratio": 1.1928947437174435,
  "shoulder_prominence": 0.028161004185676575,
  "hip_prominence": 0.04346669651567936
}