{
  "shoulder_hip_ratio": 1.8208258676153106,
  "waist_position": 0.5149771422147751,
  "torso_ratio": 1.32766408204723,
  "shoulder_prominence": 0.056854553520679474,
  "hip_prominence": 0.03271198831498623
}