{
  "shoulder_hip_ratio": 1.75725880082634,
  "waist_position": 0.4629090577363968,
  "torso_ratio": 1.498015209038886,
  "shoulder_prominence": 0.2773687094449997,
  "hip_prominence": 0.20258283615112305
}