{
  "shoulder_hip_ratio": 1.6177621057852556,
  "waist_position": 0.5224967002868652,
  "torso_ratio": 1.2348962146990687,
  "shoulder_prominence": 0.017082413658499718,
  "hip_prominence": 0.014540433883666992
}