{
  "shoulder_hip_ratio": 1.8105437180284853,
  "waist_position": 0.47277578711509705,
  "torso_ratio": 1.3274104591833702,
  "shoulder_prominence": 0.06375586986541748,
  "hip_prominence": 0.038535332307219505
}