{
  "shoulder_hip_ratio": 1.7623253260664162,
  "waist_position": 0.5087212324142456,
  "torso_ratio": 1.1757037065444598,
  "shoulder_prominence": 0.018957972526550293,
  "hip_prominence": 0.019175782799720764
}