{
  "shoulder_hip_ratio": 1.5999657208967548,
  "waist_position": 0.5147079229354858,
  "torso_ratio": 1.3018505844382895,
  "shoulder_prominence": 0.10549560934305191,
  "hip_prominence": 0.06847938150167465
}