{
  "shoulder_hip_ratio": 1.6087713301006537,
  "waist_position": 0.501876950263977,
  "torso_ratio": 1.2371983904781856,
  "shoulder_prominence": 0.028694397304207087,
  "hip_prominence": 0.023704688996076584
}