{
  "shoulder_hip_ratio": 1.7055756135862468,
  "waist_position": 0.5067954808473587,
  "torso_ratio": 1.24462609263325,
  "shoulder_prominence": 0.17809589579701424,
  "hip_prominence": 0.11113300547003746
}