{
  "shoulder_hip_ratio": 1.439610831216223,
  "waist_position": 0.47275829315185547,
  "torso_ratio": 1.9433651922821868,
  "shoulder_prominence": 0.366729992441833,
  "hip_prominence": 0.27077724039554596
}