{
  "shoulder_hip_ratio": 1.6562627762538342,
  "waist_position": 0.5221900641918182,
  "torso_ratio": 1.2936972418347759,
  "shoulder_prominence": 0.07860645651817322,
  "hip_prominence": 0.008178932359442115
}