{
  "shoulder_hip_ratio": 1.8133969214168129,
  "waist_position": 0.5085036754608154,
  "torso_ratio": 1.3200036375125392,
  "shoulder_prominence": 0.2287539280951023,
  "hip_prominence": 0.09272730350494385
}