{
  "shoulder_hip_ratio": 0.6929782126895151,
  "waist_position": 0.5136887431144714,
  "torso_ratio": 5.94630282648764,
  "shoulder_prominence": 0.6219257712364197,
  "hip_prominence": 0.3971094340085983
}