{
  "shoulder_hip_ratio": 1.59237340918902,
  "waist_position": 0.4780297130346298,
  "torso_ratio": 1.274825881578808,
  "shoulder_prominence": 9.807664901018143e-05,
  "hip_prominence": 0.0013413485139608383
}