{
  "shoulder_hip_ratio": 1.6852615485685913,
  "waist_position": 0.49054645001888275,
  "torso_ratio": 1.2768716710970265,
  "shoulder_prominence": 0.11474521458148956,
  "hip_prominence": 0.0487066637724638
}