{
  "shoulder_hip_ratio": 1.6262706858035993,
  "waist_position": 0.48508724570274353,
  "torso_ratio": 1.2890534879114817,
  "shoulder_prominence": 0.022441372275352478,
  "hip_prominence": 0.005609157728031278
}