{
  "shoulder_hip_ratio": 1.7960617562083854,
  "waist_position": 0.45232878625392914,
  "torso_ratio": 1.1279685777789759,
  "shoulder_prominence": 0.13363000005483627,
  "hip_prominence": 0.1206367053091526
}