{
  "shoulder_hip_ratio": 1.554818207564511,
  "waist_position": 0.4952852725982666,
  "torso_ratio": 1.2060278490056764,
  "shoulder_prominence": 0.020012270659208298,
  "hip_prominence": 0.007954539731144905
}