{
  "shoulder_hip_ratio": 2.119698640382053,
  "waist_position": 0.5242586433887482,
  "torso_ratio": 3.0073176046241703,
  "shoulder_prominence": 0.6062629520893097,
  "hip_prominence": 0.41779617965221405
}