{
  "shoulder_hip_ratio": 1.7924720610410467,
  "waist_position": 0.5272283256053925,
  "torso_ratio": 1.2483201056871285,
  "shoulder_prominence": 0.013616954907774925,
  "hip_prominence": 0.04451952874660492
}