{
  "shoulder_hip_ratio": 1.6045147797883295,
  "waist_position": 0.49018359184265137,
  "torso_ratio": 1.199895295103797,
  "shoulder_prominence": 0.13714654743671417,
  "hip_prominence": 0.08627653867006302
}