{
  "shoulder_hip_ratio": 1.582791201281549,
  "waist_position": 0.5234586298465729,
  "torso_ratio": 1.2910733957083504,
  "shoulder_prominence": 0.02801447920501232,
  "hip_prominence": 0.018822609446942806
}