{
  "shoulder_hip_ratio": 1.775518589566369,
  "waist_position": 0.5009267777204514,
  "torso_ratio": 1.2922265531843176,
  "shoulder_prominence": 0.004401832818984985,
  "hip_prominence": 0.010362319648265839
}