{
  "shoulder_hip_ratio": 1.6952984214481572,
  "waist_position": 0.5338940620422363,
  "torso_ratio": 1.1857344986029121,
  "shoulder_prominence": 0.13854272663593292,
  "hip_prominence": 0.09309640526771545
}