{
  "shoulder_hip_ratio": 1.6967950842218735,
  "waist_position": 0.49382010102272034,
  "torso_ratio": 1.1656170637428989,
  "shoulder_prominence": 0.14171849749982357,
  "hip_prominence": 0.08410681411623955
}