{
  "shoulder_hip_ratio": 2.0218801551123864,
  "waist_position": 0.4946075677871704,
  "torso_ratio": 1.2435285765040325,
  "shoulder_prominence": 0.24500785395503044,
  "hip_prominence": 0.12459474802017212
}