{
  "shoulder_hip_ratio": 1.7777263045767149,
  "waist_position": 0.46818895637989044,
  "torso_ratio": 1.2337851084057518,
  "shoulder_prominence": 0.09417067468166351,
  "hip_prominence": 0.09909326955676079
}