{
  "shoulder_hip_ratio": 1.6849996361856519,
  "waist_position": 0.507314145565033,
  "torso_ratio": 1.1179201291952756,
  "shoulder_prominence": 0.023517551831901073,
  "hip_prominence": 0.008259762544184923
}