{
  "shoulder_hip_ratio": 1.7956467849525484,
  "waist_position": 0.4884728342294693,
  "torso_ratio": 1.260370825363696,
  "shoulder_prominence": 0.010072890669107437,
  "hip_prominence": 0.01581159420311451
}