{
  "shoulder_hip_ratio": 1.8238611351225584,
  "waist_position": 0.5277400314807892,
  "torso_ratio": 1.2814503819702552,
  "shoulder_prominence": 0.24551557376980782,
  "hip_prominence": 0.1363631784915924
}