{
  "shoulder_hip_ratio": 1.6164499913161943,
  "waist_position": 0.46555641293525696,
  "torso_ratio": 1.2790147628630764,
  "shoulder_prominence": 0.1433694213628769,
  "hip_prominence": 0.11113103479146957
}