{
  "shoulder_hip_ratio": 1.7425524123597649,
  "waist_position": 0.5174304246902466,
  "torso_ratio": 1.2918892883663131,
  "shoulder_prominence": 0.06299936957657337,
  "hip_prominence": 0.03791859932243824
}