{
  "shoulder_hip_ratio": 1.7971274774288528,
  "waist_position": 0.5095389783382416,
  "torso_ratio": 1.28867830614292,
  "shoulder_prominence": 0.20508674532175064,
  "hip_prominence": 0.05023208446800709
}