{
  "shoulder_hip_ratio": 1.897126048508985,
  "waist_position": 0.5538654923439026,
  "torso_ratio": 1.1884897299922574,
  "shoulder_prominence": 0.06255985796451569,
  "hip_prominence": 0.045070575550198555
}