{
  "shoulder_hip_ratio": 0.946643787564507,
  "waist_position": 0.49188490211963654,
  "torso_ratio": 4.706125090359431,
  "shoulder_prominence": 0.5542116388678551,
  "hip_prominence": 0.3577631115913391
}