{
  "shoulder_hip_ratio": 1.6485281174467301,
  "waist_position": 0.48936139047145844,
  "torso_ratio": 1.5287702705281188,
  "shoulder_prominence": 0.263325534760952,
  "hip_prominence": 0.15596222132444382
}