{
  "shoulder_hip_ratio": 1.972278489957603,
  "waist_position": 0.5158638656139374,
  "torso_ratio": 1.333646405442255,
  "shoulder_prominence": 0.17719196528196335,
  "hip_prominence": 0.13498329371213913
}