{
  "shoulder_hip_ratio": 1.7707666566199471,
  "waist_position": 0.5043857097625732,
  "torso_ratio": 1.1625073885220274,
  "shoulder_prominence": 0.12429282814264297,
  "hip_prominence": 0.12050306424498558
}