{
  "shoulder_hip_ratio": 1.799303660019647,
  "waist_position": 0.526934415102005,
  "torso_ratio": 1.3438556180213623,
  "shoulder_prominence": 0.33267049491405487,
  "hip_prominence": 0.17188574373722076
}