{
  "shoulder_hip_ratio": 1.7554527662527137,
  "waist_position": 0.5032888948917389,
  "torso_ratio": 1.2022083721229202,
  "shoulder_prominence": 0.015090569853782654,
  "hip_prominence": 0.01981342677026987
}