{
  "shoulder_hip_ratio": 1.7176986608167433,
  "waist_position": 0.5024166703224182,
  "torso_ratio": 1.377286885541338,
  "shoulder_prominence": 0.17382988333702087,
  "hip_prominence": 0.08575858548283577
}