{
  "shoulder_hip_ratio": 1.6395563510404882,
  "waist_position": 0.5018104016780853,
  "torso_ratio": 1.1660828697972743,
  "shoulder_prominence": 0.012617170810699463,
  "hip_prominence": 0.017964035272598267
}