{
  "shoulder_hip_ratio": 2.0734820607182316,
  "waist_position": 0.4824457913637161,
  "torso_ratio": 1.3255442373287882,
  "shoulder_prominence": 0.23987669125199318,
  "hip_prominence": 0.13215279579162598
}