{
  "shoulder_hip_ratio": 1.6678231000537624,
  "waist_position": 0.5056203007698059,
  "torso_ratio": 1.1070599319395131,
  "shoulder_prominence": 0.1157884169369936,
  "hip_prominence": 0.07685574889183044
}