{
  "shoulder_hip_ratio": 1.7232971186423074,
  "waist_position": 0.49815431237220764,
  "torso_ratio": 1.2342690042574236,
  "shoulder_prominence": 0.06101452745497227,
  "hip_prominence": 0.0016788458451628685
}