{
  "shoulder_hip_ratio": 1.6440758334251429,
  "waist_position": 0.46256037056446075,
  "torso_ratio": 1.117817397180621,
  "shoulder_prominence": 0.09933704137802124,
  "hip_prominence": 0.05199119634926319
}