{
  "shoulder_hip_ratio": 1.9304673385955342,
  "waist_position": 0.4885280430316925,
  "torso_ratio": 1.166704616648859,
  "shoulder_prominence": 0.005243152379989624,
  "hip_prominence": 2.8353999368846416e-05
}