{
  "shoulder_hip_ratio": 1.8190651713176758,
  "waist_position": 0.493606835603714,
  "torso_ratio": 1.1664989291189372,
  "shoulder_prominence": 0.015661031007766724,
  "hip_prominence": 0.011536971665918827
}