{
  "shoulder_hip_ratio": 1.7352154565725553,
  "waist_position": 0.5236105918884277,
  "torso_ratio": 1.2276461343303622,
  "shoulder_prominence": 0.0312627786770463,
  "hip_prominence": 0.0405976977199316
}