{
  "shoulder_hip_ratio": 2.0479324089499618,
  "waist_position": 0.5409365594387054,
  "torso_ratio": 1.2744360949159173,
  "shoulder_prominence": 0.36087729409337044,
  "hip_prominence": 0.2540977895259857
}