{
  "shoulder_hip_ratio": 1.5228034784023041,
  "waist_position": 0.48504777252674103,
  "torso_ratio": 1.3896704492336143,
  "shoulder_prominence": 0.06125882267951965,
  "hip_prominence": 0.016678922809660435
}