{
  "shoulder_hip_ratio": 1.6902147706659199,
  "waist_position": 0.49754758179187775,
  "torso_ratio": 1.222608285233438,
  "shoulder_prominence": 0.007280722260475159,
  "hip_prominence": 0.010706058237701654
}