{
  "shoulder_hip_ratio": 1.7040545914831753,
  "waist_position": 0.47896818816661835,
  "torso_ratio": 1.3005909430017248,
  "shoulder_prominence": 0.04918838292360306,
  "hip_prominence": 0.026040460914373398
}