{
  "shoulder_hip_ratio": 1.6555620611431583,
  "waist_position": 0.4635128080844879,
  "torso_ratio": 1.2524423868342502,
  "shoulder_prominence": 0.0940016619861126,
  "hip_prominence": 0.04014361649751663
}