{
  "shoulder_hip_ratio": 1.716704964182839,
  "waist_position": 0.5161379128694534,
  "torso_ratio": 1.2237471512605493,
  "shoulder_prominence": 0.05245431885123253,
  "hip_prominence": 0.03038035426288843
}