{
  "shoulder_hip_ratio": 1.6009361648381182,
  "waist_position": 0.5125116109848022,
  "torso_ratio": 1.3842836370566958,
  "shoulder_prominence": 0.25757578760385513,
  "hip_prominence": 0.14687825739383698
}