{
  "shoulder_hip_ratio": 1.779379700666889,
  "waist_position": 0.4762294143438339,
  "torso_ratio": 1.1752986250001278,
  "shoulder_prominence": 0.008125342428684235,
  "hip_prominence": 0.009636341128498316
}