{
  "shoulder_hip_ratio": 1.6788771645782783,
  "waist_position": 0.5133589804172516,
  "torso_ratio": 1.24334909551008,
  "shoulder_prominence": 0.03418508172035217,
  "hip_prominence": 0.029441812075674534
}