{
  "shoulder_hip_ratio": 1.7677406438757617,
  "waist_position": 0.4410129189491272,
  "torso_ratio": 1.2362628761992664,
  "shoulder_prominence": 0.11827373504638672,
  "hip_prominence": 0.05672900192439556
}