{
  "shoulder_hip_ratio": 1.6734237470716957,
  "waist_position": 0.47194573283195496,
  "torso_ratio": 1.2410212527171063,
  "shoulder_prominence": 0.2308920994400978,
  "hip_prominence": 0.10107343271374702
}