{
  "shoulder_hip_ratio": 1.723412257690225,
  "waist_position": 0.48194102942943573,
  "torso_ratio": 1.2099939151630565,
  "shoulder_prominence": 0.004934173077344894,
  "hip_prominence": 0.014320753049105406
}