{
  "shoulder_hip_ratio": 1.708849797750532,
  "waist_position": 0.4965575486421585,
  "torso_ratio": 1.1051625031878067,
  "shoulder_prominence": 0.035066649317741394,
  "hip_prominence": 0.00496506248600781
}