{
  "shoulder_hip_ratio": 2.135835175417113,
  "waist_position": 0.49778543412685394,
  "torso_ratio": 1.138336277113421,
  "shoulder_prominence": 0.0355631560087204,
  "hip_prominence": 0.012108855415135622
}