{
  "shoulder_hip_ratio": 1.664768058300579,
  "waist_position": 0.5580750703811646,
  "torso_ratio": 1.1923134076167592,
  "shoulder_prominence": 0.020106211304664612,
  "hip_prominence": 0.02871073503047228
}