{
  "shoulder_hip_ratio": 1.7751120555007114,
  "waist_position": 0.4722706526517868,
  "torso_ratio": 1.2344614043980204,
  "shoulder_prominence": 0.13785208016633987,
  "hip_prominence": 0.13828542828559875
}