{
  "shoulder_hip_ratio": 1.58974248867104,
  "waist_position": 0.479948028922081,
  "torso_ratio": 1.413364421932732,
  "shoulder_prominence": 0.00863514095544815,
  "hip_prominence": 0.04779697768390179
}