{
  "shoulder_hip_ratio": 1.7016465918883348,
  "waist_position": 0.5107065141201019,
  "torso_ratio": 1.180068830807635,
  "shoulder_prominence": 0.025947079062461853,
  "hip_prominence": 0.038079576566815376
}