{
  "shoulder_hip_ratio": 1.7637581577256116,
  "waist_position": 0.4875245541334152,
  "torso_ratio": 1.0692271600602417,
  "shoulder_prominence": 0.11550325155258179,
  "hip_prominence": 0.06726748123764992
}