{
  "shoulder_hip_ratio": 1.7087312206882543,
  "waist_position": 0.4653710573911667,
  "torso_ratio": 1.1949357792819948,
  "shoulder_prominence": 0.07631104066967964,
  "hip_prominence": 0.06625121831893921
}