{
  "shoulder_hip_ratio": 1.5685777778268255,
  "waist_position": 0.5203080475330353,
  "torso_ratio": 1.1735745225344503,
  "shoulder_prominence": 0.09731268882751465,
  "hip_prominence": 0.04571167007088661
}