{
  "shoulder_hip_ratio": 1.7228024438514467,
  "waist_position": 0.5182877480983734,
  "torso_ratio": 1.1949431600053462,
  "shoulder_prominence": 0.019057856872677803,
  "hip_prominence": 0.004630052950233221
}