{
  "shoulder_hip_ratio": 1.831083004863532,
  "waist_position": 0.4679103195667267,
  "torso_ratio": 1.3236706284874784,
  "shoulder_prominence": 0.03938962519168854,
  "hip_prominence": 0.00956154614686966
}