{
  "shoulder_hip_ratio": 1.578811915306224,
  "waist_position": 0.4923762232065201,
  "torso_ratio": 1.2298897944960447,
  "shoulder_prominence": 0.06168370321393013,
  "hip_prominence": 0.03942294791340828
}