{
  "shoulder_hip_ratio": 1.89296899481921,
  "waist_position": 0.4658154845237732,
  "torso_ratio": 1.5595220318452359,
  "shoulder_prominence": 0.28499218821525574,
  "hip_prominence": 0.2202678769826889
}