{
  "shoulder_hip_ratio": 1.3748777703319945,
  "waist_position": 0.5114637017250061,
  "torso_ratio": 1.6570790952434953,
  "shoulder_prominence": 0.390095554292202,
  "hip_prominence": 0.26004457473754883
}