{
  "shoulder_hip_ratio": 1.6590593973665475,
  "waist_position": 0.49124740064144135,
  "torso_ratio": 1.5676093817333305,
  "shoulder_prominence": 0.21937687695026398,
  "hip_prominence": 0.13894519954919815
}