{
  "shoulder_hip_ratio": 1.464341092498649,
  "waist_position": 0.4490429311990738,
  "torso_ratio": 2.0955570703694666,
  "shoulder_prominence": 0.531704843044281,
  "hip_prominence": 0.34110473096370697
}