{
  "shoulder_hip_ratio": 1.845165570827173,
  "waist_position": 0.4883992075920105,
  "torso_ratio": 1.6883441207950458,
  "shoulder_prominence": 0.39854682981967926,
  "hip_prominence": 0.23936446011066437
}