{
  "shoulder_hip_ratio": 1.5539453847475873,
  "waist_position": 0.5174494981765747,
  "torso_ratio": 1.2410819882174011,
  "shoulder_prominence": 0.004153423011302948,
  "hip_prominence": 0.0024451330536976457
}