{
  "shoulder_hip_ratio": 1.8107527960105008,
  "waist_position": 0.5216954052448273,
  "torso_ratio": 1.2177173720410082,
  "shoulder_prominence": 0.02002076804637909,
  "hip_prominence": 0.014870746061205864
}