{
  "shoulder_hip_ratio": 1.7222034260580072,
  "waist_position": 0.5068805515766144,
  "torso_ratio": 1.2888619279108051,
  "shoulder_prominence": 0.08589985594153404,
  "hip_prominence": 0.05826685577630997
}