{
  "shoulder_hip_ratio": 1.8611003216294724,
  "waist_position": 0.48624013364315033,
  "torso_ratio": 1.1555548643398246,
  "shoulder_prominence": 0.14460347220301628,
  "hip_prominence": 0.11212808638811111
}