{
  "shoulder_hip_ratio": 1.5372845618649735,
  "waist_position": 0.520546942949295,
  "torso_ratio": 1.2038591762289967,
  "shoulder_prominence": 0.0871143788099289,
  "hip_prominence": 0.04442181438207626
}