{
  "shoulder_hip_ratio": 1.6333607648459303,
  "waist_position": 0.5140405893325806,
  "torso_ratio": 1.3009633049054194,
  "shoulder_prominence": 0.21344715729355812,
  "hip_prominence": 0.13247621059417725
}