{
  "shoulder_hip_ratio": 1.7735181512780018,
  "waist_position": 0.52323117852211,
  "torso_ratio": 1.1845641767779254,
  "shoulder_prominence": 0.019159801304340363,
  "hip_prominence": 0.08498532697558403
}