{
  "shoulder_hip_ratio": 1.820041420605275,
  "waist_position": 0.42911994457244873,
  "torso_ratio": 1.349584213037365,
  "shoulder_prominence": 0.07402375340461731,
  "hip_prominence": 0.06375934928655624
}