{
  "shoulder_hip_ratio": 1.6532347031376569,
  "waist_position": 0.46206094324588776,
  "torso_ratio": 1.0504179395055107,
  "shoulder_prominence": 0.0021317899227142334,
  "hip_prominence": 0.025371846742928028
}