{
  "shoulder_hip_ratio": 1.7603757472740387,
  "waist_position": 0.48018716275691986,
  "torso_ratio": 1.0748375764884923,
  "shoulder_prominence": 0.026006966829299927,
  "hip_prominence": 0.0027202822966501117
}