{
  "shoulder_hip_ratio": 1.6979681242827842,
  "waist_position": 0.5115641057491302,
  "torso_ratio": 1.2328816296181226,
  "shoulder_prominence": 0.00037904828786849976,
  "hip_prominence": 0.013562990818172693
}