{
  "shoulder_hip_ratio": 1.779080566236344,
  "waist_position": 0.46868425607681274,
  "torso_ratio": 1.1859096347234217,
  "shoulder_prominence": 0.03945941478013992,
  "hip_prominence": 0.03343206271529198
}