{
  "shoulder_hip_ratio": 1.868279144821423,
  "waist_position": 0.5021540969610214,
  "torso_ratio": 1.1199935501479545,
  "shoulder_prominence": 0.09233736264286563,
  "hip_prominence": 0.078166663646698
}