{
  "shoulder_hip_ratio": 1.6912801694151471,
  "waist_position": 0.5193715691566467,
  "torso_ratio": 1.3350607310947111,
  "shoulder_prominence": 0.10901064798235893,
  "hip_prominence": 0.08799734339118004
}