{
  "shoulder_hip_ratio": 1.7208352955664898,
  "waist_position": 0.5154416859149933,
  "torso_ratio": 1.1929556690376524,
  "shoulder_prominence": 0.025623604655265808,
  "hip_prominence": 0.02024692017585039
}