{
  "shoulder_hip_ratio": 1.6905349394358944,
  "waist_position": 0.5314160585403442,
  "torso_ratio": 1.1040534010763656,
  "shoulder_prominence": 0.11179148405790329,
  "hip_prominence": 0.1310189664363861
}