{
  "shoulder_hip_ratio": 1.4851049929179907,
  "waist_position": 0.47500962018966675,
  "torso_ratio": 2.8393176201662866,
  "shoulder_prominence": 0.6045959442853928,
  "hip_prominence": 0.40529023110866547
}