{
  "shoulder_hip_ratio": 1.7856835563067068,
  "waist_position": 0.4967203736305237,
  "torso_ratio": 1.274527237836827,
  "shoulder_prominence": 0.15450865682214499,
  "hip_prominence": 0.04805426672101021
}