{
  "shoulder_hip_ratio": 1.7013951294492244,
  "waist_position": 0.506949320435524,
  "torso_ratio": 1.1814134478802396,
  "shoulder_prominence": 0.04363800585269928,
  "hip_prominence": 0.029676510952413082
}