{
  "shoulder_hip_ratio": 1.5277298795975598,
  "waist_position": 0.5035442262887955,
  "torso_ratio": 1.6744646650102009,
  "shoulder_prominence": 0.24889026954770088,
  "hip_prominence": 0.1730295941233635
}