{
  "shoulder_hip_ratio": 1.7353300199536985,
  "waist_position": 0.4862069636583328,
  "torso_ratio": 1.4235052933174872,
  "shoulder_prominence": 0.15768978372216225,
  "hip_prominence": 0.07033322006464005
}