{
  "shoulder_hip_ratio": 1.747475500549194,
  "waist_position": 0.4883371740579605,
  "torso_ratio": 1.1902741696017276,
  "shoulder_prominence": 0.06892593204975128,
  "hip_prominence": 0.02970076259225607
}