{
  "shoulder_hip_ratio": 1.5355921153743792,
  "waist_position": 0.5123008191585541,
  "torso_ratio": 1.3733518038124648,
  "shoulder_prominence": 0.1401473879814148,
  "hip_prominence": 0.05765591934323311
}