{
  "shoulder_hip_ratio": 1.7270555168269492,
  "waist_position": 0.5306800007820129,
  "torso_ratio": 1.1865981233066805,
  "shoulder_prominence": 0.1402478334493935,
  "hip_prominence": 0.1110292300581932
}