{
  "shoulder_hip_ratio": 1.5499318249928489,
  "waist_position": 0.5352111160755157,
  "torso_ratio": 2.9986418941904223,
  "shoulder_prominence": 0.5780315548181534,
  "hip_prominence": 0.45154517889022827
}