{
  "shoulder_hip_ratio": 1.6334079624857443,
  "waist_position": 0.515488475561142,
  "torso_ratio": 1.1723524874556195,
  "shoulder_prominence": 0.00242798775434494,
  "hip_prominence": 0.0004905907953798305
}