{
  "shoulder_hip_ratio": 2.0519238930985693,
  "waist_position": 0.5003509223461151,
  "torso_ratio": 3.1005997078259324,
  "shoulder_prominence": 0.2790038585662842,
  "hip_prominence": 0.17424143850803375
}