{
  "shoulder_hip_ratio": 1.6143450840184672,
  "waist_position": 0.4872480183839798,
  "torso_ratio": 1.2025570237308008,
  "shoulder_prominence": 0.13575686141848564,
  "hip_prominence": 0.053059088066220284
}