{
  "shoulder_hip_ratio": 1.8540860279004259,
  "waist_position": 0.5047395974397659,
  "torso_ratio": 1.3050509898182883,
  "shoulder_prominence": 0.20569671504199505,
  "hip_prominence": 0.15673517435789108
}