{
  "shoulder_hip_ratio": 1.78242480652968,
  "waist_position": 0.5142491161823273,
  "torso_ratio": 1.2848422224981242,
  "shoulder_prominence": 0.043832212686538696,
  "hip_prominence": 0.018607279285788536
}