{
  "shoulder_hip_ratio": 1.7308366465816396,
  "waist_position": 0.4851788282394409,
  "torso_ratio": 1.1362102425236829,
  "shoulder_prominence": 0.006600081920623779,
  "hip_prominence": 0.02246774733066559
}