{
  "shoulder_hip_ratio": 1.7248193598078405,
  "waist_position": 0.4951713979244232,
  "torso_ratio": 1.2129810958660876,
  "shoulder_prominence": 0.0503176674246788,
  "hip_prominence": 0.014879321679472923
}