{
  "shoulder_hip_ratio": 1.656423646076553,
  "waist_position": 0.5263717174530029,
  "torso_ratio": 1.0937049312975597,
  "shoulder_prominence": 0.007168084383010864,
  "hip_prominence": 0.036833882331848145
}