{
  "shoulder_hip_ratio": 1.743985201878332,
  "waist_position": 0.48502109944820404,
  "torso_ratio": 1.2024194078902968,
  "shoulder_prominence": 0.02088499814271927,
  "hip_prominence": 0.0253530265763402
}