{
  "shoulder_hip_ratio": 1.7301364920194877,
  "waist_position": 0.5439059138298035,
  "torso_ratio": 1.2820928067126096,
  "shoulder_prominence": 0.12526959483511746,
  "hip_prominence": 0.05553874745965004
}