{
  "shoulder_hip_ratio": 1.8686990717895804,
  "waist_position": 0.5315674841403961,
  "torso_ratio": 1.2710152197714042,
  "shoulder_prominence": 0.19747113436460495,
  "hip_prominence": 0.10630239546298981
}