{
  "shoulder_hip_ratio": 1.6149381421698725,
  "waist_position": 0.47969743609428406,
  "torso_ratio": 1.2573836148239397,
  "shoulder_prominence": 0.0439992006868124,
  "hip_prominence": 0.024790609255433083
}