{
  "shoulder_hip_ratio": 1.7700655782704093,
  "waist_position": 0.4941423833370209,
  "torso_ratio": 1.249447609659714,
  "shoulder_prominence": 0.03344247490167618,
  "hip_prominence": 0.04317690432071686
}