{
  "shoulder_hip_ratio": 1.721826652775522,
  "waist_position": 0.5138072371482849,
  "torso_ratio": 1.2343455143087765,
  "shoulder_prominence": 0.12382896617054939,
  "hip_prominence": 0.06881046295166016
}