{
  "shoulder_hip_ratio": 1.631592984317569,
  "waist_position": 0.5344968736171722,
  "torso_ratio": 1.2434950348108724,
  "shoulder_prominence": 0.14296820759773254,
  "hip_prominence": 0.0683661624789238
}