{
  "shoulder_hip_ratio": 1.8059905596496575,
  "waist_position": 0.4927346557378769,
  "torso_ratio": 1.265253808415668,
  "shoulder_prominence": 0.006935112178325653,
  "hip_prominence": 0.00684110214933753
}