{
  "shoulder_hip_ratio": 1.7270306071119779,
  "waist_position": 0.49175795912742615,
  "torso_ratio": 1.3224599778035047,
  "shoulder_prominence": 0.12277157977223396,
  "hip_prominence": 0.07263614609837532
}