{
  "shoulder_hip_ratio": 1.728690575538563,
  "waist_position": 0.49678704142570496,
  "torso_ratio": 1.191804144365219,
  "shoulder_prominence": 0.00603911280632019,
  "hip_prominence": 0.006636317120864987
}