{
  "shoulder_hip_ratio": 1.674025226790094,
  "waist_position": 0.49347296357154846,
  "torso_ratio": 1.7281445661429489,
  "shoulder_prominence": 0.46924181282520294,
  "hip_prominence": 0.3079581707715988
}