{
  "shoulder_hip_ratio": 1.811624317883247,
  "waist_position": 0.46576422452926636,
  "torso_ratio": 1.2522081332795838,
  "shoulder_prominence": 0.02315189689397812,
  "hip_prominence": 0.044343896210193634
}