{
  "shoulder_hip_ratio": 1.7135679515935698,
  "waist_position": 0.5209314525127411,
  "torso_ratio": 1.183756272709733,
  "shoulder_prominence": 0.06883607059717178,
  "hip_prominence": 0.005038143368437886
}