{
  "shoulder_hip_ratio": 2.3906974871704443,
  "waist_position": 0.5159481465816498,
  "torso_ratio": 2.3503247773668967,
  "shoulder_prominence": 0.44223952293395996,
  "hip_prominence": 0.3640664368867874
}