{
  "shoulder_hip_ratio": 1.5756953001217742,
  "waist_position": 0.4994550049304962,
  "torso_ratio": 1.1966974020294388,
  "shoulder_prominence": 0.022341569885611534,
  "hip_prominence": 0.041991377249360085
}