{
  "shoulder_hip_ratio": 1.7427686837189966,
  "waist_position": 0.5171614438295364,
  "torso_ratio": 1.1734626012111942,
  "shoulder_prominence": 0.00493081659078598,
  "hip_prominence": 0.010570932179689407
}