{
  "shoulder_hip_ratio": 1.77196497120779,
  "waist_position": 0.4708958566188812,
  "torso_ratio": 1.2502911387155127,
  "shoulder_prominence": 0.027495600283145905,
  "hip_prominence": 0.0044356537982821465
}