{
  "shoulder_hip_ratio": 1.5855295635750817,
  "waist_position": 0.4779549390077591,
  "torso_ratio": 1.1786091744652323,
  "shoulder_prominence": 0.020489487797021866,
  "hip_prominence": 0.006786458659917116
}