{
  "shoulder_hip_ratio": 1.6149263140876933,
  "waist_position": 0.5156565308570862,
  "torso_ratio": 1.2388102668768128,
  "shoulder_prominence": 0.031380470376461744,
  "hip_prominence": 0.021443894132971764
}