{
  "shoulder_hip_ratio": 1.7436736810415914,
  "waist_position": 0.4759339988231659,
  "torso_ratio": 1.8070187097079147,
  "shoulder_prominence": 0.4507026821374893,
  "hip_prominence": 0.24907445162534714
}