{
  "shoulder_hip_ratio": 1.7518752918818135,
  "waist_position": 0.48687978088855743,
  "torso_ratio": 1.2470474552122863,
  "shoulder_prominence": 0.12628840282559395,
  "hip_prominence": 0.08645342662930489
}