{
  "shoulder_hip_ratio": 1.5148987640427742,
  "waist_position": 0.5099258720874786,
  "torso_ratio": 1.4932471776744136,
  "shoulder_prominence": 0.3721110187470913,
  "hip_prominence": 0.2239382565021515
}