{
  "shoulder_hip_ratio": 1.6134919225328703,
  "waist_position": 0.49928149580955505,
  "torso_ratio": 1.3148228322907274,
  "shoulder_prominence": 0.10755706578493118,
  "hip_prominence": 0.0559172835201025
}