{
  "shoulder_hip_ratio": 1.7109722474181932,
  "waist_position": 0.511349231004715,
  "torso_ratio": 1.2858524521538244,
  "shoulder_prominence": 0.050829777494072914,
  "hip_prominence": 0.06000378169119358
}