{
  "shoulder_hip_ratio": 1.804277668841058,
  "waist_position": 0.506848156452179,
  "torso_ratio": 1.3042749653279138,
  "shoulder_prominence": 0.10654278844594955,
  "hip_prominence": 0.0730602815747261
}