{
  "shoulder_hip_ratio": 1.6657021244201087,
  "waist_position": 0.4796530455350876,
  "torso_ratio": 1.2142123117079926,
  "shoulder_prominence": 0.04772358760237694,
  "hip_prominence": 0.03584521263837814
}