{
  "shoulder_hip_ratio": 1.8843710610838775,
  "waist_position": 0.5060201287269592,
  "torso_ratio": 1.3411671841730108,
  "shoulder_prominence": 0.06290597282350063,
  "hip_prominence": 0.015055785421282053
}