{
  "shoulder_hip_ratio": 1.6500055673745158,
  "waist_position": 0.479232594370842,
  "torso_ratio": 1.2207284193676606,
  "shoulder_prominence": 0.051793333142995834,
  "hip_prominence": 0.03979027085006237
}