{
  "shoulder_hip_ratio": 1.7400027114189331,
  "waist_position": 0.48333197832107544,
  "torso_ratio": 1.2083444258003961,
  "shoulder_prominence": 0.056594859808683395,
  "hip_prominence": 0.02679365035146475
}