{
  "shoulder_hip_ratio": 1.7003258433204884,
  "waist_position": 0.5334750711917877,
  "torso_ratio": 1.2895274171365674,
  "shoulder_prominence": 0.13943620771169662,
  "hip_prominence": 0.08212214708328247
}