{
  "shoulder_hip_ratio": 1.6779251326469649,
  "waist_position": 0.5067170560359955,
  "torso_ratio": 1.0906898099030067,
  "shoulder_prominence": 0.0882902592420578,
  "hip_prominence": 0.038093434646725655
}