{
  "shoulder_hip_ratio": 1.570156170807895,
  "waist_position": 0.5219758152961731,
  "torso_ratio": 1.4824769362168664,
  "shoulder_prominence": 0.418916217982769,
  "hip_prominence": 0.24012963473796844
}