{
  "shoulder_hip_ratio": 1.6814422244712528,
  "waist_position": 0.5037254989147186,
  "torso_ratio": 1.2776703039968262,
  "shoulder_prominence": 0.012421261286363006,
  "hip_prominence": 0.013465366326272488
}