{
  "shoulder_hip_ratio": 1.5809270661412478,
  "waist_position": 0.5020504891872406,
  "torso_ratio": 1.4163437804445218,
  "shoulder_prominence": 0.11412599124014378,
  "hip_prominence": 0.09859860688447952
}