{
  "shoulder_hip_ratio": 1.786089667889365,
  "waist_position": 0.4878956824541092,
  "torso_ratio": 1.278092383522488,
  "shoulder_prominence": 0.05109260976314545,
  "hip_prominence": 0.05914123170077801
}