{
  "shoulder_hip_ratio": 1.8311182290201893,
  "waist_position": 0.5009389221668243,
  "torso_ratio": 1.223750282761294,
  "shoulder_prominence": 0.00956348329782486,
  "hip_prominence": 0.004767242819070816
}