{
  "shoulder_hip_ratio": 1.5901323436346584,
  "waist_position": 0.5077120363712311,
  "torso_ratio": 1.205845870711085,
  "shoulder_prominence": 0.046212805435061455,
  "hip_prominence": 0.04161980003118515
}