{
  "shoulder_hip_ratio": 1.865043331369962,
  "waist_position": 0.48393402993679047,
  "torso_ratio": 1.1470003314260144,
  "shoulder_prominence": 0.13751381635665894,
  "hip_prominence": 0.05813848227262497
}