{
  "shoulder_hip_ratio": 1.72514352312358,
  "waist_position": 0.5230777859687805,
  "torso_ratio": 1.2402813245126627,
  "shoulder_prominence": 0.03956826403737068,
  "hip_prominence": 0.08218218758702278
}