{
  "shoulder_hip_ratio": 1.743533850754915,
  "waist_position": 0.49736614525318146,
  "torso_ratio": 1.1676223262543735,
  "shoulder_prominence": 0.021232515573501587,
  "hip_prominence": 0.01249330211430788
}