{
  "shoulder_hip_ratio": 1.8297686538713949,
  "waist_position": 0.48870089650154114,
  "torso_ratio": 1.3024135308574571,
  "shoulder_prominence": 0.09127052850089967,
  "hip_prominence": 0.04034334234893322
}