{
  "shoulder_hip_ratio": 1.7789546735237352,
  "waist_position": 0.4638050049543381,
  "torso_ratio": 1.166560601252894,
  "shoulder_prominence": 0.07048435509204865,
  "hip_prominence": 0.03742488473653793
}