{
  "shoulder_hip_ratio": 1.5831350649420182,
  "waist_position": 0.5117171704769135,
  "torso_ratio": 1.1068258228287375,
  "shoulder_prominence": 0.11794422939419746,
  "hip_prominence": 0.07067625969648361
}