{
  "shoulder_hip_ratio": 1.8091469467901977,
  "waist_position": 0.4881677031517029,
  "torso_ratio": 1.2285490428677952,
  "shoulder_prominence": 0.07124947756528854,
  "hip_prominence": 0.06633120030164719
}