{
  "shoulder_hip_ratio": 1.63580470692617,
  "waist_position": 0.5313439965248108,
  "torso_ratio": 1.2278602655926534,
  "shoulder_prominence": 0.04714396968483925,
  "hip_prominence": 0.0627064760774374
}