{
  "shoulder_hip_ratio": 1.7048483625643478,
  "waist_position": 0.47159771621227264,
  "torso_ratio": 1.3399209360357607,
  "shoulder_prominence": 0.09280869970098138,
  "hip_prominence": 0.05433453619480133
}