{
  "shoulder_hip_ratio": 1.7197871047304818,
  "waist_position": 0.5319208204746246,
  "torso_ratio": 1.1125656404623478,
  "shoulder_prominence": 0.1572915017604828,
  "hip_prominence": 0.09125315770506859
}