{
  "shoulder_hip_ratio": 1.7463941659771591,
  "waist_position": 0.5183530747890472,
  "torso_ratio": 1.1351734597670426,
  "shoulder_prominence": 0.1793702095746994,
  "hip_prominence": 0.0908421091735363
}