{
  "shoulder_hip_ratio": 1.584882315934776,
  "waist_position": 0.5013744235038757,
  "torso_ratio": 1.3543008481464485,
  "shoulder_prominence": 0.08117691613733768,
  "hip_prominence": 0.04320210963487625
}