{
  "shoulder_hip_ratio": 1.7866974762250856,
  "waist_position": 0.5132943391799927,
  "torso_ratio": 1.1380264377560905,
  "shoulder_prominence": 0.12938427925109863,
  "hip_prominence": 0.061763130128383636
}