{
  "shoulder_hip_ratio": 1.7224460968575395,
  "waist_position": 0.47764699161052704,
  "torso_ratio": 1.1867909867662525,
  "shoulder_prominence": 0.05471113696694374,
  "hip_prominence": 0.05061729624867439
}