{
  "shoulder_hip_ratio": 2.003129201554163,
  "waist_position": 0.5254044979810715,
  "torso_ratio": 1.1165094859228857,
  "shoulder_prominence": 0.15155857428908348,
  "hip_prominence": 0.09458188712596893
}