{
  "shoulder_hip_ratio": 1.8472845046918505,
  "waist_position": 0.5041678249835968,
  "torso_ratio": 1.4767264064133456,
  "shoulder_prominence": 0.18063808977603912,
  "hip_prominence": 0.1271309331059456
}