{
  "shoulder_hip_ratio": 1.653415984413349,
  "waist_position": 0.4888961464166641,
  "torso_ratio": 1.265939465689773,
  "shoulder_prominence": 0.031148791313171387,
  "hip_prominence": 0.035164060071110725
}