{
  "shoulder_hip_ratio": 1.435063839047234,
  "waist_position": 0.5129549503326416,
  "torso_ratio": 1.5325979776162244,
  "shoulder_prominence": 0.3634544536471367,
  "hip_prominence": 0.2476324737071991
}