{
  "shoulder_hip_ratio": 1.794642973816631,
  "waist_position": 0.4668879508972168,
  "torso_ratio": 1.2470231817034882,
  "shoulder_prominence": 0.157569395378232,
  "hip_prominence": 0.12911730259656906
}