{
  "shoulder_hip_ratio": 1.942036553262701,
  "waist_position": 0.46932703256607056,
  "torso_ratio": 1.2516393344564605,
  "shoulder_prominence": 0.2690022140741348,
  "hip_prominence": 0.19300805777311325
}