{
  "shoulder_hip_ratio": 1.7542878572754672,
  "waist_position": 0.49666090309619904,
  "torso_ratio": 1.1306112881778256,
  "shoulder_prominence": 0.015946537256240845,
  "hip_prominence": 0.0015898303245194256
}