{
  "shoulder_hip_ratio": 1.631022959109215,
  "waist_position": 0.4941714107990265,
  "torso_ratio": 1.1481418125551588,
  "shoulder_prominence": 0.02668781578540802,
  "hip_prominence": 0.00746588921174407
}