{
  "shoulder_hip_ratio": 2.207842256740879,
  "waist_position": 0.4842952787876129,
  "torso_ratio": 2.3768412128180416,
  "shoulder_prominence": 0.3627081885933876,
  "hip_prominence": 0.31990329921245575
}