{
  "shoulder_hip_ratio": 1.8697570526853493,
  "waist_position": 0.4866064786911011,
  "torso_ratio": 1.1460519460622272,
  "shoulder_prominence": 0.12184129655361176,
  "hip_prominence": 0.05326854810118675
}