{
  "shoulder_hip_ratio": 1.4807371100597062,
  "waist_position": 0.49588000774383545,
  "torso_ratio": 2.8244694902317242,
  "shoulder_prominence": 0.4297400712966919,
  "hip_prominence": 0.2813553810119629
}