{
  "shoulder_hip_ratio": 1.7979799121168643,
  "waist_position": 0.5419600605964661,
  "torso_ratio": 1.1348208717264008,
  "shoulder_prominence": 0.04336180165410042,
  "hip_prominence": 0.0023301203618757427
}