{
  "shoulder_hip_ratio": 1.6988018915741478,
  "waist_position": 0.4970219284296036,
  "torso_ratio": 1.2780459247769855,
  "shoulder_prominence": 0.01901189051568508,
  "hip_prominence": 0.007558043580502272
}