{
  "shoulder_hip_ratio": 1.7167909723919643,
  "waist_position": 0.5106504857540131,
  "torso_ratio": 1.2497636589144385,
  "shoulder_prominence": 0.15369871258735657,
  "hip_prominence": 0.05546520836651325
}