{
  "shoulder_hip_ratio": 1.7856340383240203,
  "waist_position": 0.5607435405254364,
  "torso_ratio": 1.2586104220268732,
  "shoulder_prominence": 0.10781918466091156,
  "hip_prominence": 0.05015532858669758
}