{
  "shoulder_hip_ratio": 1.7163790486572774,
  "waist_position": 0.49771465361118317,
  "torso_ratio": 1.2997217609005258,
  "shoulder_prominence": 0.020356692373752594,
  "hip_prominence": 0.019341904670000076
}