{
  "shoulder_hip_ratio": 1.8974187211615567,
  "waist_position": 0.4759781211614609,
  "torso_ratio": 1.2949853998110599,
  "shoulder_prominence": 0.1417563147842884,
  "hip_prominence": 0.09710981324315071
}