{
  "shoulder_hip_ratio": 1.7394054650805604,
  "waist_position": 0.5207661092281342,
  "torso_ratio": 1.2604749982774572,
  "shoulder_prominence": 0.022819653153419495,
  "hip_prominence": 0.002831638907082379
}