{
  "shoulder_hip_ratio": 1.565509797563327,
  "waist_position": 0.5144639909267426,
  "torso_ratio": 1.8490715114089191,
  "shoulder_prominence": 0.3616732358932495,
  "hip_prominence": 0.2402775138616562
}