{
  "shoulder_hip_ratio": 1.746269422216991,
  "waist_position": 0.49514539539813995,
  "torso_ratio": 1.0843186026296334,
  "shoulder_prominence": 0.097691860049963,
  "hip_prominence": 0.06918046250939369
}