{
  "shoulder_hip_ratio": 1.741779788069586,
  "waist_position": 0.5331439673900604,
  "torso_ratio": 1.1718390859283705,
  "shoulder_prominence": 0.10575479539693333,
  "hip_prominence": 0.04971942491829395
}