{
  "shoulder_hip_ratio": 1.7533504026415934,
  "waist_position": 0.4814998656511307,
  "torso_ratio": 1.183836516187579,
  "shoulder_prominence": 0.20879952237010002,
  "hip_prominence": 0.09095453098416328
}