{
  "shoulder_hip_ratio": 1.5962125971911718,
  "waist_position": 0.4629647135734558,
  "torso_ratio": 1.2063332029232137,
  "shoulder_prominence": 0.006068319082260132,
  "hip_prominence": 0.012501962017267942
}