{
  "shoulder_hip_ratio": 1.7714211344436461,
  "waist_position": 0.4906354993581772,
  "torso_ratio": 1.2539272659410605,
  "shoulder_prominence": 0.06141395843587816,
  "hip_prominence": 0.016709787771105766
}