{
  "shoulder_hip_ratio": 1.7240851371481456,
  "waist_position": 0.476836696267128,
  "torso_ratio": 1.3678646667275232,
  "shoulder_prominence": 0.23109883069992065,
  "hip_prominence": 0.13198047876358032
}