{
  "shoulder_hip_ratio": 1.7409840077568683,
  "waist_position": 0.4949059933423996,
  "torso_ratio": 1.316057612733823,
  "shoulder_prominence": 0.004452399909496307,
  "hip_prominence": 0.018758059479296207
}