{
  "shoulder_hip_ratio": 1.7220165436137085,
  "waist_position": 0.4728219509124756,
  "torso_ratio": 1.2271643089530813,
  "shoulder_prominence": 0.1587592768482864,
  "hip_prominence": 0.12500974163413048
}