{
  "shoulder_hip_ratio": 1.6439550018490676,
  "waist_position": 0.5043970942497253,
  "torso_ratio": 1.2043739196617695,
  "shoulder_prominence": 0.03549873374868184,
  "hip_prominence": 0.037532487884163857
}