{
  "shoulder_hip_ratio": 1.7708393229591644,
  "waist_position": 0.5147964954376221,
  "torso_ratio": 1.2099845925779882,
  "shoulder_prominence": 0.14550244808197021,
  "hip_prominence": 0.0968577191233635
}