{
  "shoulder_hip_ratio": 1.5772607651893424,
  "waist_position": 0.47015824913978577,
  "torso_ratio": 1.2707632327024196,
  "shoulder_prominence": 0.07055148482322693,
  "hip_prominence": 0.04834926687180996
}