{
  "shoulder_hip_ratio": 1.6711684672684242,
  "waist_position": 0.5243685096502304,
  "torso_ratio": 1.1928496625184117,
  "shoulder_prominence": 0.08567804098129272,
  "hip_prominence": 0.032686635851860046
}