{
  "shoulder_hip_ratio": 1.6467397039278835,
  "waist_position": 0.4926636964082718,
  "torso_ratio": 1.2288255000602069,
  "shoulder_prominence": 0.11900665983557701,
  "hip_prominence": 0.06619669497013092
}