{
  "shoulder_hip_ratio": 1.2487993531974038,
  "waist_position": 0.49616381525993347,
  "torso_ratio": 2.9421344563365674,
  "shoulder_prominence": 0.5687521398067474,
  "hip_prominence": 0.3594721108675003
}