{
  "shoulder_hip_ratio": 1.7446169000803733,
  "waist_position": 0.4663831889629364,
  "torso_ratio": 1.2168796953692527,
  "shoulder_prominence": 0.06135828606784344,
  "hip_prominence": 0.052499737590551376
}