{
  "shoulder_hip_ratio": 1.58408358588862,
  "waist_position": 0.502877801656723,
  "torso_ratio": 1.244299157526347,
  "shoulder_prominence": 0.06464897468686104,
  "hip_prominence": 0.021460378542542458
}