{
  "shoulder_hip_ratio": 1.5577792041993919,
  "waist_position": 0.4910547733306885,
  "torso_ratio": 1.2539333994908601,
  "shoulder_prominence": 0.008978549856692553,
  "hip_prominence": 0.013336991425603628
}