{
  "shoulder_hip_ratio": 1.5727881777576154,
  "waist_position": 0.5065133273601532,
  "torso_ratio": 1.2617331891227535,
  "shoulder_prominence": 0.022501698695123196,
  "hip_prominence": 0.01778161060065031
}