{
  "shoulder_hip_ratio": 1.5902541952442466,
  "waist_position": 0.5285737216472626,
  "torso_ratio": 1.176022570776218,
  "shoulder_prominence": 0.03524377942085266,
  "hip_prominence": 0.04385559633374214
}