{
  "shoulder_hip_ratio": 1.6672985474783426,
  "waist_position": 0.5236137211322784,
  "torso_ratio": 1.269266180280895,
  "shoulder_prominence": 0.09990546107292175,
  "hip_prominence": 0.03387175500392914
}