{
  "shoulder_hip_ratio": 1.7603485419189884,
  "waist_position": 0.5080489069223404,
  "torso_ratio": 1.231786837341375,
  "shoulder_prominence": 0.042779408395290375,
  "hip_prominence": 0.04706968553364277
}