{
  "shoulder_hip_ratio": 1.836250959457742,
  "waist_position": 0.4540722519159317,
  "torso_ratio": 1.2115551218992189,
  "shoulder_prominence": 0.04305180162191391,
  "hip_prominence": 0.05467962473630905
}