{
  "shoulder_hip_ratio": 1.7530053167949733,
  "waist_position": 0.509827271103859,
  "torso_ratio": 1.1057007844907658,
  "shoulder_prominence": 0.002965180203318596,
  "hip_prominence": 0.004558265209197998
}