{
  "shoulder_hip_ratio": 1.6714929108829752,
  "waist_position": 0.5286524295806885,
  "torso_ratio": 1.148016980477803,
  "shoulder_prominence": 0.01840958744287491,
  "hip_prominence": 0.022112054750323296
}