{
  "shoulder_hip_ratio": 1.744537385621726,
  "waist_position": 0.5080652236938477,
  "torso_ratio": 1.176341686466112,
  "shoulder_prominence": 0.011694997549057007,
  "hip_prominence": 0.03072875551879406
}