{
  "shoulder_hip_ratio": 1.7052828147285297,
  "waist_position": 0.5245346128940582,
  "torso_ratio": 1.208651605164467,
  "shoulder_prominence": 0.08337153494358063,
  "hip_prominence": 0.020288407802581787
}