{
  "shoulder_hip_ratio": 1.6625020678126012,
  "waist_position": 0.5099700093269348,
  "torso_ratio": 1.1119586091435718,
  "shoulder_prominence": 0.011608444154262543,
  "hip_prominence": 0.013650191947817802
}