{
  "shoulder_hip_ratio": 1.6969058970852915,
  "waist_position": 0.48774999380111694,
  "torso_ratio": 1.205603890923398,
  "shoulder_prominence": 0.010869607329368591,
  "hip_prominence": 0.018509186804294586
}