{
  "shoulder_hip_ratio": 1.7651018643092657,
  "waist_position": 0.49137212336063385,
  "torso_ratio": 1.2531053267752674,
  "shoulder_prominence": 0.06975061725825071,
  "hip_prominence": 0.056739943102002144
}