{
  "shoulder_hip_ratio": 1.7748392497131766,
  "waist_position": 0.5237358808517456,
  "torso_ratio": 1.2784689015095638,
  "shoulder_prominence": 0.006320871412754059,
  "hip_prominence": 0.0039297976763919
}