{
  "shoulder_hip_ratio": 1.8756119322691134,
  "waist_position": 0.4920348525047302,
  "torso_ratio": 1.2938562687738087,
  "shoulder_prominence": 0.08557251282036304,
  "hip_prominence": 0.03898414224386215
}