{
  "shoulder_hip_ratio": 1.6713433812483798,
  "waist_position": 0.44975198805332184,
  "torso_ratio": 1.2728167565028108,
  "shoulder_prominence": 0.0028284043073654175,
  "hip_prominence": 0.01057724142447114
}