{
  "shoulder_hip_ratio": 1.7600515514997104,
  "waist_position": 0.47772593796253204,
  "torso_ratio": 1.116260102724487,
  "shoulder_prominence": 0.003955036401748657,
  "hip_prominence": 0.020533115603029728
}