{
  "shoulder_hip_ratio": 1.8256234875529633,
  "waist_position": 0.48243317008018494,
  "torso_ratio": 1.2344017603932376,
  "shoulder_prominence": 0.151727594435215,
  "hip_prominence": 0.08745162934064865
}