{
  "shoulder_hip_ratio": 1.7640559976183852,
  "waist_position": 0.46836693584918976,
  "torso_ratio": 1.1857558105506931,
  "shoulder_prominence": 0.03855156898498535,
  "hip_prominence": 0.03770825453102589
}