{
  "shoulder_hip_ratio": 1.7825139184333731,
  "waist_position": 0.512442022562027,
  "torso_ratio": 1.2091840595067758,
  "shoulder_prominence": 0.09366121888160706,
  "hip_prominence": 0.029287355951964855
}