{
  "shoulder_hip_ratio": 1.7453941847769878,
  "waist_position": 0.5035640001296997,
  "torso_ratio": 1.1430513620882061,
  "shoulder_prominence": 0.2882858105003834,
  "hip_prominence": 0.2242978811264038
}