{
  "shoulder_hip_ratio": 0.6036052162738078,
  "waist_position": 0.5238591432571411,
  "torso_ratio": 6.7036826660664035,
  "shoulder_prominence": 0.41110585629940033,
  "hip_prominence": 0.26790738105773926
}