{
  "shoulder_hip_ratio": 1.9404172538092022,
  "waist_position": 0.48613590002059937,
  "torso_ratio": 1.4315999497940652,
  "shoulder_prominence": 0.4252190589904785,
  "hip_prominence": 0.24803900718688965
}