{
  "shoulder_hip_ratio": 1.6126893978851078,
  "waist_position": 0.5099169015884399,
  "torso_ratio": 1.2836913528625573,
  "shoulder_prominence": 0.013652196619659662,
  "hip_prominence": 0.01302682375535369
}