{
  "shoulder_hip_ratio": 1.7927823979031001,
  "waist_position": 0.4824976921081543,
  "torso_ratio": 1.2678309841091806,
  "shoulder_prominence": 0.08460544794797897,
  "hip_prominence": 0.08343479037284851
}