{
  "shoulder_hip_ratio": 1.5734723951820975,
  "waist_position": 0.5278097093105316,
  "torso_ratio": 2.9819704177287543,
  "shoulder_prominence": 0.7278673052787781,
  "hip_prominence": 0.5015948116779327
}