{
  "shoulder_hip_ratio": 1.8565554971699163,
  "waist_position": 0.4996529668569565,
  "torso_ratio": 1.103573382399585,
  "shoulder_prominence": 0.09867056645452976,
  "hip_prominence": 0.058947157114744186
}