{
  "shoulder_hip_ratio": 0.9395962162440105,
  "waist_position": 0.5078049004077911,
  "torso_ratio": 4.334323752927854,
  "shoulder_prominence": 0.3666096180677414,
  "hip_prominence": 0.23622554540634155
}