{
  "shoulder_hip_ratio": 1.6726479457247048,
  "waist_position": 0.5073017477989197,
  "torso_ratio": 1.247183742411432,
  "shoulder_prominence": 0.1352168172597885,
  "hip_prominence": 0.08754954859614372
}