{
  "shoulder_hip_ratio": 1.644907779707925,
  "waist_position": 0.5480597615242004,
  "torso_ratio": 1.3004779256228953,
  "shoulder_prominence": 0.02979036420583725,
  "hip_prominence": 0.001637468347325921
}