{
  "shoulder_hip_ratio": 1.4600664254098783,
  "waist_position": 0.5350722074508667,
  "torso_ratio": 2.6977376575847893,
  "shoulder_prominence": 0.5795731097459793,
  "hip_prominence": 0.37153884768486023
}