{
  "shoulder_hip_ratio": 1.7021477610924145,
  "waist_position": 0.499611958861351,
  "torso_ratio": 1.3375780154210073,
  "shoulder_prominence": 0.0002644490450620651,
  "hip_prominence": 0.0026998022804036736
}