{
  "shoulder_hip_ratio": 1.6143105626470384,
  "waist_position": 0.5090201497077942,
  "torso_ratio": 1.2595481150863255,
  "shoulder_prominence": 0.05450495705008507,
  "hip_prominence": 0.012878215871751308
}