{
  "shoulder_hip_ratio": 1.618122874947492,
  "waist_position": 0.5035385489463806,
  "torso_ratio": 1.6913669365928965,
  "shoulder_prominence": 0.3910674601793289,
  "hip_prominence": 0.2520912289619446
}