{
  "shoulder_hip_ratio": 1.6524594270513189,
  "waist_position": 0.47170519828796387,
  "torso_ratio": 1.0830560166506709,
  "shoulder_prominence": 0.05289969593286514,
  "hip_prominence": 0.011152277234941721
}