{
  "shoulder_hip_ratio": 1.9191951945421148,
  "waist_position": 0.4721373915672302,
  "torso_ratio": 1.3346116993914983,
  "shoulder_prominence": 0.3251001387834549,
  "hip_prominence": 0.26989661157131195
}