{
  "shoulder_hip_ratio": 1.6955063182948786,
  "waist_position": 0.5059665143489838,
  "torso_ratio": 1.1133702906016059,
  "shoulder_prominence": 0.150248222053051,
  "hip_prominence": 0.08589919656515121
}