{
  "shoulder_hip_ratio": 1.6758835981127247,
  "waist_position": 0.5207063555717468,
  "torso_ratio": 1.3963715509665715,
  "shoulder_prominence": 0.1316088573075831,
  "hip_prominence": 0.07850749045610428
}