{
  "shoulder_hip_ratio": 1.7229707206985696,
  "waist_position": 0.4870340973138809,
  "torso_ratio": 1.2554824065124657,
  "shoulder_prominence": 0.15945414965972304,
  "hip_prominence": 0.06050904840230942
}