{
  "shoulder_hip_ratio": 1.6846136835552756,
  "waist_position": 0.536273330450058,
  "torso_ratio": 1.2786312375710558,
  "shoulder_prominence": 0.02182934433221817,
  "hip_prominence": 0.024557859636843204
}