{
  "shoulder_hip_ratio": 1.7524717552099307,
  "waist_position": 0.5599765479564667,
  "torso_ratio": 1.2460314138689585,
  "shoulder_prominence": 0.10219084471464157,
  "hip_prominence": 0.0461413748562336
}