{
  "shoulder_hip_ratio": 1.8084874136879097,
  "waist_position": 0.475757896900177,
  "torso_ratio": 1.4385260402763267,
  "shoulder_prominence": 0.37520745396614075,
  "hip_prominence": 0.22540614008903503
}