{
  "shoulder_hip_ratio": 1.7713553234853214,
  "waist_position": 0.49150073528289795,
  "torso_ratio": 1.1159089056498297,
  "shoulder_prominence": 0.04330722242593765,
  "hip_prominence": 0.04254184290766716
}