{
  "shoulder_hip_ratio": 1.709534247133724,
  "waist_position": 0.47635816037654877,
  "torso_ratio": 1.2805040083682937,
  "shoulder_prominence": 0.13178854621946812,
  "hip_prominence": 0.08035264909267426
}