{
  "shoulder_hip_ratio": 1.7687000082336888,
  "waist_position": 0.506186306476593,
  "torso_ratio": 1.229102194232585,
  "shoulder_prominence": 0.021226339042186737,
  "hip_prominence": 0.005262086167931557
}