{
  "shoulder_hip_ratio": 1.803151993388075,
  "waist_position": 0.49353618919849396,
  "torso_ratio": 1.295657382521325,
  "shoulder_prominence": 0.23300640285015106,
  "hip_prominence": 0.11285264045000076
}