{
  "shoulder_hip_ratio": 1.8948796953252058,
  "waist_position": 0.5022231042385101,
  "torso_ratio": 1.1797596527613776,
  "shoulder_prominence": 0.1331807915121317,
  "hip_prominence": 0.06978299841284752
}