{
  "shoulder_hip_ratio": 1.7213098574020622,
  "waist_position": 0.49560780823230743,
  "torso_ratio": 1.1156322271534238,
  "shoulder_prominence": 0.035193756222724915,
  "hip_prominence": 0.01347591308876872
}