{
  "shoulder_hip_ratio": 1.7557246553031096,
  "waist_position": 0.517566055059433,
  "torso_ratio": 1.3301213607950642,
  "shoulder_prominence": 0.09184173122048378,
  "hip_prominence": 0.05256744846701622
}