{
  "shoulder_hip_ratio": 1.649436073154367,
  "waist_position": 0.474571630358696,
  "torso_ratio": 1.2674300875611324,
  "shoulder_prominence": 0.08280889876186848,
  "hip_prominence": 0.008733542636036873
}