{
  "shoulder_hip_ratio": 1.5398231119702224,
  "waist_position": 0.5149791538715363,
  "torso_ratio": 1.2382521701845262,
  "shoulder_prominence": 0.01132214069366455,
  "hip_prominence": 0.011528199538588524
}