{
  "shoulder_hip_ratio": 1.6868342608705156,
  "waist_position": 0.48927417397499084,
  "torso_ratio": 1.206463905260516,
  "shoulder_prominence": 0.06973022222518921,
  "hip_prominence": 0.054389504715800285
}