{
  "shoulder_hip_ratio": 1.526958430062196,
  "waist_position": 0.4687335193157196,
  "torso_ratio": 1.3196398157200622,
  "shoulder_prominence": 0.21742712333798409,
  "hip_prominence": 0.11750052869319916
}