{
  "shoulder_hip_ratio": 1.7748701410569334,
  "waist_position": 0.4850572496652603,
  "torso_ratio": 1.1867914278020875,
  "shoulder_prominence": 0.022935560438781977,
  "hip_prominence": 0.012696671299636364
}