{
  "shoulder_hip_ratio": 1.5880151803756437,
  "waist_position": 0.47869494557380676,
  "torso_ratio": 1.2627499050919846,
  "shoulder_prominence": 0.009839334525167942,
  "hip_prominence": 0.0036928646732121706
}