{
  "shoulder_hip_ratio": 1.963146671118133,
  "waist_position": 0.47349031269550323,
  "torso_ratio": 1.3598273238095562,
  "shoulder_prominence": 0.3316925950348377,
  "hip_prominence": 0.2714618444442749
}