{
  "shoulder_hip_ratio": 2.011329001417313,
  "waist_position": 0.5276510119438171,
  "torso_ratio": 1.379146943458444,
  "shoulder_prominence": 0.27104759961366653,
  "hip_prominence": 0.17627046257257462
}