{
  "shoulder_hip_ratio": 1.706381070573924,
  "waist_position": 0.4858800619840622,
  "torso_ratio": 1.2103247025244563,
  "shoulder_prominence": 0.045874450355768204,
  "hip_prominence": 0.02935420535504818
}