{
  "shoulder_hip_ratio": 1.7138904768158427,
  "waist_position": 0.4658680558204651,
  "torso_ratio": 1.25970519659234,
  "shoulder_prominence": 0.04639008641242981,
  "hip_prominence": 0.010474143549799919
}