{
  "shoulder_hip_ratio": 1.7293340849760925,
  "waist_position": 0.48946987092494965,
  "torso_ratio": 1.2009926649034257,
  "shoulder_prominence": 0.07493143808096647,
  "hip_prominence": 0.027133782394230366
}