{
  "shoulder_hip_ratio": 2.0691380579212773,
  "waist_position": 0.46876198053359985,
  "torso_ratio": 1.1150046426061557,
  "shoulder_prominence": 0.13418694585561752,
  "hip_prominence": 0.10824467986822128
}