{
  "shoulder_hip_ratio": 1.0653365982421679,
  "waist_position": 0.4842965602874756,
  "torso_ratio": 3.6430726839619894,
  "shoulder_prominence": 0.4920290429145098,
  "hip_prominence": 0.315438449382782
}