{
  "shoulder_hip_ratio": 1.8413495768338042,
  "waist_position": 0.46829910576343536,
  "torso_ratio": 1.4941347516821086,
  "shoulder_prominence": 0.44775964319705963,
  "hip_prominence": 0.25139671564102173
}