{
  "shoulder_hip_ratio": 1.9088558589701023,
  "waist_position": 0.4751688688993454,
  "torso_ratio": 1.1794275322992973,
  "shoulder_prominence": 0.048396915197372437,
  "hip_prominence": 0.03521798923611641
}