{
  "shoulder_hip_ratio": 1.817442269086666,
  "waist_position": 0.5145957767963409,
  "torso_ratio": 1.2003413597828076,
  "shoulder_prominence": 0.02195030450820923,
  "hip_prominence": 0.05289873294532299
}