{
  "shoulder_hip_ratio": 1.6306822940775454,
  "waist_position": 0.46740958094596863,
  "torso_ratio": 1.2102926678855563,
  "shoulder_prominence": 0.021631278097629547,
  "hip_prominence": 0.0029855717439204454
}