{
  "shoulder_hip_ratio": 1.6219749484700199,
  "waist_position": 0.48912660777568817,
  "torso_ratio": 1.1891656532466541,
  "shoulder_prominence": 0.011847838759422302,
  "hip_prominence": 0.006750027183443308
}