{
  "shoulder_hip_ratio": 1.6341695351863392,
  "waist_position": 0.47667910158634186,
  "torso_ratio": 1.2600017430687862,
  "shoulder_prominence": 0.09242857992649078,
  "hip_prominence": 0.011081998236477375
}