{
  "shoulder_hip_ratio": 1.5844464157653813,
  "waist_position": 0.5089031159877777,
  "torso_ratio": 1.3986272225660517,
  "shoulder_prominence": 0.35362924821674824,
  "hip_prominence": 0.21349121630191803
}