{
  "shoulder_hip_ratio": 1.4223183098918513,
  "waist_position": 0.5266611278057098,
  "torso_ratio": 1.9549529850847898,
  "shoulder_prominence": 0.3406530171632767,
  "hip_prominence": 0.2584504783153534
}