{
  "shoulder_hip_ratio": 1.8269800606128013,
  "waist_position": 0.4898727089166641,
  "torso_ratio": 1.2443425916101303,
  "shoulder_prominence": 0.057333409786224365,
  "hip_prominence": 0.04934694617986679
}