{
  "shoulder_hip_ratio": 0.6988964451325597,
  "waist_position": 0.4703989028930664,
  "torso_ratio": 5.752083401285297,
  "shoulder_prominence": 0.4105988070368767,
  "hip_prominence": 0.279712438583374
}