{
  "shoulder_hip_ratio": 1.824670332419106,
  "waist_position": 0.4999062865972519,
  "torso_ratio": 1.182058533450919,
  "shoulder_prominence": 0.021415427327156067,
  "hip_prominence": 0.0006730329332640395
}