{
  "shoulder_hip_ratio": 1.7079115504935094,
  "waist_position": 0.5749370455741882,
  "torso_ratio": 1.2973285943641901,
  "shoulder_prominence": 0.03628068417310715,
  "hip_prominence": 0.007649885956197977
}