{
  "shoulder_hip_ratio": 1.3204684330704912,
  "waist_position": 0.4519389271736145,
  "torso_ratio": 2.255382114172703,
  "shoulder_prominence": 0.5025749206542969,
  "hip_prominence": 0.36125852167606354
}