{
  "shoulder_hip_ratio": 1.7226323763215379,
  "waist_position": 0.5050968825817108,
  "torso_ratio": 1.349102334008073,
  "shoulder_prominence": 0.006105504930019379,
  "hip_prominence": 0.02010023221373558
}