{
  "shoulder_hip_ratio": 1.7459254368061219,
  "waist_position": 0.4773978143930435,
  "torso_ratio": 1.1304228774663903,
  "shoulder_prominence": 0.05966973304748535,
  "hip_prominence": 0.05340919271111488
}