{
  "shoulder_hip_ratio": 2.1023762467337836,
  "waist_position": 0.4923395663499832,
  "torso_ratio": 1.7337849925736624,
  "shoulder_prominence": 0.3023081421852112,
  "hip_prominence": 0.19649329036474228
}