{
  "shoulder_hip_ratio": 1.847965280992047,
  "waist_position": 0.4856831431388855,
  "torso_ratio": 1.2038432063749214,
  "shoulder_prominence": 0.04763701930642128,
  "hip_prominence": 0.029107345268130302
}