{
  "shoulder_hip_ratio": 1.7636382667865433,
  "waist_position": 0.5137761831283569,
  "torso_ratio": 1.2073352004884275,
  "shoulder_prominence": 0.3074733316898346,
  "hip_prominence": 0.16829757392406464
}