{
  "shoulder_hip_ratio": 1.8480231903003057,
  "waist_position": 0.4701739102602005,
  "torso_ratio": 1.2165879939565953,
  "shoulder_prominence": 0.21880297362804413,
  "hip_prominence": 0.13903631269931793
}