{
  "shoulder_hip_ratio": 1.691291847920131,
  "waist_position": 0.5491791665554047,
  "torso_ratio": 1.6732835957293881,
  "shoulder_prominence": 0.6236846148967743,
  "hip_prominence": 0.4302089959383011
}