{
  "shoulder_hip_ratio": 1.7001083743859051,
  "waist_position": 0.51164111495018,
  "torso_ratio": 1.2096726178648467,
  "shoulder_prominence": 0.22181223332881927,
  "hip_prominence": 0.10673686116933823
}