{
  "shoulder_hip_ratio": 1.5954336677591345,
  "waist_position": 0.47189097106456757,
  "torso_ratio": 1.292552637176554,
  "shoulder_prominence": 0.2019733414053917,
  "hip_prominence": 0.1237083226442337
}