{
  "shoulder_hip_ratio": 1.8212966863033717,
  "waist_position": 0.5050826966762543,
  "torso_ratio": 1.1024924944708532,
  "shoulder_prominence": 0.09201595187187195,
  "hip_prominence": 0.050662847235798836
}