{
  "shoulder_hip_ratio": 1.619198462060757,
  "waist_position": 0.5199995040893555,
  "torso_ratio": 1.306632959314514,
  "shoulder_prominence": 0.16983461380004883,
  "hip_prominence": 0.0944291390478611
}