{
  "shoulder_hip_ratio": 1.7716024198501428,
  "waist_position": 0.46742795407772064,
  "torso_ratio": 3.2027849653562046,
  "shoulder_prominence": 0.5955190062522888,
  "hip_prominence": 0.4501808434724808
}