{
  "shoulder_hip_ratio": 1.9238657045099878,
  "waist_position": 0.4618968963623047,
  "torso_ratio": 1.0710742353704579,
  "shoulder_prominence": 0.14730273187160492,
  "hip_prominence": 0.10271657258272171
}