{
  "shoulder_hip_ratio": 1.849125615890699,
  "waist_position": 0.5143667757511139,
  "torso_ratio": 1.1481902257722632,
  "shoulder_prominence": 0.11527249217033386,
  "hip_prominence": 0.04727406986057758
}