{
  "shoulder_hip_ratio": 1.6649156545976598,
  "waist_position": 0.5124790668487549,
  "torso_ratio": 1.1509923286643533,
  "shoulder_prominence": 0.010177768766880035,
  "hip_prominence": 0.016106994822621346
}