{
  "shoulder_hip_ratio": 1.7481655412506076,
  "waist_position": 0.47825847566127777,
  "torso_ratio": 1.1411787551652155,
  "shoulder_prominence": 0.08220051974058151,
  "hip_prominence": 0.07589305192232132
}