{
  "shoulder_hip_ratio": 1.678597506075832,
  "waist_position": 0.5355429649353027,
  "torso_ratio": 1.1352890725050169,
  "shoulder_prominence": 0.04070501774549484,
  "hip_prominence": 0.09120641648769379
}