{
  "shoulder_hip_ratio": 1.931714257038305,
  "waist_position": 0.5183972418308258,
  "torso_ratio": 1.3788733059111475,
  "shoulder_prominence": 0.16274534910917282,
  "hip_prominence": 0.10420195385813713
}