{
  "shoulder_hip_ratio": 1.5926459215299498,
  "waist_position": 0.5247591435909271,
  "torso_ratio": 1.2176353874632309,
  "shoulder_prominence": 0.08730760216712952,
  "hip_prominence": 0.08439413458108902
}