{
  "shoulder_hip_ratio": 1.822234070707695,
  "waist_position": 0.48876141011714935,
  "torso_ratio": 1.1663966075684264,
  "shoulder_prominence": 0.021040353225544095,
  "hip_prominence": 0.005224822089076042
}