{
  "shoulder_hip_ratio": 1.8078346815958335,
  "waist_position": 0.46668848395347595,
  "torso_ratio": 1.1503215619264473,
  "shoulder_prominence": 0.07651622779667377,
  "hip_prominence": 0.0449445266276598
}