{
  "shoulder_hip_ratio": 1.773833438211834,
  "waist_position": 0.4700705260038376,
  "torso_ratio": 1.2945082470506413,
  "shoulder_prominence": 0.09391980990767479,
  "hip_prominence": 0.05884832702577114
}