{
  "shoulder_hip_ratio": 1.644653002557783,
  "waist_position": 0.5198415219783783,
  "torso_ratio": 1.290077191329856,
  "shoulder_prominence": 0.01592595875263214,
  "hip_prominence": 0.013469811528921127
}