{
  "shoulder_hip_ratio": 1.7835911833958207,
  "waist_position": 0.4683101624250412,
  "torso_ratio": 1.216352230069226,
  "shoulder_prominence": 0.14953386038541794,
  "hip_prominence": 0.1009385846555233
}