{
  "shoulder_hip_ratio": 1.6275888181182558,
  "waist_position": 0.5011923313140869,
  "torso_ratio": 1.2459455037583145,
  "shoulder_prominence": 0.004040573723614216,
  "hip_prominence": 0.00617133267223835
}