{
  "shoulder_hip_ratio": 1.777115106281764,
  "waist_position": 0.46120038628578186,
  "torso_ratio": 1.3274559662054193,
  "shoulder_prominence": 0.09138436894863844,
  "hip_prominence": 0.01790943369269371
}