{
  "shoulder_hip_ratio": 1.524113834246562,
  "waist_position": 0.5247663855552673,
  "torso_ratio": 1.4874059982715753,
  "shoulder_prominence": 0.4795895777642727,
  "hip_prominence": 0.2802876681089401
}