{
  "shoulder_hip_ratio": 1.8566527416345446,
  "waist_position": 0.47684457898139954,
  "torso_ratio": 1.2142585933716292,
  "shoulder_prominence": 0.12852783501148224,
  "hip_prominence": 0.14318735152482986
}