{
  "shoulder_hip_ratio": 1.7253377893549107,
  "waist_position": 0.5010103732347488,
  "torso_ratio": 1.2058297358773014,
  "shoulder_prominence": 0.0025886446237564087,
  "hip_prominence": 0.0052181812934577465
}