{
  "shoulder_hip_ratio": 1.7038315234925125,
  "waist_position": 0.5323598980903625,
  "torso_ratio": 1.3182901320845688,
  "shoulder_prominence": 0.02513324748724699,
  "hip_prominence": 0.006912791170179844
}