{
  "shoulder_hip_ratio": 1.8390238993525911,
  "waist_position": 0.4858243316411972,
  "torso_ratio": 1.3691239780949693,
  "shoulder_prominence": 0.23528876900672913,
  "hip_prominence": 0.17247939109802246
}