{
  "shoulder_hip_ratio": 1.6866710600695842,
  "waist_position": 0.5049980729818344,
  "torso_ratio": 1.3269190945486236,
  "shoulder_prominence": 0.30398843437433243,
  "hip_prominence": 0.151008702814579
}