{
  "shoulder_hip_ratio": 1.7122295648032364,
  "waist_position": 0.4881666898727417,
  "torso_ratio": 1.244754699713157,
  "shoulder_prominence": 0.016794458497315645,
  "hip_prominence": 0.02257573325186968
}