{
  "shoulder_hip_ratio": 1.6866527592192098,
  "waist_position": 0.4882226139307022,
  "torso_ratio": 1.2881309891488604,
  "shoulder_prominence": 0.0014882832765579224,
  "hip_prominence": 0.0033631682163104415
}