{
  "shoulder_hip_ratio": 1.6818766005699817,
  "waist_position": 0.5233104676008224,
  "torso_ratio": 1.1516575383980825,
  "shoulder_prominence": 0.023341499269008636,
  "hip_prominence": 0.008842547424137592
}