{
  "shoulder_hip_ratio": 2.4414065715991327,
  "waist_position": 0.4885943531990051,
  "torso_ratio": 1.9451471645511051,
  "shoulder_prominence": 0.44531556963920593,
  "hip_prominence": 0.32217852771282196
}