{
  "shoulder_hip_ratio": 1.461661765148432,
  "waist_position": 0.4963538944721222,
  "torso_ratio": 1.5920791122742581,
  "shoulder_prominence": 0.3110717087984085,
  "hip_prominence": 0.19795852899551392
}