{
  "shoulder_hip_ratio": 1.8861670880448802,
  "waist_position": 0.4594135582447052,
  "torso_ratio": 1.4079704107070383,
  "shoulder_prominence": 0.3615396320819855,
  "hip_prominence": 0.26206550002098083
}