{
  "shoulder_hip_ratio": 1.8376352530110356,
  "waist_position": 0.5052943080663681,
  "torso_ratio": 1.0941521914952432,
  "shoulder_prominence": 0.09580988064408302,
  "hip_prominence": 0.061262136325240135
}