{
  "shoulder_hip_ratio": 1.5984705694308774,
  "waist_position": 0.46722152829170227,
  "torso_ratio": 1.2682220838466887,
  "shoulder_prominence": 0.08463734295219183,
  "hip_prominence": 0.04635273292660713
}