{
  "shoulder_hip_ratio": 1.6897522119220816,
  "waist_position": 0.49059267342090607,
  "torso_ratio": 1.14238506495238,
  "shoulder_prominence": 0.03236295282840729,
  "hip_prominence": 0.026316850446164608
}