{
  "shoulder_hip_ratio": 1.59026832041959,
  "waist_position": 0.5397447049617767,
  "torso_ratio": 1.2745530464654324,
  "shoulder_prominence": 0.0726379957050085,
  "hip_prominence": 0.03994634374976158
}