{
  "shoulder_hip_ratio": 1.7349284791378425,
  "waist_position": 0.48694169521331787,
  "torso_ratio": 1.212049840041313,
  "shoulder_prominence": 0.008978426456451416,
  "hip_prominence": 0.007391921477392316
}