{
  "shoulder_hip_ratio": 1.9305215675498764,
  "waist_position": 0.5519944727420807,
  "torso_ratio": 1.110934221599679,
  "shoulder_prominence": 0.08238133788108826,
  "hip_prominence": 0.06881921365857124
}