{
  "shoulder_hip_ratio": 1.7657341898981849,
  "waist_position": 0.520130380988121,
  "torso_ratio": 1.2621738928121014,
  "shoulder_prominence": 0.11182592436671257,
  "hip_prominence": 0.10360627993941307
}