{
  "shoulder_hip_ratio": 1.814206095564116,
  "waist_position": 0.49685971438884735,
  "torso_ratio": 1.2222787929542493,
  "shoulder_prominence": 0.06416382174938917,
  "hip_prominence": 0.03733796253800392
}