{
  "shoulder_hip_ratio": 1.3021670518542598,
  "waist_position": 0.5437734425067902,
  "torso_ratio": 1.6837828926464395,
  "shoulder_prominence": 0.23819515574723482,
  "hip_prominence": 0.16201883554458618
}