{
  "shoulder_hip_ratio": 1.8151522970668765,
  "waist_position": 0.5017531663179398,
  "torso_ratio": 1.1445049283132334,
  "shoulder_prominence": 0.01785556972026825,
  "hip_prominence": 0.016797520220279694
}