{
  "shoulder_hip_ratio": 1.585113581818119,
  "waist_position": 0.5037380456924438,
  "torso_ratio": 1.227154240181127,
  "shoulder_prominence": 0.05966399610042572,
  "hip_prominence": 0.021768768317997456
}