{
  "shoulder_hip_ratio": 1.6739514272304619,
  "waist_position": 0.47076666355133057,
  "torso_ratio": 1.1460377193520594,
  "shoulder_prominence": 0.024149887263774872,
  "hip_prominence": 0.03170526586472988
}