{
  "shoulder_hip_ratio": 1.6028478779892537,
  "waist_position": 0.47157278656959534,
  "torso_ratio": 1.276062123275202,
  "shoulder_prominence": 0.16786408424377441,
  "hip_prominence": 0.10654958710074425
}