{
  "shoulder_hip_ratio": 1.638850715808366,
  "waist_position": 0.48918764293193817,
  "torso_ratio": 1.3668551996598508,
  "shoulder_prominence": 0.31274932622909546,
  "hip_prominence": 0.16215317696332932
}