{
  "shoulder_hip_ratio": 1.6453308010219545,
  "waist_position": 0.44431260228157043,
  "torso_ratio": 1.236246344525722,
  "shoulder_prominence": 0.022932715713977814,
  "hip_prominence": 0.04255692474544048
}