{
  "shoulder_hip_ratio": 1.5748611807951112,
  "waist_position": 0.5161245912313461,
  "torso_ratio": 1.6812370815499367,
  "shoulder_prominence": 0.3901360332965851,
  "hip_prominence": 0.25567467510700226
}