{
  "shoulder_hip_ratio": 1.6342730445674827,
  "waist_position": 0.5029423236846924,
  "torso_ratio": 1.2069106409966295,
  "shoulder_prominence": 0.08886334486305714,
  "hip_prominence": 0.038299597799777985
}