{
  "shoulder_hip_ratio": 1.5769071039974163,
  "waist_position": 0.5165143609046936,
  "torso_ratio": 1.2478329913211845,
  "shoulder_prominence": 0.03243511728942394,
  "hip_prominence": 0.018665124662220478
}