{
  "shoulder_hip_ratio": 2.019468526453853,
  "waist_position": 0.46217165887355804,
  "torso_ratio": 1.1021262359299373,
  "shoulder_prominence": 0.19413794204592705,
  "hip_prominence": 0.11730706319212914
}