{
  "shoulder_hip_ratio": 1.6819439055480603,
  "waist_position": 0.49723704159259796,
  "torso_ratio": 1.1918973072283967,
  "shoulder_prominence": 0.1039406955242157,
  "hip_prominence": 0.046105021610856056
}