{
  "shoulder_hip_ratio": 1.8117285081393535,
  "waist_position": 0.48470668494701385,
  "torso_ratio": 1.2362777430666345,
  "shoulder_prominence": 0.11707025021314621,
  "hip_prominence": 0.11410528793931007
}