{
  "shoulder_hip_ratio": 1.830875689361977,
  "waist_position": 0.47819724678993225,
  "torso_ratio": 1.3484225790243265,
  "shoulder_prominence": 0.31988227367401123,
  "hip_prominence": 0.16559384763240814
}