{
  "shoulder_hip_ratio": 1.5626351624624626,
  "waist_position": 0.5078385919332504,
  "torso_ratio": 1.3155420954446655,
  "shoulder_prominence": 0.008754914626479149,
  "hip_prominence": 0.004477622220292687
}