{
  "shoulder_hip_ratio": 1.597133433925271,
  "waist_position": 0.4690537452697754,
  "torso_ratio": 1.1493582531625304,
  "shoulder_prominence": 0.12048322707414627,
  "hip_prominence": 0.058837827295064926
}