{
  "shoulder_hip_ratio": 1.859087743708861,
  "waist_position": 0.4660099297761917,
  "torso_ratio": 1.1774960859282053,
  "shoulder_prominence": 0.07482217997312546,
  "hip_prominence": 0.04265378601849079
}