{
  "shoulder_hip_ratio": 1.5330627918738058,
  "waist_position": 0.5039113461971283,
  "torso_ratio": 1.2860930035414777,
  "shoulder_prominence": 0.0034708790481090546,
  "hip_prominence": 0.006392808398231864
}