{
  "shoulder_hip_ratio": 1.696163545313636,
  "waist_position": 0.4788143038749695,
  "torso_ratio": 1.2069139818193868,
  "shoulder_prominence": 0.038796677137725055,
  "hip_prominence": 0.01340095279738307
}