{
  "shoulder_hip_ratio": 1.799169447871946,
  "waist_position": 0.5100838989019394,
  "torso_ratio": 1.4317413533559813,
  "shoulder_prominence": 0.2032817634753883,
  "hip_prominence": 0.10124305263161659
}