{
  "shoulder_hip_ratio": 1.5739808490757383,
  "waist_position": 0.4701697379350662,
  "torso_ratio": 1.249035568075609,
  "shoulder_prominence": 0.11341910809278488,
  "hip_prominence": 0.08152998238801956
}