{
  "shoulder_hip_ratio": 1.757926812150424,
  "waist_position": 0.4879620522260666,
  "torso_ratio": 1.2136080137272962,
  "shoulder_prominence": 0.11279214546084404,
  "hip_prominence": 0.04464406333863735
}