{
  "shoulder_hip_ratio": 1.7971756611480112,
  "waist_position": 0.46911442279815674,
  "torso_ratio": 1.486821768139715,
  "shoulder_prominence": 0.30532676726579666,
  "hip_prominence": 0.18421351164579391
}