{
  "shoulder_hip_ratio": 1.8536918816548849,
  "waist_position": 0.4728354513645172,
  "torso_ratio": 1.4977558284600745,
  "shoulder_prominence": 0.41454511880874634,
  "hip_prominence": 0.25159572064876556
}