{
  "shoulder_hip_ratio": 1.705019751968144,
  "waist_position": 0.4691760540008545,
  "torso_ratio": 1.2200875674736946,
  "shoulder_prominence": 0.026291467249393463,
  "hip_prominence": 0.02230805065482855
}