{
  "shoulder_hip_ratio": 1.760657583255289,
  "waist_position": 0.5017652660608292,
  "torso_ratio": 1.2171625581337469,
  "shoulder_prominence": 0.0018481314182281494,
  "hip_prominence": 0.032781366258859634
}