{
  "shoulder_hip_ratio": 1.8230516311900018,
  "waist_position": 0.5074835419654846,
  "torso_ratio": 1.3824260116404925,
  "shoulder_prominence": 0.4511948823928833,
  "hip_prominence": 0.24399922043085098
}