{
  "shoulder_hip_ratio": 1.7756405902524215,
  "waist_position": 0.48453469574451447,
  "torso_ratio": 1.2829214304381122,
  "shoulder_prominence": 0.14590156078338623,
  "hip_prominence": 0.10578377917408943
}