{
  "shoulder_hip_ratio": 1.5951526134059717,
  "waist_position": 0.5210191309452057,
  "torso_ratio": 1.247186013111086,
  "shoulder_prominence": 0.015685241669416428,
  "hip_prominence": 0.02292979322373867
}