{
  "shoulder_hip_ratio": 1.6605285708782496,
  "waist_position": 0.5006408542394638,
  "torso_ratio": 1.4492508090289542,
  "shoulder_prominence": 0.06265378650277853,
  "hip_prominence": 0.08825193345546722
}