{
  "shoulder_hip_ratio": 1.7710776573799591,
  "waist_position": 0.47632642090320587,
  "torso_ratio": 1.1206297655718298,
  "shoulder_prominence": 0.04572382569313049,
  "hip_prominence": 0.035091591998934746
}