{
  "shoulder_hip_ratio": 1.5494249945722538,
  "waist_position": 0.49786391854286194,
  "torso_ratio": 1.7603091717607378,
  "shoulder_prominence": 0.4505144953727722,
  "hip_prominence": 0.2892719954252243
}