{
  "shoulder_hip_ratio": 1.5251461889340436,
  "waist_position": 0.5171929895877838,
  "torso_ratio": 1.55148261608199,
  "shoulder_prominence": 0.4176257327198982,
  "hip_prominence": 0.2497463896870613
}