{
  "shoulder_hip_ratio": 1.6711021983162075,
  "waist_position": 0.486918181180954,
  "torso_ratio": 1.2149736888890978,
  "shoulder_prominence": 0.05067750811576843,
  "hip_prominence": 0.03157246671617031
}