{
  "shoulder_hip_ratio": 1.7215125068073314,
  "waist_position": 0.5039297491312027,
  "torso_ratio": 1.2056647049878206,
  "shoulder_prominence": 0.005049757659435272,
  "hip_prominence": 0.00807357719168067
}