{
  "shoulder_hip_ratio": 1.8084762054695738,
  "waist_position": 0.528915673494339,
  "torso_ratio": 1.6440068112759139,
  "shoulder_prominence": 0.42817243188619614,
  "hip_prominence": 0.24997421354055405
}