{
  "shoulder_hip_ratio": 1.7155945048222674,
  "waist_position": 0.49409766495227814,
  "torso_ratio": 1.1973367929077485,
  "shoulder_prominence": 0.04723244532942772,
  "hip_prominence": 0.017425550147891045
}