{
  "shoulder_hip_ratio": 1.7528024309412855,
  "waist_position": 0.4942713528871536,
  "torso_ratio": 1.1524270816190318,
  "shoulder_prominence": 0.03231176733970642,
  "hip_prominence": 0.025296409614384174
}