{
  "shoulder_hip_ratio": 1.7786413045465717,
  "waist_position": 0.4939413219690323,
  "torso_ratio": 1.1107067485320077,
  "shoulder_prominence": 0.13925069570541382,
  "hip_prominence": 0.07512027397751808
}