{
  "shoulder_hip_ratio": 1.7771411257783416,
  "waist_position": 0.48580195009708405,
  "torso_ratio": 1.158822382490021,
  "shoulder_prominence": 0.122463159263134,
  "hip_prominence": 0.07462376356124878
}