{
  "shoulder_hip_ratio": 1.7894952908478436,
  "waist_position": 0.5036301016807556,
  "torso_ratio": 1.2602894878067394,
  "shoulder_prominence": 0.006032690405845642,
  "hip_prominence": 0.027894158847630024
}