{
  "shoulder_hip_ratio": 1.5800788296364419,
  "waist_position": 0.48395614326000214,
  "torso_ratio": 1.2033422786718768,
  "shoulder_prominence": 0.019859587773680687,
  "hip_prominence": 0.018125242553651333
}