{
  "shoulder_hip_ratio": 2.0039796719999865,
  "waist_position": 0.4710936099290848,
  "torso_ratio": 1.3673048871632394,
  "shoulder_prominence": 0.38993527740240097,
  "hip_prominence": 0.3284684270620346
}