{
  "shoulder_hip_ratio": 1.6464858045843287,
  "waist_position": 0.5189819931983948,
  "torso_ratio": 1.2625289909667996,
  "shoulder_prominence": 0.22804389894008636,
  "hip_prominence": 0.09970314055681229
}