{
  "shoulder_hip_ratio": 1.9357380277951601,
  "waist_position": 0.4806196093559265,
  "torso_ratio": 1.3193696589578898,
  "shoulder_prominence": 0.07833440694957972,
  "hip_prominence": 0.07939888164401054
}