{
  "shoulder_hip_ratio": 1.4541546635393752,
  "waist_position": 0.5265476107597351,
  "torso_ratio": 2.336671256520017,
  "shoulder_prominence": 0.4792262762784958,
  "hip_prominence": 0.2797669470310211
}