{
  "shoulder_hip_ratio": 1.7269582826381096,
  "waist_position": 0.4855842739343643,
  "torso_ratio": 1.161614984668271,
  "shoulder_prominence": 0.2609064616262913,
  "hip_prominence": 0.1266859546303749
}