{
  "shoulder_hip_ratio": 1.8188306426290768,
  "waist_position": 0.5010440349578857,
  "torso_ratio": 1.2346272007431112,
  "shoulder_prominence": 0.0012730956077575684,
  "hip_prominence": 0.007138645509257913
}