{
  "shoulder_hip_ratio": 1.6097897550907732,
  "waist_position": 0.5020165741443634,
  "torso_ratio": 1.2417628591915417,
  "shoulder_prominence": 0.01277819275856018,
  "hip_prominence": 0.003969313460402191
}