{
  "shoulder_hip_ratio": 1.8264977106242002,
  "waist_position": 0.5054445564746857,
  "torso_ratio": 1.307839151862074,
  "shoulder_prominence": 0.0071835704147815704,
  "hip_prominence": 0.006571884034201503
}