{
  "shoulder_hip_ratio": 1.6464223386531447,
  "waist_position": 0.490278422832489,
  "torso_ratio": 1.135118211343685,
  "shoulder_prominence": 0.021005168557167053,
  "hip_prominence": 0.0197021272033453
}