{
  "shoulder_hip_ratio": 1.8697461741308443,
  "waist_position": 0.5040319859981537,
  "torso_ratio": 1.1052719567892764,
  "shoulder_prominence": 0.025163032114505768,
  "hip_prominence": 0.028756147250533104
}