{
  "shoulder_hip_ratio": 2.076164358565458,
  "waist_position": 0.49760614335536957,
  "torso_ratio": 1.1287802776343085,
  "shoulder_prominence": 0.0290851891040802,
  "hip_prominence": 0.009239576291292906
}