{
  "shoulder_hip_ratio": 1.6360820639952227,
  "waist_position": 0.52683025598526,
  "torso_ratio": 1.20603953644527,
  "shoulder_prominence": 0.11036296561360359,
  "hip_prominence": 0.08551917597651482
}