{
  "shoulder_hip_ratio": 1.665105582965805,
  "waist_position": 0.5324652791023254,
  "torso_ratio": 1.2381039860723788,
  "shoulder_prominence": 0.19269807636737823,
  "hip_prominence": 0.08927807956933975
}