{
  "shoulder_hip_ratio": 1.772794283387646,
  "waist_position": 0.47087590396404266,
  "torso_ratio": 1.060898264566855,
  "shoulder_prominence": 0.1849779412150383,
  "hip_prominence": 0.10409503802657127
}