{
  "shoulder_hip_ratio": 1.7294195092047646,
  "waist_position": 0.5134841799736023,
  "torso_ratio": 1.260804038800736,
  "shoulder_prominence": 0.03629499860107899,
  "hip_prominence": 0.050392139703035355
}