{
  "shoulder_hip_ratio": 1.6111845490092305,
  "waist_position": 0.5272315144538879,
  "torso_ratio": 1.1930933463649542,
  "shoulder_prominence": 0.08774586021900177,
  "hip_prominence": 0.0875888466835022
}