{
  "shoulder_hip_ratio": 1.7171559428227061,
  "waist_position": 0.46489404141902924,
  "torso_ratio": 1.0741115341091299,
  "shoulder_prominence": 0.03347570449113846,
  "hip_prominence": 0.03006269969046116
}