{
  "shoulder_hip_ratio": 1.7001321236134554,
  "waist_position": 0.4962930232286453,
  "torso_ratio": 1.269157652748483,
  "shoulder_prominence": 0.228558249771595,
  "hip_prominence": 0.13162977993488312
}