{
  "shoulder_hip_ratio": 1.7851346121349714,
  "waist_position": 0.42764611542224884,
  "torso_ratio": 1.3369850344825007,
  "shoulder_prominence": 0.07740119099617004,
  "hip_prominence": 0.06674491614103317
}