{
  "shoulder_hip_ratio": 1.688777213273753,
  "waist_position": 0.5109463334083557,
  "torso_ratio": 1.2513889391110153,
  "shoulder_prominence": 0.13250844180583954,
  "hip_prominence": 0.09765017777681351
}