{
  "shoulder_hip_ratio": 1.658693365617037,
  "waist_position": 0.5113002359867096,
  "torso_ratio": 1.3334656332552532,
  "shoulder_prominence": 0.12240726500749588,
  "hip_prominence": 0.06820375099778175
}