{
  "shoulder_hip_ratio": 0.9429427946157525,
  "waist_position": 0.4342985302209854,
  "torso_ratio": 3.524051699769448,
  "shoulder_prominence": 0.39861508551985025,
  "hip_prominence": 0.24455412477254868
}