{
  "shoulder_hip_ratio": 1.6765234135958227,
  "waist_position": 0.4645114541053772,
  "torso_ratio": 1.057889113621271,
  "shoulder_prominence": 0.020550131797790527,
  "hip_prominence": 0.04345235787332058
}