{
  "shoulder_hip_ratio": 1.6337372726281394,
  "waist_position": 0.5368514358997345,
  "torso_ratio": 1.1264370740405174,
  "shoulder_prominence": 0.04709867388010025,
  "hip_prominence": 0.00908501585945487
}