{
  "shoulder_hip_ratio": 1.5378987238600086,
  "waist_position": 0.49102583527565,
  "torso_ratio": 1.2683552631084303,
  "shoulder_prominence": 0.004961639642715454,
  "hip_prominence": 0.01415222929790616
}