{
  "shoulder_hip_ratio": 1.7291408962465782,
  "waist_position": 0.513000875711441,
  "torso_ratio": 1.225936991432937,
  "shoulder_prominence": 0.016728848218917847,
  "hip_prominence": 0.026692341081798077
}