{
  "shoulder_hip_ratio": 2.02110167864833,
  "waist_position": 0.5308285653591156,
  "torso_ratio": 1.2077437579218706,
  "shoulder_prominence": 0.024150393903255463,
  "hip_prominence": 0.05850144475698471
}