{
  "shoulder_hip_ratio": 1.4554110399204678,
  "waist_position": 0.49729764461517334,
  "torso_ratio": 1.7530672508101384,
  "shoulder_prominence": 0.2907056510448456,
  "hip_prominence": 0.20446158945560455
}