{
  "shoulder_hip_ratio": 1.7869113916534647,
  "waist_position": 0.5114133208990097,
  "torso_ratio": 1.2803016665731444,
  "shoulder_prominence": 0.0571971507743001,
  "hip_prominence": 0.029389056377112865
}