{
  "shoulder_hip_ratio": 1.7768152455584385,
  "waist_position": 0.4669008404016495,
  "torso_ratio": 1.1884594078615505,
  "shoulder_prominence": 0.1040076483041048,
  "hip_prominence": 0.07509135827422142
}