{
  "shoulder_hip_ratio": 1.6206621340858853,
  "waist_position": 0.5019466429948807,
  "torso_ratio": 1.1728442789011913,
  "shoulder_prominence": 0.07176074385643005,
  "hip_prominence": 0.03513789176940918
}