{
  "shoulder_hip_ratio": 1.5144622409172626,
  "waist_position": 0.4996187686920166,
  "torso_ratio": 1.1919397655684907,
  "shoulder_prominence": 0.05031924694776535,
  "hip_prominence": 0.04870717599987984
}