{
  "shoulder_hip_ratio": 1.7834727411650495,
  "waist_position": 0.5407713949680328,
  "torso_ratio": 1.1206713047730956,
  "shoulder_prominence": 0.1461727311834693,
  "hip_prominence": 0.15095584839582443
}