{
  "shoulder_hip_ratio": 1.9274065912189402,
  "waist_position": 0.48585344851017,
  "torso_ratio": 0.8866105596537346,
  "shoulder_prominence": 0.04100117087364197,
  "hip_prominence": 0.017738791182637215
}