{
  "shoulder_hip_ratio": 1.7165180735429375,
  "waist_position": 0.5121253728866577,
  "torso_ratio": 1.2996196180374642,
  "shoulder_prominence": 0.27574873715639114,
  "hip_prominence": 0.14535698294639587
}