{
  "shoulder_hip_ratio": 1.7573187396213026,
  "waist_position": 0.5002531856298447,
  "torso_ratio": 1.2483617245310965,
  "shoulder_prominence": 0.015525773167610168,
  "hip_prominence": 0.02980508841574192
}