{
  "shoulder_hip_ratio": 1.775736857344562,
  "waist_position": 0.5064357668161392,
  "torso_ratio": 1.2605384769428958,
  "shoulder_prominence": 0.06449609249830246,
  "hip_prominence": 0.0011060850520152599
}