{
  "shoulder_hip_ratio": 1.874873729351635,
  "waist_position": 0.543136864900589,
  "torso_ratio": 1.1073079252359856,
  "shoulder_prominence": 0.05553250014781952,
  "hip_prominence": 0.012342576868832111
}