{
  "shoulder_hip_ratio": 1.7315334923721502,
  "waist_position": 0.5320093333721161,
  "torso_ratio": 1.1530415451817533,
  "shoulder_prominence": 0.04843488335609436,
  "hip_prominence": 0.034029945731163025
}