{
  "shoulder_hip_ratio": 1.8354692150826093,
  "waist_position": 0.5013622343540192,
  "torso_ratio": 1.246438193681438,
  "shoulder_prominence": 0.11235335608944297,
  "hip_prominence": 0.09392600879073143
}