{
  "shoulder_hip_ratio": 1.7902698343977181,
  "waist_position": 0.5005379021167755,
  "torso_ratio": 1.141830736412968,
  "shoulder_prominence": 0.026172637939453125,
  "hip_prominence": 0.023226111195981503
}