{
  "shoulder_hip_ratio": 1.550243003503305,
  "waist_position": 0.4831012338399887,
  "torso_ratio": 1.2130536418475137,
  "shoulder_prominence": 0.09603901207447052,
  "hip_prominence": 0.055284395813941956
}