{
  "shoulder_hip_ratio": 1.7298187782926693,
  "waist_position": 0.5254019200801849,
  "torso_ratio": 1.741178111793225,
  "shoulder_prominence": 0.37105125188827515,
  "hip_prominence": 0.24778525531291962
}