{
  "shoulder_hip_ratio": 1.7210044577812402,
  "waist_position": 0.5409137308597565,
  "torso_ratio": 1.142905622464634,
  "shoulder_prominence": 0.12912140786647797,
  "hip_prominence": 0.1441815346479416
}