{
  "shoulder_hip_ratio": 1.582567571864577,
  "waist_position": 0.46197453141212463,
  "torso_ratio": 1.1833522690641751,
  "shoulder_prominence": 0.0002635512501001358,
  "hip_prominence": 0.0036247458774596453
}