{
  "shoulder_hip_ratio": 1.6822245819211925,
  "waist_position": 0.48077015578746796,
  "torso_ratio": 1.2164850970204404,
  "shoulder_prominence": 0.03577440232038498,
  "hip_prominence": 0.03285755030810833
}