{
  "shoulder_hip_ratio": 1.7090383243767586,
  "waist_position": 0.5109069645404816,
  "torso_ratio": 1.1956539004713367,
  "shoulder_prominence": 0.01215885579586029,
  "hip_prominence": 0.03155951574444771
}