{
  "shoulder_hip_ratio": 1.7465949395332494,
  "waist_position": 0.48749372363090515,
  "torso_ratio": 1.2070334442859245,
  "shoulder_prominence": 0.26349949836730957,
  "hip_prominence": 0.12666351348161697
}