{
  "shoulder_hip_ratio": 1.5916654486953707,
  "waist_position": 0.49806590378284454,
  "torso_ratio": 1.2479474957850731,
  "shoulder_prominence": 0.006556838750839233,
  "hip_prominence": 0.006352173397317529
}