{
  "shoulder_hip_ratio": 1.6415756808461992,
  "waist_position": 0.49269814789295197,
  "torso_ratio": 1.3077144883879412,
  "shoulder_prominence": 0.04598132148385048,
  "hip_prominence": 0.007719927933067083
}