{
  "shoulder_hip_ratio": 1.7179573022200398,
  "waist_position": 0.5218525230884552,
  "torso_ratio": 1.4564717816867252,
  "shoulder_prominence": 0.3659335970878601,
  "hip_prominence": 0.22774790972471237
}