{
  "shoulder_hip_ratio": 1.5985244628821724,
  "waist_position": 0.5021128952503204,
  "torso_ratio": 1.246099935837633,
  "shoulder_prominence": 0.1433192640542984,
  "hip_prominence": 0.09394277632236481
}