{
  "shoulder_hip_ratio": 1.6028629087247284,
  "waist_position": 0.5128834247589111,
  "torso_ratio": 1.2952084719814365,
  "shoulder_prominence": 0.013943322002887726,
  "hip_prominence": 0.020307504571974277
}