{
  "shoulder_hip_ratio": 1.6737423167732968,
  "waist_position": 0.4881807714700699,
  "torso_ratio": 1.336948754430554,
  "shoulder_prominence": 0.08076194860041142,
  "hip_prominence": 0.021890773437917233
}