{
  "shoulder_hip_ratio": 1.7559523042079686,
  "waist_position": 0.4889974445104599,
  "torso_ratio": 1.2707481504856604,
  "shoulder_prominence": 0.15176908858120441,
  "hip_prominence": 0.035318441689014435
}