{
  "shoulder_hip_ratio": 1.7954276223066643,
  "waist_position": 0.5113674402236938,
  "torso_ratio": 1.235053774225974,
  "shoulder_prominence": 0.04239615797996521,
  "hip_prominence": 0.007035147864371538
}