{
  "shoulder_hip_ratio": 1.814803170930104,
  "waist_position": 0.4971281737089157,
  "torso_ratio": 1.2376113020622876,
  "shoulder_prominence": 0.08208786696195602,
  "hip_prominence": 0.01820708066225052
}