{
  "shoulder_hip_ratio": 1.6036453354450404,
  "waist_position": 0.46075671911239624,
  "torso_ratio": 1.18679280429863,
  "shoulder_prominence": 0.007620707154273987,
  "hip_prominence": 0.015274643432348967
}