{
  "shoulder_hip_ratio": 1.750050848241172,
  "waist_position": 0.4947645217180252,
  "torso_ratio": 1.1353504769080438,
  "shoulder_prominence": 0.2852382957935333,
  "hip_prominence": 0.22031644731760025
}