{
  "shoulder_hip_ratio": 1.6314765860157574,
  "waist_position": 0.4523000717163086,
  "torso_ratio": 1.6797296061424154,
  "shoulder_prominence": 0.5723310112953186,
  "hip_prominence": 0.4021504670381546
}