{
  "shoulder_hip_ratio": 1.7495537648755952,
  "waist_position": 0.5335191786289215,
  "torso_ratio": 1.1260383036775878,
  "shoulder_prominence": 0.1167302131652832,
  "hip_prominence": 0.02054124604910612
}