{
  "shoulder_hip_ratio": 1.6642151434162822,
  "waist_position": 0.45905740559101105,
  "torso_ratio": 1.0987779229858419,
  "shoulder_prominence": 0.04289466142654419,
  "hip_prominence": 0.0065627796575427055
}