{
  "shoulder_hip_ratio": 1.7626964661016806,
  "waist_position": 0.5030645728111267,
  "torso_ratio": 1.1989691091710972,
  "shoulder_prominence": 0.07272876799106598,
  "hip_prominence": 0.05047907121479511
}