{
  "shoulder_hip_ratio": 1.561783060467653,
  "waist_position": 0.4902086704969406,
  "torso_ratio": 1.2248342851337672,
  "shoulder_prominence": 0.03314048424363136,
  "hip_prominence": 0.02560441941022873
}