{
  "shoulder_hip_ratio": 1.5887616214609326,
  "waist_position": 0.4844932556152344,
  "torso_ratio": 1.2967556558232003,
  "shoulder_prominence": 0.0386129692196846,
  "hip_prominence": 0.01270274305716157
}