{
  "shoulder_hip_ratio": 1.6497107431028777,
  "waist_position": 0.4723794460296631,
  "torso_ratio": 1.3360805692830098,
  "shoulder_prominence": 0.39280539005994797,
  "hip_prominence": 0.2056659236550331
}