{
  "shoulder_hip_ratio": 2.0151630902439184,
  "waist_position": 0.4492424577474594,
  "torso_ratio": 4.061201121410727,
  "shoulder_prominence": 0.5868037641048431,
  "hip_prominence": 0.4156254529953003
}