{
  "shoulder_hip_ratio": 1.5763924721620752,
  "waist_position": 0.5054838359355927,
  "torso_ratio": 1.3926971442434526,
  "shoulder_prominence": 0.20413672924041748,
  "hip_prominence": 0.09579303488135338
}