{
  "shoulder_hip_ratio": 1.494634677786366,
  "waist_position": 0.4825568050146103,
  "torso_ratio": 1.2282743295942051,
  "shoulder_prominence": 0.11218290030956268,
  "hip_prominence": 0.06390584260225296
}