{
  "shoulder_hip_ratio": 1.6171114609608006,
  "waist_position": 0.47591693699359894,
  "torso_ratio": 1.3040009868991105,
  "shoulder_prominence": 0.040842498652637005,
  "hip_prominence": 0.033542169257998466
}