{
  "shoulder_hip_ratio": 1.7903169324067858,
  "waist_position": 0.5032171607017517,
  "torso_ratio": 1.2484106320919213,
  "shoulder_prominence": 0.01542159914970398,
  "hip_prominence": 0.009136113338172436
}