{
  "shoulder_hip_ratio": 1.4641892744788194,
  "waist_position": 0.504000723361969,
  "torso_ratio": 1.751593644231413,
  "shoulder_prominence": 0.3938484936952591,
  "hip_prominence": 0.27260641753673553
}