{
  "shoulder_hip_ratio": 1.5814131856127855,
  "waist_position": 0.489422082901001,
  "torso_ratio": 1.1788275913790218,
  "shoulder_prominence": 0.11353877186775208,
  "hip_prominence": 0.04423390328884125
}