{
  "shoulder_hip_ratio": 1.7728769665687234,
  "waist_position": 0.5038073062896729,
  "torso_ratio": 1.1482970761554476,
  "shoulder_prominence": 0.025753408670425415,
  "hip_prominence": 0.017796614207327366
}