{
  "shoulder_hip_ratio": 1.625030316520258,
  "waist_position": 0.4911867678165436,
  "torso_ratio": 1.3029204655624806,
  "shoulder_prominence": 0.038815222680568695,
  "hip_prominence": 0.0027129556983709335
}