{
  "shoulder_hip_ratio": 1.7462758430839667,
  "waist_position": 0.48662997782230377,
  "torso_ratio": 1.3832985044163524,
  "shoulder_prominence": 0.15170654468238354,
  "hip_prominence": 0.05412144027650356
}