{
  "shoulder_hip_ratio": 1.8525855082740015,
  "waist_position": 0.5159693360328674,
  "torso_ratio": 1.2206564763866306,
  "shoulder_prominence": 0.05335521697998047,
  "hip_prominence": 0.054739080369472504
}