{
  "shoulder_hip_ratio": 1.7067820955513797,
  "waist_position": 0.49407391250133514,
  "torso_ratio": 1.1556681558979636,
  "shoulder_prominence": 0.044767752289772034,
  "hip_prominence": 0.0075501506216824055
}