{
  "shoulder_hip_ratio": 1.7350390465962737,
  "waist_position": 0.5163127183914185,
  "torso_ratio": 1.1074671791248067,
  "shoulder_prominence": 0.025884777307510376,
  "hip_prominence": 0.041545599699020386
}