{
  "shoulder_hip_ratio": 1.535783872863084,
  "waist_position": 0.5017354488372803,
  "torso_ratio": 1.2014608153526682,
  "shoulder_prominence": 0.024075603112578392,
  "hip_prominence": 0.016171537339687347
}