{
  "shoulder_hip_ratio": 1.6250992568495166,
  "waist_position": 0.4877431243658066,
  "torso_ratio": 1.1783964301490166,
  "shoulder_prominence": 0.028318295255303383,
  "hip_prominence": 0.013180441223084927
}