{
  "shoulder_hip_ratio": 1.753288501085151,
  "waist_position": 0.47139669954776764,
  "torso_ratio": 1.302661130807203,
  "shoulder_prominence": 0.19670359045267105,
  "hip_prominence": 0.11319750547409058
}