{
  "shoulder_hip_ratio": 1.7361719429845237,
  "waist_position": 0.5061350464820862,
  "torso_ratio": 1.142003792289509,
  "shoulder_prominence": 0.07499346882104874,
  "hip_prominence": 0.051857512444257736
}