{
  "shoulder_hip_ratio": 1.7862992106090414,
  "waist_position": 0.49402767419815063,
  "torso_ratio": 1.2052227009954364,
  "shoulder_prominence": 0.31478751823306084,
  "hip_prominence": 0.1638009250164032
}