{
  "shoulder_hip_ratio": 1.6588272580251484,
  "waist_position": 0.4840729683637619,
  "torso_ratio": 1.2745422012961707,
  "shoulder_prominence": 0.04608476720750332,
  "hip_prominence": 0.016951754689216614
}