{
  "shoulder_hip_ratio": 1.8372027221531697,
  "waist_position": 0.465360090136528,
  "torso_ratio": 1.2151684111768273,
  "shoulder_prominence": 0.02914600621443242,
  "hip_prominence": 0.03257069177925587
}