{
  "shoulder_hip_ratio": 1.613432780694962,
  "waist_position": 0.5032921433448792,
  "torso_ratio": 1.2515410804430596,
  "shoulder_prominence": 0.18112311512231827,
  "hip_prominence": 0.12235195934772491
}