{
  "shoulder_hip_ratio": 1.807452640449236,
  "waist_position": 0.5296187996864319,
  "torso_ratio": 1.0257549418696217,
  "shoulder_prominence": 0.10624036751687527,
  "hip_prominence": 0.047780683264136314
}