{
  "shoulder_hip_ratio": 1.4862510282768842,
  "waist_position": 0.5147058367729187,
  "torso_ratio": 1.224445290285051,
  "shoulder_prominence": 0.10298780724406242,
  "hip_prominence": 0.0763874277472496
}