{
  "shoulder_hip_ratio": 1.6540895693626085,
  "waist_position": 0.48911263048648834,
  "torso_ratio": 1.304727518271431,
  "shoulder_prominence": 0.10328151471912861,
  "hip_prominence": 0.06040050461888313
}