{
  "shoulder_hip_ratio": 1.637980818653667,
  "waist_position": 0.46444492042064667,
  "torso_ratio": 1.1421763939872835,
  "shoulder_prominence": 0.03785527125000954,
  "hip_prominence": 0.0062456997111439705
}