{
  "shoulder_hip_ratio": 1.8379011823645282,
  "waist_position": 0.4814295321702957,
  "torso_ratio": 1.227315049570975,
  "shoulder_prominence": 0.08802205324172974,
  "hip_prominence": 0.0034324752632528543
}