{
  "shoulder_hip_ratio": 1.824932244105657,
  "waist_position": 0.47761070728302,
  "torso_ratio": 1.3154562491643937,
  "shoulder_prominence": 0.2539071626961231,
  "hip_prominence": 0.2163931429386139
}