{
  "shoulder_hip_ratio": 1.7210002187788989,
  "waist_position": 0.4750347435474396,
  "torso_ratio": 1.1362010438134023,
  "shoulder_prominence": 0.09596351534128189,
  "hip_prominence": 0.09054283425211906
}