{
  "shoulder_hip_ratio": 1.6882545737572554,
  "waist_position": 0.505012035369873,
  "torso_ratio": 1.1464651889185746,
  "shoulder_prominence": 0.030320564284920692,
  "hip_prominence": 0.011201985646039248
}