{
  "shoulder_hip_ratio": 1.624465659471192,
  "waist_position": 0.507915586233139,
  "torso_ratio": 1.234603459295957,
  "shoulder_prominence": 0.1864466369152069,
  "hip_prominence": 0.09404867514967918
}