{
  "shoulder_hip_ratio": 1.6972908014967272,
  "waist_position": 0.5100185573101044,
  "torso_ratio": 1.2583627191559608,
  "shoulder_prominence": 0.01924673467874527,
  "hip_prominence": 0.01753475610166788
}