{
  "shoulder_hip_ratio": 1.1133675382889758,
  "waist_position": 0.48897571861743927,
  "torso_ratio": 4.633352498656561,
  "shoulder_prominence": 0.668053038418293,
  "hip_prominence": 0.42713309824466705
}