{
  "shoulder_hip_ratio": 1.6758927027639445,
  "waist_position": 0.5047440975904465,
  "torso_ratio": 1.2599298946456876,
  "shoulder_prominence": 0.026766642928123474,
  "hip_prominence": 0.015976385213434696
}