{
  "shoulder_hip_ratio": 1.6987614536309594,
  "waist_position": 0.509945422410965,
  "torso_ratio": 1.3231343486998572,
  "shoulder_prominence": 0.273392366245389,
  "hip_prominence": 0.12810113281011581
}