{
  "shoulder_hip_ratio": 1.7264540614882555,
  "waist_position": 0.5320798456668854,
  "torso_ratio": 1.3759787041770835,
  "shoulder_prominence": 0.34099941700696945,
  "hip_prominence": 0.19421641528606415
}