{
  "shoulder_hip_ratio": 1.6165488440149105,
  "waist_position": 0.5159204602241516,
  "torso_ratio": 1.2398143617750226,
  "shoulder_prominence": 0.05015139654278755,
  "hip_prominence": 0.06339583545923233
}