{
  "shoulder_hip_ratio": 1.8760400244856867,
  "waist_position": 0.5181334614753723,
  "torso_ratio": 1.267242589470653,
  "shoulder_prominence": 0.1456676572561264,
  "hip_prominence": 0.13550861179828644
}