{
  "shoulder_hip_ratio": 1.8401729955701147,
  "waist_position": 0.478905126452446,
  "torso_ratio": 1.2366400015408343,
  "shoulder_prominence": 0.04041719436645508,
  "hip_prominence": 0.03323972970247269
}