{
  "shoulder_hip_ratio": 1.6195557653605723,
  "waist_position": 0.5099911987781525,
  "torso_ratio": 1.1657612020290784,
  "shoulder_prominence": 0.038655361626297235,
  "hip_prominence": 0.01751054171472788
}