{
  "shoulder_hip_ratio": 1.9474372932749024,
  "waist_position": 0.4872742146253586,
  "torso_ratio": 1.3638520907225713,
  "shoulder_prominence": 0.2383258417248726,
  "hip_prominence": 0.19484691321849823
}