{
  "shoulder_hip_ratio": 2.088207116297068,
  "waist_position": 0.4716864675283432,
  "torso_ratio": 1.1141700696965733,
  "shoulder_prominence": 0.24068862944841385,
  "hip_prominence": 0.16128867119550705
}