{
  "shoulder_hip_ratio": 1.907155013280085,
  "waist_position": 0.4958067983388901,
  "torso_ratio": 1.5093435915979856,
  "shoulder_prominence": 0.27392835170030594,
  "hip_prominence": 0.15980756282806396
}