{
  "shoulder_hip_ratio": 2.078361329350551,
  "waist_position": 0.49575744569301605,
  "torso_ratio": 1.0979375879527928,
  "shoulder_prominence": 0.05650301277637482,
  "hip_prominence": 0.023184457793831825
}