{
  "shoulder_hip_ratio": 1.8262479553846802,
  "waist_position": 0.49074019491672516,
  "torso_ratio": 1.2040601580541102,
  "shoulder_prominence": 0.02860143780708313,
  "hip_prominence": 0.002374081523157656
}