{
  "shoulder_hip_ratio": 1.846270611526854,
  "waist_position": 0.47296594083309174,
  "torso_ratio": 1.1736815263728029,
  "shoulder_prominence": 0.07227812707424164,
  "hip_prominence": 0.05222310312092304
}