{
  "shoulder_hip_ratio": 2.016406026611658,
  "waist_position": 0.5093586444854736,
  "torso_ratio": 1.1967292095988762,
  "shoulder_prominence": 0.0495356023311615,
  "hip_prominence": 0.04595615528523922
}