{
  "shoulder_hip_ratio": 1.7581510123230828,
  "waist_position": 0.49084344506263733,
  "torso_ratio": 1.2313383249910215,
  "shoulder_prominence": 0.31454801745712757,
  "hip_prominence": 0.15832535177469254
}