{
  "shoulder_hip_ratio": 1.6044371827744808,
  "waist_position": 0.5480996370315552,
  "torso_ratio": 1.2365119741582835,
  "shoulder_prominence": 0.04932413902133703,
  "hip_prominence": 0.018707791343331337
}