{
  "shoulder_hip_ratio": 1.6046681526326134,
  "waist_position": 0.5219336450099945,
  "torso_ratio": 1.5932428113014334,
  "shoulder_prominence": 0.3534212037920952,
  "hip_prominence": 0.219948910176754
}