{
  "shoulder_hip_ratio": 1.7800837238101,
  "waist_position": 0.5119322240352631,
  "torso_ratio": 1.130943873286462,
  "shoulder_prominence": 0.34248121082782745,
  "hip_prominence": 0.20761054754257202
}