{
  "shoulder_hip_ratio": 1.7159083010049392,
  "waist_position": 0.48950546979904175,
  "torso_ratio": 1.3171657353968647,
  "shoulder_prominence": 0.30099196545779705,
  "hip_prominence": 0.14389367401599884
}