{
  "shoulder_hip_ratio": 1.8319592547930692,
  "waist_position": 0.47120602428913116,
  "torso_ratio": 1.33353360793119,
  "shoulder_prominence": 0.16581113636493683,
  "hip_prominence": 0.12122895568609238
}