{
  "shoulder_hip_ratio": 1.5619385684976534,
  "waist_position": 0.477572426199913,
  "torso_ratio": 1.4209277222541907,
  "shoulder_prominence": 0.30494818091392517,
  "hip_prominence": 0.20098375529050827
}