{
  "shoulder_hip_ratio": 1.6004504443868754,
  "waist_position": 0.47155122458934784,
  "torso_ratio": 1.2381001930979216,
  "shoulder_prominence": 0.12245188653469086,
  "hip_prominence": 0.10098561644554138
}