{
  "shoulder_hip_ratio": 1.8860728814542058,
  "waist_position": 0.5272562503814697,
  "torso_ratio": 1.206319830909475,
  "shoulder_prominence": 0.1829914227128029,
  "hip_prominence": 0.11561194062232971
}