{
  "shoulder_hip_ratio": 1.668885207498417,
  "waist_position": 0.4853758066892624,
  "torso_ratio": 1.5272442514355173,
  "shoulder_prominence": 0.40122826024889946,
  "hip_prominence": 0.2489638403058052
}