{
  "shoulder_hip_ratio": 1.8104570416578691,
  "waist_position": 0.4780772179365158,
  "torso_ratio": 1.3296706393296065,
  "shoulder_prominence": 0.009602515026926994,
  "hip_prominence": 0.008478141855448484
}