{
  "shoulder_hip_ratio": 1.7030273992279752,
  "waist_position": 0.5121885687112808,
  "torso_ratio": 1.2366400024803046,
  "shoulder_prominence": 0.08508893847465515,
  "hip_prominence": 0.014045198913663626
}