{
  "shoulder_hip_ratio": 1.8223777222159392,
  "waist_position": 0.45839138329029083,
  "torso_ratio": 1.1543976392888295,
  "shoulder_prominence": 0.15209189429879189,
  "hip_prominence": 0.12079748883843422
}