{
  "shoulder_hip_ratio": 1.5449473310037822,
  "waist_position": 0.513677179813385,
  "torso_ratio": 1.2112107472425861,
  "shoulder_prominence": 0.09872370585799217,
  "hip_prominence": 0.06339798867702484
}