{
  "shoulder_hip_ratio": 1.769692733367285,
  "waist_position": 0.48123952746391296,
  "torso_ratio": 1.2044943563334438,
  "shoulder_prominence": 0.017215222120285034,
  "hip_prominence": 0.015201438684016466
}