{
  "shoulder_hip_ratio": 1.6605222053825617,
  "waist_position": 0.5044615268707275,
  "torso_ratio": 1.2295067170989804,
  "shoulder_prominence": 0.014415368437767029,
  "hip_prominence": 0.019009046256542206
}