{
  "shoulder_hip_ratio": 1.6781160430591981,
  "waist_position": 0.468877837061882,
  "torso_ratio": 1.1384915668040891,
  "shoulder_prominence": 0.07629781286232173,
  "hip_prominence": 0.06974244862794876
}