{
  "shoulder_hip_ratio": 1.6546714759112953,
  "waist_position": 0.47822029888629913,
  "torso_ratio": 1.2689282137068185,
  "shoulder_prominence": 0.05537638999521732,
  "hip_prominence": 0.028424838557839394
}