{
  "shoulder_hip_ratio": 1.7654197909119633,
  "waist_position": 0.4610918164253235,
  "torso_ratio": 1.1968415812035544,
  "shoulder_prominence": 0.030388412065804005,
  "hip_prominence": 0.0004431814049894456
}