{
  "shoulder_hip_ratio": 1.718694524681547,
  "waist_position": 0.5251693725585938,
  "torso_ratio": 1.1665823731927607,
  "shoulder_prominence": 0.0008141994476318359,
  "hip_prominence": 0.004100666963495314
}