{
  "shoulder_hip_ratio": 1.8336843345873683,
  "waist_position": 0.5283428430557251,
  "torso_ratio": 1.189787150523226,
  "shoulder_prominence": 0.09807117283344269,
  "hip_prominence": 0.04551559127867222
}