{
  "shoulder_hip_ratio": 1.678831027036904,
  "waist_position": 0.49982261657714844,
  "torso_ratio": 1.2794227072459663,
  "shoulder_prominence": 0.043686844408512115,
  "hip_prominence": 0.03698320500552654
}