{
  "shoulder_hip_ratio": 1.9599757470452384,
  "waist_position": 0.5192600190639496,
  "torso_ratio": 1.301539659573621,
  "shoulder_prominence": 0.21451516449451447,
  "hip_prominence": 0.10196687653660774
}