{
  "shoulder_hip_ratio": 1.8524446914105879,
  "waist_position": 0.49532949924468994,
  "torso_ratio": 1.2402083786046907,
  "shoulder_prominence": 0.10741941817104816,
  "hip_prominence": 0.03272148407995701
}