{
  "shoulder_hip_ratio": 1.8611665750332562,
  "waist_position": 0.5074287950992584,
  "torso_ratio": 1.2858819153021042,
  "shoulder_prominence": 0.0027433447539806366,
  "hip_prominence": 0.009239121340215206
}