{
  "shoulder_hip_ratio": 1.6827075021319395,
  "waist_position": 0.5370514690876007,
  "torso_ratio": 1.0756493531554603,
  "shoulder_prominence": 0.027394719421863556,
  "hip_prominence": 0.02917158417403698
}