{
  "shoulder_hip_ratio": 2.014078353772332,
  "waist_position": 0.46265168488025665,
  "torso_ratio": 1.1012116271978494,
  "shoulder_prominence": 0.14461928606033325,
  "hip_prominence": 0.0966014415025711
}