{
  "shoulder_hip_ratio": 1.524992876771711,
  "waist_position": 0.47718749940395355,
  "torso_ratio": 1.5365336872088697,
  "shoulder_prominence": 0.39974990114569664,
  "hip_prominence": 0.21366369724273682
}