{
  "shoulder_hip_ratio": 1.8623244111788626,
  "waist_position": 0.5130382776260376,
  "torso_ratio": 1.4612690037697975,
  "shoulder_prominence": 0.24159173294901848,
  "hip_prominence": 0.11614428088068962
}