{
  "shoulder_hip_ratio": 1.6259123928227672,
  "waist_position": 0.48409566283226013,
  "torso_ratio": 1.221164566093022,
  "shoulder_prominence": 0.005989525467157364,
  "hip_prominence": 0.00595326884649694
}