{
  "shoulder_hip_ratio": 1.7157597403268927,
  "waist_position": 0.4935070425271988,
  "torso_ratio": 1.2406990807140978,
  "shoulder_prominence": 0.05065169557929039,
  "hip_prominence": 0.012923737056553364
}