{
  "shoulder_hip_ratio": 1.7335392221157957,
  "waist_position": 0.48856039345264435,
  "torso_ratio": 1.2222237884896525,
  "shoulder_prominence": 0.030140191316604614,
  "hip_prominence": 0.034248681738972664
}