{
  "shoulder_hip_ratio": 1.5897963982199577,
  "waist_position": 0.4865238666534424,
  "torso_ratio": 1.1781143677550008,
  "shoulder_prominence": 0.016686156392097473,
  "hip_prominence": 0.008511746767908335
}