{
  "shoulder_hip_ratio": 1.84337646023341,
  "waist_position": 0.46545740962028503,
  "torso_ratio": 1.231712947838341,
  "shoulder_prominence": 0.22795061022043228,
  "hip_prominence": 0.11728589609265327
}