{
  "shoulder_hip_ratio": 1.7682820039204568,
  "waist_position": 0.5053187608718872,
  "torso_ratio": 1.2654947378135808,
  "shoulder_prominence": 0.25109580904245377,
  "hip_prominence": 0.14600758999586105
}