{
  "shoulder_hip_ratio": 1.7758373713696554,
  "waist_position": 0.5177701711654663,
  "torso_ratio": 1.2584839933309029,
  "shoulder_prominence": 0.12399597465991974,
  "hip_prominence": 0.10417477041482925
}