{
  "shoulder_hip_ratio": 1.651487899539339,
  "waist_position": 0.5209956467151642,
  "torso_ratio": 1.2591140206024554,
  "shoulder_prominence": 0.06538211926817894,
  "hip_prominence": 0.059872137382626534
}