{
  "shoulder_hip_ratio": 1.8033000923506861,
  "waist_position": 0.496174693107605,
  "torso_ratio": 1.182953241643582,
  "shoulder_prominence": 0.021104284096509218,
  "hip_prominence": 0.01934723649173975
}