{
  "shoulder_hip_ratio": 1.985755847068793,
  "waist_position": 0.4787190109491348,
  "torso_ratio": 2.1218888313949456,
  "shoulder_prominence": 0.38366764038801193,
  "hip_prominence": 0.33762115240097046
}