{
  "shoulder_hip_ratio": 1.7882425728642082,
  "waist_position": 0.49895042181015015,
  "torso_ratio": 1.191628661015824,
  "shoulder_prominence": 0.06350141763687134,
  "hip_prominence": 0.033780740574002266
}