{
  "shoulder_hip_ratio": 1.912317714177062,
  "waist_position": 0.5196179151535034,
  "torso_ratio": 1.2427918098666586,
  "shoulder_prominence": 0.14538168534636497,
  "hip_prominence": 0.1333116590976715
}