{
  "shoulder_hip_ratio": 1.539220936750411,
  "waist_position": 0.4924742579460144,
  "torso_ratio": 1.2446743322577385,
  "shoulder_prominence": 0.04327953327447176,
  "hip_prominence": 0.02794752549380064
}