{
  "shoulder_hip_ratio": 1.9616173831797916,
  "waist_position": 0.47474831342697144,
  "torso_ratio": 1.1354429069860668,
  "shoulder_prominence": 0.20781927648931742,
  "hip_prominence": 0.15064139664173126
}