{
  "shoulder_hip_ratio": 1.6116917819599081,
  "waist_position": 0.4870009422302246,
  "torso_ratio": 1.29130285626216,
  "shoulder_prominence": 0.005984818562865257,
  "hip_prominence": 0.02307169698178768
}