{
  "shoulder_hip_ratio": 1.6949082850513895,
  "waist_position": 0.48990921676158905,
  "torso_ratio": 1.2162441746365489,
  "shoulder_prominence": 0.012536033987998962,
  "hip_prominence": 0.03279780223965645
}