{
  "shoulder_hip_ratio": 2.215474726603618,
  "waist_position": 0.5080619603395462,
  "torso_ratio": 3.5355547543270216,
  "shoulder_prominence": 0.39121737191453576,
  "hip_prominence": 0.22745612263679504
}