{
  "shoulder_hip_ratio": 1.6281003626133996,
  "waist_position": 0.5066086053848267,
  "torso_ratio": 1.353533575515521,
  "shoulder_prominence": 0.31746330484747887,
  "hip_prominence": 0.18566104024648666
}