{
  "shoulder_hip_ratio": 1.4993720699978323,
  "waist_position": 0.5211952328681946,
  "torso_ratio": 1.8879893293104357,
  "shoulder_prominence": 0.5556133389472961,
  "hip_prominence": 0.3098098039627075
}