{
  "shoulder_hip_ratio": 1.6559725108343843,
  "waist_position": 0.5206741988658905,
  "torso_ratio": 1.2359631349977132,
  "shoulder_prominence": 0.005476798862218857,
  "hip_prominence": 0.01908812765032053
}