{
  "shoulder_hip_ratio": 1.7036367478412764,
  "waist_position": 0.466474711894989,
  "torso_ratio": 1.1881179840540466,
  "shoulder_prominence": 0.11589718051254749,
  "hip_prominence": 0.03957722336053848
}