{
  "shoulder_hip_ratio": 1.6059220008084725,
  "waist_position": 0.48424404859542847,
  "torso_ratio": 1.2242008565339273,
  "shoulder_prominence": 0.01821424439549446,
  "hip_prominence": 0.01584542589262128
}