{
  "shoulder_hip_ratio": 1.9598489749995665,
  "waist_position": 0.49284660816192627,
  "torso_ratio": 1.3403492018303065,
  "shoulder_prominence": 0.05069394037127495,
  "hip_prominence": 0.0007350981468334794
}