{
  "shoulder_hip_ratio": 1.595201714753469,
  "waist_position": 0.52891406416893,
  "torso_ratio": 1.23648207021343,
  "shoulder_prominence": 0.09940575808286667,
  "hip_prominence": 0.08011003211140633
}