{
  "shoulder_hip_ratio": 1.6068724836997426,
  "waist_position": 0.5189729332923889,
  "torso_ratio": 1.4292814395977491,
  "shoulder_prominence": 0.0007051080465316772,
  "hip_prominence": 0.04859709553420544
}