{
  "shoulder_hip_ratio": 1.6591372612670814,
  "waist_position": 0.4393163472414017,
  "torso_ratio": 1.2167379887959395,
  "shoulder_prominence": 0.03287595883011818,
  "hip_prominence": 0.0454352293163538
}