{
  "shoulder_hip_ratio": 1.7795800307300145,
  "waist_position": 0.5009530782699585,
  "torso_ratio": 1.2526206013284344,
  "shoulder_prominence": 0.012400537729263306,
  "hip_prominence": 0.027583095245063305
}