{
  "shoulder_hip_ratio": 1.5861896909810171,
  "waist_position": 0.5141679048538208,
  "torso_ratio": 1.215613473442476,
  "shoulder_prominence": 0.014116071164608002,
  "hip_prominence": 0.009736660402268171
}