{
  "shoulder_hip_ratio": 1.7172580168577691,
  "waist_position": 0.4704078882932663,
  "torso_ratio": 1.2898663346049388,
  "shoulder_prominence": 0.08930651564151049,
  "hip_prominence": 0.0772162638604641
}