{
  "shoulder_hip_ratio": 1.6877440147794145,
  "waist_position": 0.5053640604019165,
  "torso_ratio": 1.2640370947428328,
  "shoulder_prominence": 0.009087562561035156,
  "hip_prominence": 0.02075811382383108
}