{
  "shoulder_hip_ratio": 1.7031594930014755,
  "waist_position": 0.4869047701358795,
  "torso_ratio": 1.175320840204578,
  "shoulder_prominence": 0.16158281825482845,
  "hip_prominence": 0.06851554661989212
}