{
  "shoulder_hip_ratio": 1.7250331224028617,
  "waist_position": 0.47422441840171814,
  "torso_ratio": 1.170714109138288,
  "shoulder_prominence": 0.0004741251468658447,
  "hip_prominence": 0.007139627356082201
}