{
  "shoulder_hip_ratio": 1.5069532984049459,
  "waist_position": 0.49537602066993713,
  "torso_ratio": 1.2470375025350655,
  "shoulder_prominence": 0.05674342066049576,
  "hip_prominence": 0.03600820526480675
}