{
  "shoulder_hip_ratio": 1.7857452829861016,
  "waist_position": 0.48045916855335236,
  "torso_ratio": 1.1411263456008978,
  "shoulder_prominence": 0.1394345760345459,
  "hip_prominence": 0.03744514472782612
}