{
  "shoulder_hip_ratio": 1.7628657771677607,
  "waist_position": 0.5144949555397034,
  "torso_ratio": 1.1384104195072056,
  "shoulder_prominence": 0.11233019456267357,
  "hip_prominence": 0.053303150460124016
}