{
  "shoulder_hip_ratio": 1.6635997986164996,
  "waist_position": 0.5330040752887726,
  "torso_ratio": 1.2339695411812406,
  "shoulder_prominence": 0.11798667721450329,
  "hip_prominence": 0.07020094618201256
}