{
  "shoulder_hip_ratio": 1.6010886370553457,
  "waist_position": 0.507491409778595,
  "torso_ratio": 1.5618678957600702,
  "shoulder_prominence": 0.3816721439361572,
  "hip_prominence": 0.2237977460026741
}