{
  "shoulder_hip_ratio": 1.5870403240109767,
  "waist_position": 0.5314371883869171,
  "torso_ratio": 1.2105391954616338,
  "shoulder_prominence": 0.006899608299136162,
  "hip_prominence": 0.02522186655551195
}