{
  "shoulder_hip_ratio": 1.570754423727993,
  "waist_position": 0.48743459582328796,
  "torso_ratio": 1.1754999520962879,
  "shoulder_prominence": 0.0948236882686615,
  "hip_prominence": 0.0389157198369503
}