{
  "shoulder_hip_ratio": 9.999704993805533,
  "waist_position": 0.5141203105449677,
  "torso_ratio": 4.9358561551417575,
  "shoulder_prominence": 0.4805126190185547,
  "hip_prominence": 0.30810263752937317
}