{
  "shoulder_hip_ratio": 1.8208576527695544,
  "waist_position": 0.47021615505218506,
  "torso_ratio": 1.5352365050684433,
  "shoulder_prominence": 0.41869906336069107,
  "hip_prominence": 0.2552002966403961
}