{
  "shoulder_hip_ratio": 1.6520914342544617,
  "waist_position": 0.507491409778595,
  "torso_ratio": 1.0852823888077627,
  "shoulder_prominence": 0.1023019552230835,
  "hip_prominence": 0.039106061682105064
}