{
  "shoulder_hip_ratio": 1.6963322550188258,
  "waist_position": 0.4312835782766342,
  "torso_ratio": 1.235002943159903,
  "shoulder_prominence": 0.06865964829921722,
  "hip_prominence": 0.06882740929722786
}