{
  "shoulder_hip_ratio": 1.8069020682583619,
  "waist_position": 0.5191030204296112,
  "torso_ratio": 1.272910686664426,
  "shoulder_prominence": 0.10870696790516376,
  "hip_prominence": 0.10616325587034225
}