{
  "shoulder_hip_ratio": 1.7134957212409192,
  "waist_position": 0.5126746594905853,
  "torso_ratio": 1.1282184506485953,
  "shoulder_prominence": 0.050534576177597046,
  "hip_prominence": 0.05796791613101959
}