{
  "shoulder_hip_ratio": 1.998643610162243,
  "waist_position": 0.5121100544929504,
  "torso_ratio": 1.3126456818560328,
  "shoulder_prominence": 0.2377273291349411,
  "hip_prominence": 0.12319939583539963
}