{
  "shoulder_hip_ratio": 1.5906850792672549,
  "waist_position": 0.4975329786539078,
  "torso_ratio": 1.2418017301332984,
  "shoulder_prominence": 0.016810621542390436,
  "hip_prominence": 0.028987836092710495
}