{
  "shoulder_hip_ratio": 1.7263048836380603,
  "waist_position": 0.5772072076797485,
  "torso_ratio": 1.2094306666199526,
  "shoulder_prominence": 0.058926284313201904,
  "hip_prominence": 0.025191865861415863
}