{
  "shoulder_hip_ratio": 1.8078314663615682,
  "waist_position": 0.4509080797433853,
  "torso_ratio": 1.2079141912691502,
  "shoulder_prominence": 0.05934803932905197,
  "hip_prominence": 0.062037643045186996
}