{
  "shoulder_hip_ratio": 1.7599985812588075,
  "waist_position": 0.4731556326150894,
  "torso_ratio": 1.29236552496565,
  "shoulder_prominence": 0.0414732713252306,
  "hip_prominence": 0.03619743324816227
}