{
  "shoulder_hip_ratio": 1.8317902787939648,
  "waist_position": 0.49332310259342194,
  "torso_ratio": 1.2167205342399317,
  "shoulder_prominence": 0.009827796369791031,
  "hip_prominence": 0.004331528674811125
}