{
  "shoulder_hip_ratio": 1.6483962790740954,
  "waist_position": 0.4894970655441284,
  "torso_ratio": 1.1675224978769014,
  "shoulder_prominence": 0.1252579391002655,
  "hip_prominence": 0.04666957072913647
}