{
  "shoulder_hip_ratio": 1.7390707358422313,
  "waist_position": 0.4897562861442566,
  "torso_ratio": 1.2116230300314905,
  "shoulder_prominence": 0.07183299958705902,
  "hip_prominence": 0.029890689067542553
}