{
  "shoulder_hip_ratio": 1.7659168686856825,
  "waist_position": 0.4940965324640274,
  "torso_ratio": 1.2370782276029666,
  "shoulder_prominence": 0.015101268887519836,
  "hip_prominence": 0.03259001672267914
}