{
  "shoulder_hip_ratio": 1.663182170054853,
  "waist_position": 0.4911649376153946,
  "torso_ratio": 1.1923180405421794,
  "shoulder_prominence": 0.01470600813627243,
  "hip_prominence": 0.028612148948013783
}