{
  "shoulder_hip_ratio": 1.6629604868253256,
  "waist_position": 0.5593966245651245,
  "torso_ratio": 1.2738805652972311,
  "shoulder_prominence": 0.025813132524490356,
  "hip_prominence": 0.005421377718448639
}