{
  "shoulder_hip_ratio": 1.7096886588314182,
  "waist_position": 0.5003568083047867,
  "torso_ratio": 1.0799744222750984,
  "shoulder_prominence": 0.08667890727519989,
  "hip_prominence": 0.06104409508407116
}