{
  "shoulder_hip_ratio": 1.5513503770024906,
  "waist_position": 0.512833297252655,
  "torso_ratio": 1.299587849732044,
  "shoulder_prominence": 0.004447817802429199,
  "hip_prominence": 0.022281591780483723
}