{
  "shoulder_hip_ratio": 1.942643737858458,
  "waist_position": 0.5436750054359436,
  "torso_ratio": 1.1133865215267822,
  "shoulder_prominence": 0.05281385779380798,
  "hip_prominence": 0.013746926095336676
}