{
  "shoulder_hip_ratio": 1.733979449554374,
  "waist_position": 0.5023078620433807,
  "torso_ratio": 1.2669228551368024,
  "shoulder_prominence": 0.01292479783296585,
  "hip_prominence": 0.021956419572234154
}