{
  "shoulder_hip_ratio": 1.8354551132664614,
  "waist_position": 0.52841916680336,
  "torso_ratio": 1.263753072428826,
  "shoulder_prominence": 0.1584959253668785,
  "hip_prominence": 0.1418478786945343
}