{
  "shoulder_hip_ratio": 1.7424137547172251,
  "waist_position": 0.4935886859893799,
  "torso_ratio": 1.0915939106665542,
  "shoulder_prominence": 0.022649228805676103,
  "hip_prominence": 0.002017759601585567
}