{
  "shoulder_hip_ratio": 1.7046482144898385,
  "waist_position": 0.4978535622358322,
  "torso_ratio": 1.2064031682888714,
  "shoulder_prominence": 0.10499094054102898,
  "hip_prominence": 0.06938150525093079
}